ISO-10303-21;
HEADER;
FILE_DESCRIPTION(('FreeCAD Model'),'2;1');
FILE_NAME('Open CASCADE Shape Model','2026-10-07T10:25:01',('FreeCAD'),(
    'FreeCAD'),'Open CASCADE STEP processor 7.8','FreeCAD','Unknown');
FILE_SCHEMA(('AUTOMOTIVE_DESIGN { 1 0 10303 214 1 1 1 1 }'));
ENDSEC;
DATA;
#1 = APPLICATION_PROTOCOL_DEFINITION('international standard',
  'automotive_design',2000,#2);
#2 = APPLICATION_CONTEXT(
  'core data for automotive mechanical design processes');
#3 = SHAPE_DEFINITION_REPRESENTATION(#4,#10);
#4 = PRODUCT_DEFINITION_SHAPE('','',#5);
#5 = PRODUCT_DEFINITION('design','',#6,#9);
#6 = PRODUCT_DEFINITION_FORMATION('','',#7);
#7 = PRODUCT('Open CASCADE STEP translator 7.8 1',
  'Open CASCADE STEP translator 7.8 1','',(#8));
#8 = PRODUCT_CONTEXT('',#2,'mechanical');
#9 = PRODUCT_DEFINITION_CONTEXT('part definition',#2,'design');
#10 = SHAPE_REPRESENTATION('',(#11,#15,#3577),#6180);
#11 = AXIS2_PLACEMENT_3D('',#12,#13,#14);
#12 = CARTESIAN_POINT('',(0.,0.,0.));
#13 = DIRECTION('',(0.,0.,1.));
#14 = DIRECTION('',(1.,0.,-0.));
#15 = MANIFOLD_SOLID_BREP('',#16);
#16 = CLOSED_SHELL('',(#17,#1490,#1529,#1571,#1859,#1894,#1914,#2195,
    #2226,#2250,#2290,#2314,#2354,#2378,#2402,#2426,#2450,#2474,#2498,
    #2544,#2571,#2587,#2610,#2626,#2702,#2770,#2798,#2823,#2843,#2861,
    #2879,#2897,#2956,#2984,#3009,#3029,#3047,#3065,#3083,#3142,#3170,
    #3195,#3215,#3233,#3251,#3263,#3291,#3316,#3336,#3348,#3360,#3372,
    #3384,#3401,#3418,#3458,#3470,#3494,#3511,#3539,#3548,#3565));
#17 = ADVANCED_FACE('',(#18,#967),#1165,.F.);
#18 = FACE_BOUND('',#19,.F.);
#19 = EDGE_LOOP('',(#20,#187,#194,#334,#365,#505,#512,#677,#678,#811,
    #842,#966));
#20 = ORIENTED_EDGE('',*,*,#21,.T.);
#21 = EDGE_CURVE('',#22,#22,#24,.T.);
#22 = VERTEX_POINT('',#23);
#23 = CARTESIAN_POINT('',(212.0177656,0.,0.2665264));
#24 = B_SPLINE_CURVE_WITH_KNOTS('',3,(#25,#26,#27,#28,#29,#30,#31,#32,
    #33,#34,#35,#36,#37,#38,#39,#40,#41,#42,#43,#44,#45,#46,#47,#48,#49,
    #50,#51,#52,#53,#54,#55,#56,#57,#58,#59,#60,#61,#62,#63,#64,#65,#66,
    #67,#68,#69,#70,#71,#72,#73,#74,#75,#76,#77,#78,#79,#80,#81,#82,#83,
    #84,#85,#86,#87,#88,#89,#90,#91,#92,#93,#94,#95,#96,#97,#98,#99,#100
    ,#101,#102,#103,#104,#105,#106,#107,#108,#109,#110,#111,#112,#113,
    #114,#115,#116,#117,#118,#119,#120,#121,#122,#123,#124,#125,#126,
    #127,#128,#129,#130,#131,#132,#133,#134,#135,#136,#137,#138,#139,
    #140,#141,#142,#143,#144,#145,#146,#147,#148,#149,#150,#151,#152,
    #153,#154,#155,#156,#157,#158,#159,#160,#161,#162,#163,#164,#165,
    #166,#167,#168,#169,#170,#171,#172,#173,#174,#175,#176,#177,#178,
    #179,#180,#181,#182,#183,#184,#185,#186),.UNSPECIFIED.,.T.,.F.,(4,1,
    1,1,1,1,1,1,1,1,1,1,1,1,1,1,1,1,1,1,1,1,1,1,1,1,1,1,1,1,1,1,1,1,1,1,
    1,1,1,1,1,1,1,1,1,1,1,1,1,1,1,1,1,1,1,1,1,1,1,1,1,1,1,1,1,1,1,1,1,1,
    1,1,1,1,1,1,1,1,1,1,1,1,1,1,1,1,1,1,1,1,1,1,1,1,1,1,1,1,1,1,1,1,1,1,
    1,1,1,1,1,1,1,1,1,1,1,1,1,1,1,1,1,1,1,1,1,1,1,1,1,1,1,1,1,1,1,1,1,1,
    1,1,1,1,1,1,1,1,1,1,1,1,1,1,1,1,1,1,1,1,1,4),(0.,8.482749724189E-02,
    0.339143082503,0.762546419043,1.354374507621,2.113656195341,
    3.039146235983,4.12937953038,5.382559821407,6.796713838166,
    8.369521732613,10.098492338873,11.980826724527,14.013514093232,
    16.193295459209,18.516697217166,20.979993804114,23.579266797642,
    26.310350342105,29.168903900949,32.150396417577,35.250077580163,
    38.463023986103,41.784149552005,45.208143098465,48.729600795261,
    52.34292131953,56.042401643089,59.82214769812,63.676143592166,
    67.598324114033,71.582433101715,75.622133992308,79.711047470659,
    83.842636716135,88.010390628888,92.207654622475,96.427765208354,
    100.66402590032,104.90972810434,109.15813916464,113.402518059,
    117.63616288696,121.85236445827,126.0445056285,130.22053694062,
    134.37823467622,138.49238441594,142.55655844644,146.56449007601,
    150.50992137387,154.38680988706,158.18918091631,161.91126488352,
    165.54741704142,169.09219361967,172.54030664683,175.88666238469,
    179.12641106955,182.25491804396,185.26773759402,188.16075089851,
    190.93005963143,193.5720538173,196.08350238049,198.46144099781,
    200.70334070712,202.80716892436,204.77129705347,206.59483433892,
    208.27758621654,209.82031756165,211.22505576705,212.49550705552,
    213.63767835823,214.66082717357,215.57869134701,216.41108699479,
    217.18502972965,217.93430174803,218.68356974511,219.45729241875,
    220.28877285102,221.20442744267,222.2233762053,223.35879222995,
    224.61935498268,226.01062042168,227.53580748261,229.19658774864,
    230.99337067938,232.92565971633,234.99232777291,237.19155897737,
    239.52114918997,241.9784943872,244.5606053204,247.26424120187,
    250.08587366833,253.02174873379,256.06787840147,259.22007435001,
    262.47393302537,265.82493020074,269.26831922792,272.79917962665,
    276.4125066712,280.10308816875,283.86557348218,287.69449821388,
    291.58431071202,295.52924607514,299.52352687708,303.56118934683,
    307.65495271564,311.79428390183,315.95823380773,320.14035257436,
    324.3341403748,328.53306550655,332.73057362095,336.92003920832,
    341.09489950802,345.24857240086,349.37449610058,353.46611126816,
    357.51696885324,361.52060111886,365.47066881029,369.36086104034,
    373.18495369655,376.93683348495,380.61049397296,384.20006234393,
    387.69973051465,391.10388068944,394.40702892028,397.60381675597,
    400.68905493271,403.65774879007,406.50507289078,409.22636957165,
    411.81717294685,414.27322861941,416.59053742525,418.76524529002,
    420.7937548055,422.67272229946,424.3990125341,425.96975141629,
    427.38229141916,428.63432928332,429.7236885655,430.64859451942,
    431.40749140741,431.99905300507,432.42231710009,432.67657979745,
    432.76136978251,433.295605455),.UNSPECIFIED.);
#25 = CARTESIAN_POINT('',(212.0177656,0.,0.2665264));
#26 = CARTESIAN_POINT('',(211.99008593315,0.,0.272302103624));
#27 = CARTESIAN_POINT('',(211.87941985879,0.,0.295384590259));
#28 = CARTESIAN_POINT('',(211.6305759872,0.,0.347204384623));
#29 = CARTESIAN_POINT('',(211.21624851244,0.,0.433320857661));
#30 = CARTESIAN_POINT('',(210.63704302742,0.,0.553314615099));
#31 = CARTESIAN_POINT('',(209.89381558309,0.,0.706584561398));
#32 = CARTESIAN_POINT('',(208.98767742365,0.,0.892439749811));
#33 = CARTESIAN_POINT('',(207.91997161314,0.,1.109944964625));
#34 = CARTESIAN_POINT('',(206.69229005635,0.,1.358162663213));
#35 = CARTESIAN_POINT('',(205.30645819214,0.,1.635862704875));
#36 = CARTESIAN_POINT('',(203.76454875522,0.,1.941855716062));
#37 = CARTESIAN_POINT('',(202.06886868072,0.,2.274703844558));
#38 = CARTESIAN_POINT('',(200.22195112602,0.,2.632904166695));
#39 = CARTESIAN_POINT('',(198.22659054008,0.,3.014934782844));
#40 = CARTESIAN_POINT('',(196.08578242158,0.,3.419103238944));
#41 = CARTESIAN_POINT('',(193.80276119013,0.,3.843667390304));
#42 = CARTESIAN_POINT('',(191.38098742326,0.,4.286867426945));
#43 = CARTESIAN_POINT('',(188.82414218068,0.,4.746831265646));
#44 = CARTESIAN_POINT('',(186.13613121427,0.,5.221740806807));
#45 = CARTESIAN_POINT('',(183.32104013271,0.,5.709581069895));
#46 = CARTESIAN_POINT('',(180.38319512529,0.,6.208539613096));
#47 = CARTESIAN_POINT('',(177.32708589727,0.,6.716564195103));
#48 = CARTESIAN_POINT('',(174.1574219892,0.,7.23174367135));
#49 = CARTESIAN_POINT('',(170.87909798408,0.,7.752092323358));
#50 = CARTESIAN_POINT('',(167.4971798272,0.,8.27562690641));
#51 = CARTESIAN_POINT('',(164.01691567776,0.,8.800360019805));
#52 = CARTESIAN_POINT('',(160.44370635164,0.,9.324382077469));
#53 = CARTESIAN_POINT('',(156.78310735452,0.,9.84564774887));
#54 = CARTESIAN_POINT('',(153.04084797127,0.,10.362279888642));
#55 = CARTESIAN_POINT('',(149.22277356103,0.,10.872291196548));
#56 = CARTESIAN_POINT('',(145.33486423998,0.,11.373703811716));
#57 = CARTESIAN_POINT('',(141.38323842763,0.,11.864692589551));
#58 = CARTESIAN_POINT('',(137.37410931817,0.,12.343253548155));
#59 = CARTESIAN_POINT('',(133.31381689751,0.,12.807544878021));
#60 = CARTESIAN_POINT('',(129.20875960707,0.,13.255605885432));
#61 = CARTESIAN_POINT('',(125.06546923172,0.,13.685723437335));
#62 = CARTESIAN_POINT('',(120.89050327242,0.,14.095878235744));
#63 = CARTESIAN_POINT('',(116.69053802159,0.,14.484451859829));
#64 = CARTESIAN_POINT('',(112.47225568554,0.,14.849519748266));
#65 = CARTESIAN_POINT('',(108.24240912167,0.,15.189475484375));
#66 = CARTESIAN_POINT('',(104.00776920945,0.,15.502507127203));
#67 = CARTESIAN_POINT('',(99.775154175729,0.,15.787184786926));
#68 = CARTESIAN_POINT('',(95.55137689671,0.,16.041777471648));
#69 = CARTESIAN_POINT('',(91.343256224385,0.,16.264983812137));
#70 = CARTESIAN_POINT('',(87.152750915559,0.,16.455340032026));
#71 = CARTESIAN_POINT('',(82.980364394972,0.,16.612722137351));
#72 = CARTESIAN_POINT('',(78.832435000747,0.,16.72261128806));
#73 = CARTESIAN_POINT('',(74.720828896624,0.,16.785891575161));
#74 = CARTESIAN_POINT('',(70.658678617017,0.,16.801289844179));
#75 = CARTESIAN_POINT('',(66.652867095895,0.,16.768785765337));
#76 = CARTESIAN_POINT('',(62.710171033445,0.,16.688174716628));
#77 = CARTESIAN_POINT('',(58.837293389307,0.,16.559796809291));
#78 = CARTESIAN_POINT('',(55.040804448046,0.,16.38391088405));
#79 = CARTESIAN_POINT('',(51.327149377028,0.,16.161306373965));
#80 = CARTESIAN_POINT('',(47.702620876028,0.,15.892777577768));
#81 = CARTESIAN_POINT('',(44.17335741683,0.,15.579452278457));
#82 = CARTESIAN_POINT('',(40.745323337648,0.,15.222653704243));
#83 = CARTESIAN_POINT('',(37.424283659786,0.,14.823978744339));
#84 = CARTESIAN_POINT('',(34.215799841885,0.,14.385131535375));
#85 = CARTESIAN_POINT('',(31.125222088969,0.,13.90802882037));
#86 = CARTESIAN_POINT('',(28.157640155222,0.,13.394893607198));
#87 = CARTESIAN_POINT('',(25.317946859967,0.,12.847879882149));
#88 = CARTESIAN_POINT('',(22.610747809339,0.,12.269443904743));
#89 = CARTESIAN_POINT('',(20.04038814812,0.,11.662115297151));
#90 = CARTESIAN_POINT('',(17.610961245571,0.,11.028470760763));
#91 = CARTESIAN_POINT('',(15.326267427624,0.,10.371174624716));
#92 = CARTESIAN_POINT('',(13.189830632491,0.,9.692883037228));
#93 = CARTESIAN_POINT('',(11.204846241729,0.,8.996373568734));
#94 = CARTESIAN_POINT('',(9.374260257665,0.,8.28418810351));
#95 = CARTESIAN_POINT('',(7.700638857153,0.,7.559033632862));
#96 = CARTESIAN_POINT('',(6.186302064856,0.,6.823274048203));
#97 = CARTESIAN_POINT('',(4.833157532351,0.,6.079321468068));
#98 = CARTESIAN_POINT('',(3.642818723955,0.,5.329234375455));
#99 = CARTESIAN_POINT('',(2.616487083086,0.,4.574838482398));
#100 = CARTESIAN_POINT('',(1.755096993074,0.,3.81741145287));
#101 = CARTESIAN_POINT('',(1.059347600657,0.,3.057658294956));
#102 = CARTESIAN_POINT('',(0.53025116913,0.,2.295376788068));
#103 = CARTESIAN_POINT('',(0.169907071757,0.,1.529837470464));
#104 = CARTESIAN_POINT('',(-1.769952062688E-02,0.,0.761137156929));
#105 = CARTESIAN_POINT('',(-2.844684401773E-02,0.,-2.849297385688E-03));
#106 = CARTESIAN_POINT('',(0.133343870461,0.,-0.749471902505));
#107 = CARTESIAN_POINT('',(0.468399786616,0.,-1.465770814918));
#108 = CARTESIAN_POINT('',(0.970342793332,0.,-2.145379554368));
#109 = CARTESIAN_POINT('',(1.634584437256,0.,-2.789628537905));
#110 = CARTESIAN_POINT('',(2.458615360249,0.,-3.400379552789));
#111 = CARTESIAN_POINT('',(3.440895325036,0.,-3.978897828686));
#112 = CARTESIAN_POINT('',(4.580052294182,0.,-4.525761487858));
#113 = CARTESIAN_POINT('',(5.874459989348,0.,-5.041112766184));
#114 = CARTESIAN_POINT('',(7.322192416913,0.,-5.524849200445));
#115 = CARTESIAN_POINT('',(8.92097628504,0.,-5.976766178323));
#116 = CARTESIAN_POINT('',(10.668238083266,0.,-6.396694490645));
#117 = CARTESIAN_POINT('',(12.56117077871,0.,-6.784397148433));
#118 = CARTESIAN_POINT('',(14.596690977123,0.,-7.139811983167));
#119 = CARTESIAN_POINT('',(16.771534799273,0.,-7.462841754424));
#120 = CARTESIAN_POINT('',(19.082204816239,0.,-7.753600124715));
#121 = CARTESIAN_POINT('',(21.525045202786,0.,-8.012194867842));
#122 = CARTESIAN_POINT('',(24.096213043038,0.,-8.23895454289));
#123 = CARTESIAN_POINT('',(26.791704157711,0.,-8.434269810671));
#124 = CARTESIAN_POINT('',(29.607372211178,0.,-8.598674810883));
#125 = CARTESIAN_POINT('',(32.538917764183,0.,-8.732866625312));
#126 = CARTESIAN_POINT('',(35.581906492846,0.,-8.837638923493));
#127 = CARTESIAN_POINT('',(38.731757647229,0.,-8.914016506012));
#128 = CARTESIAN_POINT('',(41.983779832925,0.,-8.963021681909));
#129 = CARTESIAN_POINT('',(45.333149921829,0.,-8.985977411999));
#130 = CARTESIAN_POINT('',(48.774926086129,0.,-8.984149242631));
#131 = CARTESIAN_POINT('',(52.304052003465,0.,-8.959123273899));
#132 = CARTESIAN_POINT('',(55.915357563684,0.,-8.9124066302));
#133 = CARTESIAN_POINT('',(59.603567547388,0.,-8.845758999114));
#134 = CARTESIAN_POINT('',(63.363284841858,0.,-8.760902227896));
#135 = CARTESIAN_POINT('',(67.189029153121,0.,-8.659709185614));
#136 = CARTESIAN_POINT('',(71.075203734999,0.,-8.543998560151));
#137 = CARTESIAN_POINT('',(75.016132374867,0.,-8.41579243773));
#138 = CARTESIAN_POINT('',(79.006014198423,0.,-8.276972498967));
#139 = CARTESIAN_POINT('',(83.045204505604,0.,-8.128928030791));
#140 = CARTESIAN_POINT('',(87.132565900051,0.,-7.975050072376));
#141 = CARTESIAN_POINT('',(91.26138333376,0.,-7.804022331613));
#142 = CARTESIAN_POINT('',(95.419053177213,0.,-7.618527655992));
#143 = CARTESIAN_POINT('',(99.594301274675,0.,-7.420163661217));
#144 = CARTESIAN_POINT('',(103.78066728852,0.,-7.210467914956));
#145 = CARTESIAN_POINT('',(107.9716701024,0.,-6.991032761317));
#146 = CARTESIAN_POINT('',(112.16078224052,0.,-6.763218888844));
#147 = CARTESIAN_POINT('',(116.34147840751,0.,-6.52850171216));
#148 = CARTESIAN_POINT('',(120.50722319189,0.,-6.288239494673));
#149 = CARTESIAN_POINT('',(124.65149905398,0.,-6.043659576199));
#150 = CARTESIAN_POINT('',(128.76779260133,0.,-5.79598488572));
#151 = CARTESIAN_POINT('',(132.84963144405,0.,-5.546336589529));
#152 = CARTESIAN_POINT('',(136.89057001702,0.,-5.295729066073));
#153 = CARTESIAN_POINT('',(140.88423268704,0.,-5.04509658852));
#154 = CARTESIAN_POINT('',(144.8242920618,0.,-4.795388589432));
#155 = CARTESIAN_POINT('',(148.70448999196,0.,-4.547349891361));
#156 = CARTESIAN_POINT('',(152.51864584862,0.,-4.301749321434));
#157 = CARTESIAN_POINT('',(156.26067188617,0.,-4.059212330141));
#158 = CARTESIAN_POINT('',(159.92460088696,0.,-3.820409336906));
#159 = CARTESIAN_POINT('',(163.50455715073,0.,-3.58584703368));
#160 = CARTESIAN_POINT('',(166.99479399138,0.,-3.356018754488));
#161 = CARTESIAN_POINT('',(170.3896986482,0.,-3.131476981389));
#162 = CARTESIAN_POINT('',(173.68379586648,0.,-2.912580987841));
#163 = CARTESIAN_POINT('',(176.87175840954,0.,-2.699763546952));
#164 = CARTESIAN_POINT('',(179.94842316518,0.,-2.49346642355));
#165 = CARTESIAN_POINT('',(182.90879851984,0.,-2.29403294586));
#166 = CARTESIAN_POINT('',(185.74807121611,0.,-2.101818114829));
#167 = CARTESIAN_POINT('',(188.46160743726,0.,-1.917217739476));
#168 = CARTESIAN_POINT('',(191.04496086009,0.,-1.74057885772));
#169 = CARTESIAN_POINT('',(193.49390703048,0.,-1.57227542642));
#170 = CARTESIAN_POINT('',(195.80442196064,0.,-1.412623596867));
#171 = CARTESIAN_POINT('',(197.97270739286,0.,-1.262029326165));
#172 = CARTESIAN_POINT('',(199.99517903635,0.,-1.120823498965));
#173 = CARTESIAN_POINT('',(201.86849121215,0.,-0.989317347286));
#174 = CARTESIAN_POINT('',(203.58955029204,0.,-0.867958207969));
#175 = CARTESIAN_POINT('',(205.15547523064,0.,-0.756939777858));
#176 = CARTESIAN_POINT('',(206.56368669361,0.,-0.656688290925));
#177 = CARTESIAN_POINT('',(207.81180256481,0.,-0.567442476684));
#178 = CARTESIAN_POINT('',(208.89780733855,0.,-0.489507806459));
#179 = CARTESIAN_POINT('',(209.81971522227,0.,-0.423050023367));
#180 = CARTESIAN_POINT('',(210.57646011157,0.,-0.368661154783));
#181 = CARTESIAN_POINT('',(211.16548467308,0.,-0.325292983497));
#182 = CARTESIAN_POINT('',(211.5889306559,0.,-0.296221049837));
#183 = CARTESIAN_POINT('',(211.83969218993,0.,-0.275147446964));
#184 = CARTESIAN_POINT('',(212.13716124272,0.,-0.261136414139));
#185 = CARTESIAN_POINT('',(212.25038935122,0.,-0.154149628907));
#186 = CARTESIAN_POINT('',(212.0177656,0.,0.2665264));
#187 = ORIENTED_EDGE('',*,*,#188,.T.);
#188 = EDGE_CURVE('',#22,#189,#191,.T.);
#189 = VERTEX_POINT('',#190);
#190 = CARTESIAN_POINT('',(205.80602849572,139.4,5.11595484955));
#191 = B_SPLINE_CURVE_WITH_KNOTS('',1,(#192,#193),.UNSPECIFIED.,.F.,.F.,
  (2,2),(0.,1.),.PIECEWISE_BEZIER_KNOTS.);
#192 = CARTESIAN_POINT('',(212.0177656,0.,0.2665264));
#193 = CARTESIAN_POINT('',(180.82539850533,700.,24.618032244223));
#194 = ORIENTED_EDGE('',*,*,#195,.T.);
#195 = EDGE_CURVE('',#189,#196,#198,.T.);
#196 = VERTEX_POINT('',#197);
#197 = CARTESIAN_POINT('',(155.86276682106,139.4,1.217274639962));
#198 = B_SPLINE_CURVE_WITH_KNOTS('',8,(#199,#200,#201,#202,#203,#204,
    #205,#206,#207,#208,#209,#210,#211,#212,#213,#214,#215,#216,#217,
    #218,#219,#220,#221,#222,#223,#224,#225,#226,#227,#228,#229,#230,
    #231,#232,#233,#234,#235,#236,#237,#238,#239,#240,#241,#242,#243,
    #244,#245,#246,#247,#248,#249,#250,#251,#252,#253,#254,#255,#256,
    #257,#258,#259,#260,#261,#262,#263,#264,#265,#266,#267,#268,#269,
    #270,#271,#272,#273,#274,#275,#276,#277,#278,#279,#280,#281,#282,
    #283,#284,#285,#286,#287,#288,#289,#290,#291,#292,#293,#294,#295,
    #296,#297,#298,#299,#300,#301,#302,#303,#304,#305,#306,#307,#308,
    #309,#310,#311,#312,#313,#314,#315,#316,#317,#318,#319,#320,#321,
    #322,#323,#324,#325,#326,#327,#328,#329,#330,#331,#332,#333),
  .UNSPECIFIED.,.F.,.F.,(9,7,7,7,7,7,7,7,7,7,7,7,7,7,7,7,7,7,7,9),(0.,
    5.321865925901E-03,2.626595980275E-02,6.534663429021E-02,
    0.104427281272,0.136402355838,0.196799719026,0.239433151959,
    0.306936087474,0.377991809064,0.459705888933,0.520103252398,
    0.56628947158,0.637345193662,0.708400916238,0.779456639759,
    0.832748433317,0.875381869018,0.939332023421,1.),.UNSPECIFIED.);
#199 = CARTESIAN_POINT('',(205.80602849572,139.4,5.11595484955));
#200 = CARTESIAN_POINT('',(205.83852926946,139.4,5.057180556892));
#201 = CARTESIAN_POINT('',(205.87233335204,139.4,4.993418823976));
#202 = CARTESIAN_POINT('',(205.90344694264,139.4,4.927202647486));
#203 = CARTESIAN_POINT('',(205.92812182052,139.4,4.861320647619));
#204 = CARTESIAN_POINT('',(205.94285534504,139.4,4.798817068085));
#205 = CARTESIAN_POINT('',(205.94439045561,139.4,4.742991776107));
#206 = CARTESIAN_POINT('',(205.92971567177,139.4,4.697400262423));
#207 = CARTESIAN_POINT('',(205.76363393309,139.4,4.541702562731));
#208 = CARTESIAN_POINT('',(205.35779551072,139.4,4.685120359781));
#209 = CARTESIAN_POINT('',(205.14844265759,139.4,4.528458618171));
#210 = CARTESIAN_POINT('',(204.89036785114,139.4,4.524678776215));
#211 = CARTESIAN_POINT('',(204.59377977759,139.4,4.589749323002));
#212 = CARTESIAN_POINT('',(204.38680553413,139.4,4.497055992719));
#213 = CARTESIAN_POINT('',(204.1572516267,139.4,4.502816387271));
#214 = CARTESIAN_POINT('',(203.30791325171,139.4,4.441697300875));
#215 = CARTESIAN_POINT('',(202.75505808055,139.4,4.401784818639));
#216 = CARTESIAN_POINT('',(202.20210195183,139.4,4.362081995454));
#217 = CARTESIAN_POINT('',(201.64910792633,139.4,4.322516557866));
#218 = CARTESIAN_POINT('',(201.0961559763,139.4,4.282982483687));
#219 = CARTESIAN_POINT('',(200.54322626437,139.4,4.243498712143));
#220 = CARTESIAN_POINT('',(199.99024130491,139.4,4.204159056667));
#221 = CARTESIAN_POINT('',(198.88429309965,139.4,4.125587611621));
#222 = CARTESIAN_POINT('',(198.33131415678,139.4,4.086377980953));
#223 = CARTESIAN_POINT('',(197.77833061556,139.4,4.047236923694));
#224 = CARTESIAN_POINT('',(197.22533823289,139.4,4.008213541952));
#225 = CARTESIAN_POINT('',(196.67234026836,139.4,3.969267747703));
#226 = CARTESIAN_POINT('',(196.11934018417,139.4,3.930357700709));
#227 = CARTESIAN_POINT('',(195.56633425746,139.4,3.891528284096));
#228 = CARTESIAN_POINT('',(194.56086015614,139.4,3.821055804999));
#229 = CARTESIAN_POINT('',(194.10839338359,139.4,3.789391996662));
#230 = CARTESIAN_POINT('',(193.65592321706,139.4,3.7577765902));
#231 = CARTESIAN_POINT('',(193.20344977072,139.4,3.726208085944));
#232 = CARTESIAN_POINT('',(192.7509731964,139.4,3.694684454575));
#233 = CARTESIAN_POINT('',(192.29849364186,139.4,3.663203701894));
#234 = CARTESIAN_POINT('',(191.84601120906,139.4,3.631764433591));
#235 = CARTESIAN_POINT('',(190.53883146156,139.4,3.541059060904));
#236 = CARTESIAN_POINT('',(189.68412684936,139.4,3.481898155393));
#237 = CARTESIAN_POINT('',(188.8294130056,139.4,3.422870549793));
#238 = CARTESIAN_POINT('',(187.97468917147,139.4,3.363987963741));
#239 = CARTESIAN_POINT('',(187.11995472644,139.4,3.305259425184));
#240 = CARTESIAN_POINT('',(186.26521299382,139.4,3.246637212591));
#241 = CARTESIAN_POINT('',(185.41046249287,139.4,3.188143065031));
#242 = CARTESIAN_POINT('',(183.95234498519,139.4,3.088559762779));
#243 = CARTESIAN_POINT('',(183.34898197721,139.4,3.047412021841));
#244 = CARTESIAN_POINT('',(182.7456150154,139.4,3.006322272725));
#245 = CARTESIAN_POINT('',(182.14224422527,139.4,2.965288762659));
#246 = CARTESIAN_POINT('',(181.5388697436,139.4,2.924309570517));
#247 = CARTESIAN_POINT('',(180.93549168879,139.4,2.883383040238));
#248 = CARTESIAN_POINT('',(180.33211013126,139.4,2.842508214261));
#249 = CARTESIAN_POINT('',(178.77336537312,139.4,2.737048933671));
#250 = CARTESIAN_POINT('',(177.81799695439,139.4,2.672541619882));
#251 = CARTESIAN_POINT('',(176.8626198267,139.4,2.608163340962));
#252 = CARTESIAN_POINT('',(175.90723472223,139.4,2.543903521059));
#253 = CARTESIAN_POINT('',(174.95184176932,139.4,2.479760533301));
#254 = CARTESIAN_POINT('',(173.99644118451,139.4,2.415731365225));
#255 = CARTESIAN_POINT('',(173.04103381632,139.4,2.351803550115));
#256 = CARTESIAN_POINT('',(171.07991998111,139.4,2.220800404756));
#257 = CARTESIAN_POINT('',(170.07421281749,139.4,2.153735469952));
#258 = CARTESIAN_POINT('',(169.06849774197,139.4,2.086789233998));
#259 = CARTESIAN_POINT('',(168.06277513345,139.4,2.019956196059));
#260 = CARTESIAN_POINT('',(167.05704476238,139.4,1.953240105098));
#261 = CARTESIAN_POINT('',(166.05130656367,139.4,1.886642190798));
#262 = CARTESIAN_POINT('',(165.04556129554,139.4,1.820151148962));
#263 = CARTESIAN_POINT('',(162.88319398695,139.4,1.677422410287));
#264 = CARTESIAN_POINT('',(161.72656974586,139.4,1.601218022902));
#265 = CARTESIAN_POINT('',(160.56993620936,139.4,1.525154807688));
#266 = CARTESIAN_POINT('',(159.41329232961,139.4,1.449248919793));
#267 = CARTESIAN_POINT('',(158.2566382743,139.4,1.373498193981));
#268 = CARTESIAN_POINT('',(157.09997441636,139.4,1.29789739678));
#269 = CARTESIAN_POINT('',(155.94330016123,139.4,1.22245591369));
#270 = CARTESIAN_POINT('',(153.93167482966,139.4,1.091528862942));
#271 = CARTESIAN_POINT('',(153.07672841536,139.4,1.035971620109));
#272 = CARTESIAN_POINT('',(152.22177636198,139.4,0.980501168364));
#273 = CARTESIAN_POINT('',(151.36681832363,139.4,0.92512301306));
#274 = CARTESIAN_POINT('',(150.51185394545,139.4,0.869842810305));
#275 = CARTESIAN_POINT('',(149.65688302108,139.4,0.814663949126));
#276 = CARTESIAN_POINT('',(148.80190546189,139.4,0.759588033093));
#277 = CARTESIAN_POINT('',(147.29310948977,139.4,0.662582553598));
#278 = CARTESIAN_POINT('',(146.639293916,139.4,0.620608822779));
#279 = CARTESIAN_POINT('',(145.98547429417,139.4,0.578698151822));
#280 = CARTESIAN_POINT('',(145.33165050355,139.4,0.536852542203));
#281 = CARTESIAN_POINT('',(144.67782239029,139.4,0.495074524619));
#282 = CARTESIAN_POINT('',(144.02398979224,139.4,0.453366769617));
#283 = CARTESIAN_POINT('',(143.37015256386,139.4,0.411731698208));
#284 = CARTESIAN_POINT('',(141.71039988547,139.4,0.306231698841));
#285 = CARTESIAN_POINT('',(140.70447800461,139.4,0.242467938131));
#286 = CARTESIAN_POINT('',(139.69854423622,139.4,0.178891942039));
#287 = CARTESIAN_POINT('',(138.69259886488,139.4,0.115499314404));
#288 = CARTESIAN_POINT('',(137.68664098041,139.4,5.230554566798E-02));
#289 = CARTESIAN_POINT('',(136.68066935945,139.4,-1.066884445314E-02));
#290 = CARTESIAN_POINT('',(135.67468364781,139.4,-7.341782747824E-02));
#291 = CARTESIAN_POINT('',(133.66268246782,139.4,-0.198437055549));
#292 = CARTESIAN_POINT('',(132.65666702222,139.4,-0.260707579472));
#293 = CARTESIAN_POINT('',(131.65063605791,139.4,-0.322727297558));
#294 = CARTESIAN_POINT('',(130.64458901908,139.4,-0.384486268523));
#295 = CARTESIAN_POINT('',(129.63852505465,139.4,-0.445968921102));
#296 = CARTESIAN_POINT('',(128.63244336332,139.4,-0.507160514975));
#297 = CARTESIAN_POINT('',(127.62634340943,139.4,-0.568051096525));
#298 = CARTESIAN_POINT('',(125.61410483578,139.4,-0.689190062477));
#299 = CARTESIAN_POINT('',(124.60796623202,139.4,-0.74943860736));
#300 = CARTESIAN_POINT('',(123.60180757156,139.4,-0.809352481707));
#301 = CARTESIAN_POINT('',(122.59562791097,139.4,-0.868913215242));
#302 = CARTESIAN_POINT('',(121.58942625687,139.4,-0.928101232026));
#303 = CARTESIAN_POINT('',(120.58320165058,139.4,-0.986897622528));
#304 = CARTESIAN_POINT('',(119.57695319033,139.4,-1.045284055197));
#305 = CARTESIAN_POINT('',(117.81597507879,139.4,-1.146708407535));
#306 = CARTESIAN_POINT('',(117.06125624067,139.4,-1.189934143322));
#307 = CARTESIAN_POINT('',(116.30652314075,139.4,-1.232910872656));
#308 = CARTESIAN_POINT('',(115.55177538153,139.4,-1.275629903147));
#309 = CARTESIAN_POINT('',(114.79701252849,139.4,-1.318081558503));
#310 = CARTESIAN_POINT('',(114.04223413464,139.4,-1.360255724774));
#311 = CARTESIAN_POINT('',(113.28743976496,139.4,-1.402142396606));
#312 = CARTESIAN_POINT('',(111.92878041364,139.4,-1.477004085653));
#313 = CARTESIAN_POINT('',(111.32492131077,139.4,-1.510085579685));
#314 = CARTESIAN_POINT('',(110.72105148606,139.4,-1.542971081393));
#315 = CARTESIAN_POINT('',(110.11717069653,139.4,-1.575654781185));
#316 = CARTESIAN_POINT('',(109.51327869642,139.4,-1.608130814848));
#317 = CARTESIAN_POINT('',(108.90937525125,139.4,-1.640393394324));
#318 = CARTESIAN_POINT('',(108.30546015171,139.4,-1.672436938488));
#319 = CARTESIAN_POINT('',(106.79564282957,139.4,-1.751985102725));
#320 = CARTESIAN_POINT('',(105.88972586541,139.4,-1.79920989565));
#321 = CARTESIAN_POINT('',(104.98378155993,139.4,-1.845908081658));
#322 = CARTESIAN_POINT('',(104.07780968875,139.4,-1.892072852864));
#323 = CARTESIAN_POINT('',(103.17180934832,139.4,-1.937675836394));
#324 = CARTESIAN_POINT('',(102.26577949678,139.4,-1.982685374648));
#325 = CARTESIAN_POINT('',(101.35971964038,139.4,-2.027086958903));
#326 = CARTESIAN_POINT('',(99.594042634803,139.4,-2.112371684347));
#327 = CARTESIAN_POINT('',(98.734428606142,139.4,-2.153319063622));
#328 = CARTESIAN_POINT('',(97.874786400591,139.4,-2.193673634665));
#329 = CARTESIAN_POINT('',(97.015115523086,139.4,-2.233414637452));
#330 = CARTESIAN_POINT('',(96.155415536828,139.4,-2.272521486307));
#331 = CARTESIAN_POINT('',(95.295686063279,139.4,-2.310973769902));
#332 = CARTESIAN_POINT('',(94.435926782166,139.4,-2.348751251256));
#333 = CARTESIAN_POINT('',(93.576137431478,139.4,-2.385833867733));
#334 = ORIENTED_EDGE('',*,*,#335,.F.);
#335 = EDGE_CURVE('',#336,#196,#338,.T.);
#336 = VERTEX_POINT('',#337);
#337 = CARTESIAN_POINT('',(149.51968387373,490.6,14.162464359736));
#338 = B_SPLINE_CURVE_WITH_KNOTS('',4,(#339,#340,#341,#342,#343,#344,
    #345,#346,#347,#348,#349,#350,#351,#352,#353,#354,#355,#356,#357,
    #358,#359,#360,#361,#362,#363,#364),.UNSPECIFIED.,.F.,.F.,(5,3,3,3,3
    ,3,3,3,5),(0.,0.124882736733,0.249722738798,0.374962739835,
    0.499842739969,0.625082739311,0.74992273796,0.874762735998,1.),
  .UNSPECIFIED.);
#339 = CARTESIAN_POINT('',(149.51968387373,490.6,14.162464359736));
#340 = CARTESIAN_POINT('',(149.717719257,479.635296057,13.75830667111));
#341 = CARTESIAN_POINT('',(149.91575464099,468.67059207415,13.3541489832
    ));
#342 = CARTESIAN_POINT('',(150.11379002564,457.70588805433,
    12.949991296019));
#343 = CARTESIAN_POINT('',(150.50979302881,435.78023204942,
    12.141814225221));
#344 = CARTESIAN_POINT('',(150.70776064733,424.81928006437,
    11.737794841605));
#345 = CARTESIAN_POINT('',(150.90572826642,413.85832804719,
    11.333775458726));
#346 = CARTESIAN_POINT('',(151.30229781236,391.90130404335,
    10.524442178778));
#347 = CARTESIAN_POINT('',(151.50089973921,380.90523205649,
    10.119128281714));
#348 = CARTESIAN_POINT('',(151.69950166656,369.90916004144,
    9.713814385391));
#349 = CARTESIAN_POINT('',(152.09613464332,347.9486240377,8.904351664225
    ));
#350 = CARTESIAN_POINT('',(152.29416569273,336.98416004916,
    8.500202839378));
#351 = CARTESIAN_POINT('',(152.49219674258,326.01969603609,8.09605401526
    ));
#352 = CARTESIAN_POINT('',(152.88882971933,304.05916003329,
    7.286591303956));
#353 = CARTESIAN_POINT('',(153.08743164623,293.06308804343,
    6.881277416775));
#354 = CARTESIAN_POINT('',(153.28603357352,282.0670160319,6.475963530314
    ));
#355 = CARTESIAN_POINT('',(153.68260311943,260.10999202913,
    5.666630280022));
#356 = CARTESIAN_POINT('',(153.88057073806,249.14904003803,
    5.262610916187));
#357 = CARTESIAN_POINT('',(154.07853835703,238.18808802795,
    4.858591553051));
#358 = CARTESIAN_POINT('',(154.47447359464,216.26618402575,4.05055283014
    ));
#359 = CARTESIAN_POINT('',(154.67244121328,205.30523203363,
    3.646533470365));
#360 = CARTESIAN_POINT('',(154.87040883223,194.34428002473,3.24251411127
    ));
#361 = CARTESIAN_POINT('',(155.26697404345,172.38749602297,
    2.433189723624));
#362 = CARTESIAN_POINT('',(155.46557163572,161.39166403001,
    2.027884695076));
#363 = CARTESIAN_POINT('',(155.66416922826,150.39583202207,
    1.622579667192));
#364 = CARTESIAN_POINT('',(155.86276682106,139.4,1.217274639962));
#365 = ORIENTED_EDGE('',*,*,#366,.F.);
#366 = EDGE_CURVE('',#367,#336,#369,.T.);
#367 = VERTEX_POINT('',#368);
#368 = CARTESIAN_POINT('',(190.15637231908,490.6,17.333453210251));
#369 = B_SPLINE_CURVE_WITH_KNOTS('',8,(#370,#371,#372,#373,#374,#375,
    #376,#377,#378,#379,#380,#381,#382,#383,#384,#385,#386,#387,#388,
    #389,#390,#391,#392,#393,#394,#395,#396,#397,#398,#399,#400,#401,
    #402,#403,#404,#405,#406,#407,#408,#409,#410,#411,#412,#413,#414,
    #415,#416,#417,#418,#419,#420,#421,#422,#423,#424,#425,#426,#427,
    #428,#429,#430,#431,#432,#433,#434,#435,#436,#437,#438,#439,#440,
    #441,#442,#443,#444,#445,#446,#447,#448,#449,#450,#451,#452,#453,
    #454,#455,#456,#457,#458,#459,#460,#461,#462,#463,#464,#465,#466,
    #467,#468,#469,#470,#471,#472,#473,#474,#475,#476,#477,#478,#479,
    #480,#481,#482,#483,#484,#485,#486,#487,#488,#489,#490,#491,#492,
    #493,#494,#495,#496,#497,#498,#499,#500,#501,#502,#503,#504),
  .UNSPECIFIED.,.F.,.F.,(9,7,7,7,7,7,7,7,7,7,7,7,7,7,7,7,7,7,7,9),(0.,
    4.238047262954E-03,2.246516450174E-02,5.751025930929E-02,
    9.255534183639E-02,0.121228594574,0.175389183128,0.255037107477,
    0.337870948544,0.411147038695,0.465307627127,0.548141468508,
    0.634161227724,0.697879568621,0.745668324937,0.822130337767,
    0.89859235515,0.924079697464,0.962310712974,1.),.UNSPECIFIED.);
#370 = CARTESIAN_POINT('',(190.15637231908,490.6,17.333453210251));
#371 = CARTESIAN_POINT('',(190.18421632213,490.6,17.283100206436));
#372 = CARTESIAN_POINT('',(190.21305768748,490.6,17.228301809456));
#373 = CARTESIAN_POINT('',(190.23880797774,490.6,17.172379014962));
#374 = CARTESIAN_POINT('',(190.25811254377,490.6,17.118308981624));
#375 = CARTESIAN_POINT('',(190.26835052466,490.6,17.068725031125));
#376 = CARTESIAN_POINT('',(190.26763484773,490.6,17.025916648168));
#377 = CARTESIAN_POINT('',(190.25481222852,490.6,16.99182948047));
#378 = CARTESIAN_POINT('',(190.12044120439,490.6,16.865859825231));
#379 = CARTESIAN_POINT('',(189.7830574477,490.6,16.985979337717));
#380 = CARTESIAN_POINT('',(189.6335782122,490.6,16.855144713388));
#381 = CARTESIAN_POINT('',(189.41993213683,490.6,16.853142711284));
#382 = CARTESIAN_POINT('',(189.16835410254,490.6,16.908271814354));
#383 = CARTESIAN_POINT('',(189.00823594263,490.6,16.830212412655));
#384 = CARTESIAN_POINT('',(188.8108151825,490.6,16.83520263103));
#385 = CARTESIAN_POINT('',(188.12841928168,490.6,16.786096862062));
#386 = CARTESIAN_POINT('',(187.67962803098,490.6,16.753697102793));
#387 = CARTESIAN_POINT('',(187.23074178407,490.6,16.721466605109));
#388 = CARTESIAN_POINT('',(186.78182052216,490.6,16.689347329851));
#389 = CARTESIAN_POINT('',(186.33294014851,490.6,16.657253998975));
#390 = CARTESIAN_POINT('',(185.88408174766,490.6,16.625201785181));
#391 = CARTESIAN_POINT('',(185.43517166924,490.6,16.593266072586));
#392 = CARTESIAN_POINT('',(184.5373733606,490.6,16.529482515513));
#393 = CARTESIAN_POINT('',(184.08847038578,490.6,16.497652515384));
#394 = CARTESIAN_POINT('',(183.63956374788,490.6,16.465878187382));
#395 = CARTESIAN_POINT('',(183.19064982192,490.6,16.434199379371));
#396 = CARTESIAN_POINT('',(182.74173129401,490.6,16.40258355117));
#397 = CARTESIAN_POINT('',(182.29281106247,490.6,16.370996743509));
#398 = CARTESIAN_POINT('',(181.84388606831,490.6,16.339475389437));
#399 = CARTESIAN_POINT('',(181.02765182065,490.6,16.282266505706));
#400 = CARTESIAN_POINT('',(180.66034360621,490.6,16.25656212782));
#401 = CARTESIAN_POINT('',(180.29303263837,490.6,16.230897042242));
#402 = CARTESIAN_POINT('',(179.92571900834,490.6,16.205270031449));
#403 = CARTESIAN_POINT('',(179.55840283868,490.6,16.179679448013));
#404 = CARTESIAN_POINT('',(179.19108424917,490.6,16.154123673049));
#405 = CARTESIAN_POINT('',(178.8237633226,490.6,16.128601574671));
#406 = CARTESIAN_POINT('',(177.76260726058,490.6,16.054967817517));
#407 = CARTESIAN_POINT('',(177.0687661543,490.6,16.006942243633));
#408 = CARTESIAN_POINT('',(176.37491780095,490.6,15.959021316801));
#409 = CARTESIAN_POINT('',(175.68106077089,490.6,15.911226259624));
#410 = CARTESIAN_POINT('',(174.98719586116,490.6,15.863545726691));
#411 = CARTESIAN_POINT('',(174.29332446707,490.6,15.815959652191));
#412 = CARTESIAN_POINT('',(173.59944620462,490.6,15.768473975319));
#413 = CARTESIAN_POINT('',(171.88514249181,490.6,15.65139423114));
#414 = CARTESIAN_POINT('',(170.86470950292,490.6,15.581910522341));
#415 = CARTESIAN_POINT('',(169.84426215041,490.6,15.512637941154));
#416 = CARTESIAN_POINT('',(168.82380454365,490.6,15.443516474141));
#417 = CARTESIAN_POINT('',(167.80333255718,490.6,15.374607828641));
#418 = CARTESIAN_POINT('',(166.7828495777,490.6,15.30586213826));
#419 = CARTESIAN_POINT('',(165.76235538125,490.6,15.237283421708));
#420 = CARTESIAN_POINT('',(163.68052596794,490.6,15.097699751056));
#421 = CARTESIAN_POINT('',(162.61918976448,490.6,15.026709532147));
#422 = CARTESIAN_POINT('',(161.55784391344,490.6,14.955863576883));
#423 = CARTESIAN_POINT('',(160.4964859687,490.6,14.885199072233));
#424 = CARTESIAN_POINT('',(159.43511893101,490.6,14.814671086207));
#425 = CARTESIAN_POINT('',(158.37374004716,490.6,14.744321900032));
#426 = CARTESIAN_POINT('',(157.31235151112,490.6,14.674118499693));
#427 = CARTESIAN_POINT('',(155.31202431195,490.6,14.542085344669));
#428 = CARTESIAN_POINT('',(154.37308777545,490.6,14.480223349206));
#429 = CARTESIAN_POINT('',(153.43414369344,490.6,14.418475955984));
#430 = CARTESIAN_POINT('',(152.49519121413,490.6,14.356856279542));
#431 = CARTESIAN_POINT('',(151.55623047443,490.6,14.295362562203));
#432 = CARTESIAN_POINT('',(150.61726177782,490.6,14.233990555521));
#433 = CARTESIAN_POINT('',(149.67828464038,490.6,14.172747878494));
#434 = CARTESIAN_POINT('',(148.04526636646,490.6,14.066462546396));
#435 = CARTESIAN_POINT('',(147.35122901481,490.6,14.021361706115));
#436 = CARTESIAN_POINT('',(146.65718708552,490.6,13.976331322017));
#437 = CARTESIAN_POINT('',(145.96314029769,490.6,13.931375863292));
#438 = CARTESIAN_POINT('',(145.26908836317,490.6,13.886499921509));
#439 = CARTESIAN_POINT('',(144.57503111442,490.6,13.841706247844));
#440 = CARTESIAN_POINT('',(143.88096847956,490.6,13.796996144066));
#441 = CARTESIAN_POINT('',(142.12538426915,490.6,13.684123833116));
#442 = CARTESIAN_POINT('',(141.06385529659,490.6,13.616076644802));
#443 = CARTESIAN_POINT('',(140.00231294668,490.6,13.548238278183));
#444 = CARTESIAN_POINT('',(138.94075623835,490.6,13.480624708904));
#445 = CARTESIAN_POINT('',(137.87918324985,490.6,13.413266947606));
#446 = CARTESIAN_POINT('',(136.81759482729,490.6,13.346153111144));
#447 = CARTESIAN_POINT('',(135.75598957209,490.6,13.279306099571));
#448 = CARTESIAN_POINT('',(133.59191057121,490.6,13.143639492545));
#449 = CARTESIAN_POINT('',(132.4894354522,490.6,13.074841969102));
#450 = CARTESIAN_POINT('',(131.38693905836,490.6,13.006384493557));
#451 = CARTESIAN_POINT('',(130.28441978014,490.6,12.938298152895));
#452 = CARTESIAN_POINT('',(129.18187742554,490.6,12.870583000622));
#453 = CARTESIAN_POINT('',(128.07930907746,490.6,12.803295164055));
#454 = CARTESIAN_POINT('',(126.97671431976,490.6,12.736440755854));
#455 = CARTESIAN_POINT('',(125.05733290835,490.6,12.620891892767));
#456 = CARTESIAN_POINT('',(124.24055918065,490.6,12.571982698336));
#457 = CARTESIAN_POINT('',(123.42376916773,490.6,12.523345186059));
#458 = CARTESIAN_POINT('',(122.6069621073,490.6,12.474994350138));
#459 = CARTESIAN_POINT('',(121.79013719485,490.6,12.426946082245));
#460 = CARTESIAN_POINT('',(120.97329364939,490.6,12.379215732799));
#461 = CARTESIAN_POINT('',(120.15643073536,490.6,12.331818182974));
#462 = CARTESIAN_POINT('',(118.72688548623,490.6,12.249482860303));
#463 = CARTESIAN_POINT('',(118.11421192761,490.6,12.214392620028));
#464 = CARTESIAN_POINT('',(117.50152679003,490.6,12.179504520741));
#465 = CARTESIAN_POINT('',(116.88882975096,490.6,12.144825618849));
#466 = CARTESIAN_POINT('',(116.27612045873,490.6,12.110363769537));
#467 = CARTESIAN_POINT('',(115.66339855138,490.6,12.076127183262));
#468 = CARTESIAN_POINT('',(115.05066367541,490.6,12.042123982256));
#469 = CARTESIAN_POINT('',(113.4575183962,490.6,11.95434219473));
#470 = CARTESIAN_POINT('',(112.47708721201,490.6,11.900940119985));
#471 = CARTESIAN_POINT('',(111.49662048144,490.6,11.84819670746));
#472 = CARTESIAN_POINT('',(110.51611656232,490.6,11.796135930762));
#473 = CARTESIAN_POINT('',(109.53557355892,490.6,11.74482548051));
#474 = CARTESIAN_POINT('',(108.55499171177,490.6,11.694258076685));
#475 = CARTESIAN_POINT('',(107.57436896724,490.6,11.644493893995));
#476 = CARTESIAN_POINT('',(105.61303878134,490.6,11.546662787623));
#477 = CARTESIAN_POINT('',(104.63233139758,490.6,11.498595393756));
#478 = CARTESIAN_POINT('',(103.65158002019,490.6,11.451422051817));
#479 = CARTESIAN_POINT('',(102.67078391138,490.6,11.405187041814));
#480 = CARTESIAN_POINT('',(101.68994165151,490.6,11.35994097525));
#481 = CARTESIAN_POINT('',(100.70905205347,490.6,11.315731300116));
#482 = CARTESIAN_POINT('',(99.728114978059,490.6,11.272597128798));
#483 = CARTESIAN_POINT('',(98.420134114267,490.6,11.216587821235));
#484 = CARTESIAN_POINT('',(98.093133455625,490.6,11.202711211487));
#485 = CARTESIAN_POINT('',(97.766127325537,490.6,11.188963675291));
#486 = CARTESIAN_POINT('',(97.439115664591,490.6,11.175348567743));
#487 = CARTESIAN_POINT('',(97.112098413377,490.6,11.161869243938));
#488 = CARTESIAN_POINT('',(96.785075512484,490.6,11.148529058974));
#489 = CARTESIAN_POINT('',(96.458046902501,490.6,11.135331367946));
#490 = CARTESIAN_POINT('',(95.640460930121,490.6,11.102701761914));
#491 = CARTESIAN_POINT('',(95.149896376621,490.6,11.083453404224));
#492 = CARTESIAN_POINT('',(94.659317946801,490.6,11.064562090346));
#493 = CARTESIAN_POINT('',(94.16873138551,490.6,11.045877773514));
#494 = CARTESIAN_POINT('',(93.678136581374,490.6,11.027409216014));
#495 = CARTESIAN_POINT('',(93.187534505824,490.6,11.009131001733));
#496 = CARTESIAN_POINT('',(92.696931343424,490.6,10.99088600287));
#497 = CARTESIAN_POINT('',(91.722669112675,490.6,10.95487084674));
#498 = CARTESIAN_POINT('',(91.239010286429,490.6,10.937091293034));
#499 = CARTESIAN_POINT('',(90.755347259847,490.6,10.919427546271));
#500 = CARTESIAN_POINT('',(90.271679285436,490.6,10.901899176275));
#501 = CARTESIAN_POINT('',(89.78800648154,490.6,10.884507662778));
#502 = CARTESIAN_POINT('',(89.304326764163,490.6,10.867302963475));
#503 = CARTESIAN_POINT('',(88.820641352139,490.6,10.850261374373));
#504 = CARTESIAN_POINT('',(88.336949569841,490.6,10.833401815707));
#505 = ORIENTED_EDGE('',*,*,#506,.T.);
#506 = EDGE_CURVE('',#367,#507,#509,.T.);
#507 = VERTEX_POINT('',#508);
#508 = CARTESIAN_POINT('',(180.82539850533,700.,24.618032244223));
#509 = B_SPLINE_CURVE_WITH_KNOTS('',1,(#510,#511),.UNSPECIFIED.,.F.,.F.,
  (2,2),(0.,1.),.PIECEWISE_BEZIER_KNOTS.);
#510 = CARTESIAN_POINT('',(212.0177656,0.,0.2665264));
#511 = CARTESIAN_POINT('',(180.82539850533,700.,24.618032244223));
#512 = ORIENTED_EDGE('',*,*,#513,.F.);
#513 = EDGE_CURVE('',#507,#507,#514,.T.);
#514 = B_SPLINE_CURVE_WITH_KNOTS('',3,(#515,#516,#517,#518,#519,#520,
    #521,#522,#523,#524,#525,#526,#527,#528,#529,#530,#531,#532,#533,
    #534,#535,#536,#537,#538,#539,#540,#541,#542,#543,#544,#545,#546,
    #547,#548,#549,#550,#551,#552,#553,#554,#555,#556,#557,#558,#559,
    #560,#561,#562,#563,#564,#565,#566,#567,#568,#569,#570,#571,#572,
    #573,#574,#575,#576,#577,#578,#579,#580,#581,#582,#583,#584,#585,
    #586,#587,#588,#589,#590,#591,#592,#593,#594,#595,#596,#597,#598,
    #599,#600,#601,#602,#603,#604,#605,#606,#607,#608,#609,#610,#611,
    #612,#613,#614,#615,#616,#617,#618,#619,#620,#621,#622,#623,#624,
    #625,#626,#627,#628,#629,#630,#631,#632,#633,#634,#635,#636,#637,
    #638,#639,#640,#641,#642,#643,#644,#645,#646,#647,#648,#649,#650,
    #651,#652,#653,#654,#655,#656,#657,#658,#659,#660,#661,#662,#663,
    #664,#665,#666,#667,#668,#669,#670,#671,#672,#673,#674,#675,#676),
  .UNSPECIFIED.,.T.,.F.,(4,1,1,1,1,1,1,1,1,1,1,1,1,1,1,1,1,1,1,1,1,1,1,1
    ,1,1,1,1,1,1,1,1,1,1,1,1,1,1,1,1,1,1,1,1,1,1,1,1,1,1,1,1,1,1,1,1,1,1
    ,1,1,1,1,1,1,1,1,1,1,1,1,1,1,1,1,1,1,1,1,1,1,1,1,1,1,1,1,1,1,1,1,1,1
    ,1,1,1,1,1,1,1,1,1,1,1,1,1,1,1,1,1,1,1,1,1,1,1,1,1,1,1,1,1,1,1,1,1,1
    ,1,1,1,1,1,1,1,1,1,1,1,1,1,1,1,1,1,1,1,1,1,1,1,1,1,1,1,1,1,1,1,1,1,4
    ),(0.,5.521789914804E-02,0.220762949931,0.496374555792,
    0.881621141753,1.37587054225,1.978312172479,2.687992335814,
    3.503741770539,4.424275988995,5.448084901418,6.573546899832,
    7.798840037664,9.122004456915,10.540918742316,12.053321773438,
    13.656788419659,15.348768009786,17.126548807596,18.987305369485,
    20.928088234083,22.945805217276,25.037251462652,27.199116217815,
    29.427942205605,31.720211838425,34.072278972147,36.480431258237,
    38.940831992172,41.449565168486,44.002682678003,46.596112113381,
    49.225728730842,51.887379957316,54.576810692578,57.289782579182,
    60.021963858026,62.769016975249,65.526582897378,68.29029470943,
    71.055769833587,73.818620245958,76.574483388686,79.318991958685,
    82.0478385695,84.76619857456,87.472624459052,90.150703063208,
    92.796250309479,95.405186936274,97.973439384881,100.49707436045,
    102.97220267193,105.39506865059,107.76199788545,110.06944679016,
    112.31397319463,114.49226136362,116.60115437546,118.6376353305,
    120.59881032063,122.48199822639,124.28466145819,126.00445012635,
    127.63926098353,129.1871644231,130.64651423388,132.01598731869,
    133.29452355367,134.48154310741,135.57691932963,136.58115011088,
    137.49555516912,138.32254704558,139.06603591243,139.73204787713,
    140.32952549947,140.87136794944,141.37516086175,141.8628945341,
    142.3506255888,142.85427525371,143.39552195019,143.99156125985,
    144.65483922798,145.39393079119,146.21448579061,147.12012084053,
    148.11293128585,149.19400523261,150.36360921582,151.62142000402,
    152.96670392765,154.39827895696,155.91471032177,157.51430295016,
    159.19511101045,160.95502493329,162.79174795391,164.70283643992,
    166.68569443114,168.73759556746,170.85567338444,173.03698286652,
    175.2784342144,177.57682447395,179.928895852,182.33125550607,
    184.78042047424,187.272833743,189.80488150122,192.37281112438,
    194.97286183508,197.60115155595,200.26595978659,202.96043008704,
    205.6709257805,208.39324837387,211.12316684775,213.85642943351,
    216.58876962118,219.315874579,222.03347232126,224.73727826094,
    227.4230210466,230.08643091984,232.7233099139,235.32944789812,
    237.90071837651,240.43301331871,242.92228117983,245.36454255152,
    247.75588758617,250.09249341256,252.37057929727,254.58648837331,
    256.73665090093,258.81757883171,260.82589424865,262.75834591051,
    264.61179273079,266.38320283437,268.06966918238,269.6684224032,
    271.17685926738,272.59247099067,273.91291586396,275.13601734588,
    276.25973457408,277.28219667664,278.20168026341,279.01668604291,
    279.72579727377,280.3278586966,280.82185761426,281.20693072971,
    281.48245169723,281.64796232098,281.70315580182,282.05091298486),
  .UNSPECIFIED.);
#515 = CARTESIAN_POINT('',(180.82539850533,700.,24.618032244223));
#516 = CARTESIAN_POINT('',(180.80738060899,700.,24.621791900356));
#517 = CARTESIAN_POINT('',(180.7353432587,700.,24.636817292599));
#518 = CARTESIAN_POINT('',(180.5733599838,700.,24.670549045534));
#519 = CARTESIAN_POINT('',(180.30365625023,700.,24.726605994965));
#520 = CARTESIAN_POINT('',(179.9266262647,700.,24.804715138958));
#521 = CARTESIAN_POINT('',(179.44282726791,700.,24.904485198341));
#522 = CARTESIAN_POINT('',(178.85298261696,700.,25.025466405893));
#523 = CARTESIAN_POINT('',(178.15796657049,700.,25.167049989121));
#524 = CARTESIAN_POINT('',(177.35881536843,700.,25.328625660843));
#525 = CARTESIAN_POINT('',(176.45671726815,700.,25.509392669095));
#526 = CARTESIAN_POINT('',(175.4530215026,700.,25.708576799018));
#527 = CARTESIAN_POINT('',(174.349229756,700.,25.925242090209));
#528 = CARTESIAN_POINT('',(173.14699097039,700.,26.15841022443));
#529 = CARTESIAN_POINT('',(171.84812417388,700.,26.407090531169));
#530 = CARTESIAN_POINT('',(170.45457926655,700.,26.67018131863));
#531 = CARTESIAN_POINT('',(168.96846167249,700.,26.946548549233));
#532 = CARTESIAN_POINT('',(167.3920240318,700.,27.235046686291));
#533 = CARTESIAN_POINT('',(165.72766250597,700.,27.534457109597));
#534 = CARTESIAN_POINT('',(163.9779195184,700.,27.843596339221));
#535 = CARTESIAN_POINT('',(162.14545456908,700.,28.161152736891));
#536 = CARTESIAN_POINT('',(160.23308376237,700.,28.485946505578));
#537 = CARTESIAN_POINT('',(158.24372964224,700.,28.816641752357));
#538 = CARTESIAN_POINT('',(156.18045785303,700.,29.151994430291));
#539 = CARTESIAN_POINT('',(154.0464544912,700.,29.490711949051));
#540 = CARTESIAN_POINT('',(151.8450172004,700.,29.831503328584));
#541 = CARTESIAN_POINT('',(149.5795622352,700.,30.173074883531));
#542 = CARTESIAN_POINT('',(147.25360522102,700.,30.514183581444));
#543 = CARTESIAN_POINT('',(144.87076247762,700.,30.853498027922));
#544 = CARTESIAN_POINT('',(142.43476344512,700.,31.189796307585));
#545 = CARTESIAN_POINT('',(139.94941312148,700.,31.521784800467));
#546 = CARTESIAN_POINT('',(137.41860422381,700.,31.848176031095));
#547 = CARTESIAN_POINT('',(134.8463194969,700.,32.167781933648));
#548 = CARTESIAN_POINT('',(132.23660337848,700.,32.479298029343));
#549 = CARTESIAN_POINT('',(129.59358284051,700.,32.781525404445));
#550 = CARTESIAN_POINT('',(126.92142290617,700.,33.073187758325));
#551 = CARTESIAN_POINT('',(124.22437539768,700.,33.353169938338));
#552 = CARTESIAN_POINT('',(121.50670887701,700.,33.620157495792));
#553 = CARTESIAN_POINT('',(118.7727692326,700.,33.873096930339));
#554 = CARTESIAN_POINT('',(116.02690620253,700.,34.110735461491));
#555 = CARTESIAN_POINT('',(113.27351551473,700.,34.332027402921));
#556 = CARTESIAN_POINT('',(110.51700462847,700.,34.535793283629));
#557 = CARTESIAN_POINT('',(107.7618118235,700.,34.721102326279));
#558 = CARTESIAN_POINT('',(105.01237189659,700.,34.886827753126));
#559 = CARTESIAN_POINT('',(102.27312353442,700.,35.032122446464));
#560 = CARTESIAN_POINT('',(99.545341776788,700.,35.156033570731));
#561 = CARTESIAN_POINT('',(96.829354324708,700.,35.258480412876));
#562 = CARTESIAN_POINT('',(94.129287077523,700.,35.330012029847));
#563 = CARTESIAN_POINT('',(91.45286423616,700.,35.371203914847));
#564 = CARTESIAN_POINT('',(88.808634337171,700.,35.381227316378));
#565 = CARTESIAN_POINT('',(86.201077780969,700.,35.360069000905));
#566 = CARTESIAN_POINT('',(83.634605815789,700.,35.307595771085));
#567 = CARTESIAN_POINT('',(81.113581688944,700.,35.224029020083));
#568 = CARTESIAN_POINT('',(78.642282283784,700.,35.109537238558));
#569 = CARTESIAN_POINT('',(76.224903039442,700.,34.964634302748));
#570 = CARTESIAN_POINT('',(73.865540147281,700.,34.789837256167));
#571 = CARTESIAN_POINT('',(71.568189404974,700.,34.585880221709));
#572 = CARTESIAN_POINT('',(69.336733259091,700.,34.353624546042));
#573 = CARTESIAN_POINT('',(67.174924412181,700.,34.094109713652));
#574 = CARTESIAN_POINT('',(65.086383059019,700.,33.808445021024));
#575 = CARTESIAN_POINT('',(63.074591880234,700.,33.49787815937));
#576 = CARTESIAN_POINT('',(61.142864017701,700.,33.163856180984));
#577 = CARTESIAN_POINT('',(59.294384419846,700.,32.807781209019));
#578 = CARTESIAN_POINT('',(57.532151075569,700.,32.431252129386));
#579 = CARTESIAN_POINT('',(55.858992428172,700.,32.035915582935));
#580 = CARTESIAN_POINT('',(54.277573029342,700.,31.623448856418));
#581 = CARTESIAN_POINT('',(52.790366676151,700.,31.195586277293));
#582 = CARTESIAN_POINT('',(51.399667252904,700.,30.754056847702));
#583 = CARTESIAN_POINT('',(50.107554772125,700.,30.300668608777));
#584 = CARTESIAN_POINT('',(48.915946914574,700.,29.837076183301));
#585 = CARTESIAN_POINT('',(47.826514116127,700.,29.365041669388));
#586 = CARTESIAN_POINT('',(46.840766581519,700.,28.886103826544));
#587 = CARTESIAN_POINT('',(45.959946083945,700.,28.4018328074));
#588 = CARTESIAN_POINT('',(45.185102897347,700.,27.913568567868));
#589 = CARTESIAN_POINT('',(44.517019093386,700.,27.422499543143));
#590 = CARTESIAN_POINT('',(43.956302902717,700.,26.929457420148));
#591 = CARTESIAN_POINT('',(43.503409430295,700.,26.434901119242));
#592 = CARTESIAN_POINT('',(43.158997602226,700.,25.938699006267));
#593 = CARTESIAN_POINT('',(42.924433991671,700.,25.440376242922));
#594 = CARTESIAN_POINT('',(42.802312719271,700.,24.939995850149));
#595 = CARTESIAN_POINT('',(42.795316820082,700.,24.442683912906));
#596 = CARTESIAN_POINT('',(42.900633417243,700.,23.95667485863));
#597 = CARTESIAN_POINT('',(43.118735853231,700.,23.490404811871));
#598 = CARTESIAN_POINT('',(43.445472338735,700.,23.048017990908));
#599 = CARTESIAN_POINT('',(43.877856050346,700.,22.628648369549));
#600 = CARTESIAN_POINT('',(44.414253537954,700.,22.231084029672));
#601 = CARTESIAN_POINT('',(45.053662194277,700.,21.854501378381));
#602 = CARTESIAN_POINT('',(45.795188900608,700.,21.498524090806));
#603 = CARTESIAN_POINT('',(46.637775041801,700.,21.163059579443));
#604 = CARTESIAN_POINT('',(47.580166905028,700.,20.848174542047));
#605 = CARTESIAN_POINT('',(48.620884705978,700.,20.554002169655));
#606 = CARTESIAN_POINT('',(49.758253235012,700.,20.28065260786));
#607 = CARTESIAN_POINT('',(50.990445272613,700.,20.028280123074));
#608 = CARTESIAN_POINT('',(52.315453703655,700.,19.796925183483));
#609 = CARTESIAN_POINT('',(53.731153927507,700.,19.586651087098));
#610 = CARTESIAN_POINT('',(55.23526931591,700.,19.39738384606));
#611 = CARTESIAN_POINT('',(56.825420133567,700.,19.229053305723));
#612 = CARTESIAN_POINT('',(58.499104859769,700.,19.08144559272));
#613 = CARTESIAN_POINT('',(60.253717000453,700.,18.954306408976));
#614 = CARTESIAN_POINT('',(62.086557525823,700.,18.847288059781));
#615 = CARTESIAN_POINT('',(63.994827744288,700.,18.75993678435));
#616 = CARTESIAN_POINT('',(65.975641162003,700.,18.691735948742));
#617 = CARTESIAN_POINT('',(68.026015970045,700.,18.642018465781));
#618 = CARTESIAN_POINT('',(70.142898336205,700.,18.610118870151));
#619 = CARTESIAN_POINT('',(72.323148677096,700.,18.595175989243));
#620 = CARTESIAN_POINT('',(74.563550142536,700.,18.59636602402));
#621 = CARTESIAN_POINT('',(76.860811352878,700.,18.612656513101));
#622 = CARTESIAN_POINT('',(79.211566859058,700.,18.643066403811));
#623 = CARTESIAN_POINT('',(81.612382791846,700.,18.68645023914));
#624 = CARTESIAN_POINT('',(84.05974593636,700.,18.741687193989));
#625 = CARTESIAN_POINT('',(86.550088931427,700.,18.807558136607));
#626 = CARTESIAN_POINT('',(89.079768612084,700.,18.882879204125));
#627 = CARTESIAN_POINT('',(91.645090085205,700.,18.966334132871));
#628 = CARTESIAN_POINT('',(94.242277309973,700.,19.056698055273));
#629 = CARTESIAN_POINT('',(96.871561566534,700.,19.15306662418));
#630 = CARTESIAN_POINT('',(99.53220247424,700.,19.253232465035));
#631 = CARTESIAN_POINT('',(102.21982891693,700.,19.364561843456));
#632 = CARTESIAN_POINT('',(104.92623664522,700.,19.485308377587));
#633 = CARTESIAN_POINT('',(107.64408682187,700.,19.614432110035));
#634 = CARTESIAN_POINT('',(110.36917413277,700.,19.750932171281));
#635 = CARTESIAN_POINT('',(113.09727973803,700.,19.893772035441));
#636 = CARTESIAN_POINT('',(115.8241546204,700.,20.042065971297));
#637 = CARTESIAN_POINT('',(118.54555118192,700.,20.19485356744));
#638 = CARTESIAN_POINT('',(121.25721523968,700.,20.351250671276));
#639 = CARTESIAN_POINT('',(123.95490424425,700.,20.510458354056));
#640 = CARTESIAN_POINT('',(126.63437834583,700.,20.671680558236));
#641 = CARTESIAN_POINT('',(129.29142438496,700.,20.834187468021));
#642 = CARTESIAN_POINT('',(131.92184666359,700.,20.997318780459));
#643 = CARTESIAN_POINT('',(134.52149500539,700.,21.160466336602));
#644 = CARTESIAN_POINT('',(137.08625063613,700.,21.323012109593));
#645 = CARTESIAN_POINT('',(139.61203985482,700.,21.484471262111));
#646 = CARTESIAN_POINT('',(142.09483942189,700.,21.644343331214));
#647 = CARTESIAN_POINT('',(144.53068655954,700.,21.802221184038));
#648 = CARTESIAN_POINT('',(146.91569694685,700.,21.957668415483));
#649 = CARTESIAN_POINT('',(149.24604583553,700.,22.110355197771));
#650 = CARTESIAN_POINT('',(151.51799245822,700.,22.259960398377));
#651 = CARTESIAN_POINT('',(153.72788322539,700.,22.406124382753));
#652 = CARTESIAN_POINT('',(155.87215405616,700.,22.548613284214));
#653 = CARTESIAN_POINT('',(157.94733722098,700.,22.687145391962));
#654 = CARTESIAN_POINT('',(159.95007182607,700.,22.821433142101));
#655 = CARTESIAN_POINT('',(161.87710861354,700.,22.95125304739));
#656 = CARTESIAN_POINT('',(163.72531442526,700.,23.076374022306));
#657 = CARTESIAN_POINT('',(165.49167290884,700.,23.196538417583));
#658 = CARTESIAN_POINT('',(167.17328975955,700.,23.311520331179));
#659 = CARTESIAN_POINT('',(168.76741509688,700.,23.421076338346));
#660 = CARTESIAN_POINT('',(170.27142953255,700.,23.525000642489));
#661 = CARTESIAN_POINT('',(171.68286061578,700.,23.623028988512));
#662 = CARTESIAN_POINT('',(172.99937517617,700.,23.714945989237));
#663 = CARTESIAN_POINT('',(174.21879536607,700.,23.800549050235));
#664 = CARTESIAN_POINT('',(175.33910740864,700.,23.879546980546));
#665 = CARTESIAN_POINT('',(176.35843590642,700.,23.951813694486));
#666 = CARTESIAN_POINT('',(177.27510185873,700.,24.017071737867));
#667 = CARTESIAN_POINT('',(178.08755464281,700.,24.075165711288));
#668 = CARTESIAN_POINT('',(178.79448227854,700.,24.125896770207));
#669 = CARTESIAN_POINT('',(179.39459212738,700.,24.169157025239));
#670 = CARTESIAN_POINT('',(179.8871902157,700.,24.204561100072));
#671 = CARTESIAN_POINT('',(180.27061186423,700.,24.232791324777));
#672 = CARTESIAN_POINT('',(180.54625123041,700.,24.251715508009));
#673 = CARTESIAN_POINT('',(180.70948279501,700.,24.265433230633));
#674 = CARTESIAN_POINT('',(180.9031183105,700.,24.274553619925));
#675 = CARTESIAN_POINT('',(180.9768234,700.,24.344195961256));
#676 = CARTESIAN_POINT('',(180.82539850533,700.,24.618032244223));
#677 = ORIENTED_EDGE('',*,*,#506,.F.);
#678 = ORIENTED_EDGE('',*,*,#679,.F.);
#679 = EDGE_CURVE('',#680,#367,#682,.T.);
#680 = VERTEX_POINT('',#681);
#681 = CARTESIAN_POINT('',(149.51968387373,490.6,24.414011387667));
#682 = B_SPLINE_CURVE_WITH_KNOTS('',8,(#683,#684,#685,#686,#687,#688,
    #689,#690,#691,#692,#693,#694,#695,#696,#697,#698,#699,#700,#701,
    #702,#703,#704,#705,#706,#707,#708,#709,#710,#711,#712,#713,#714,
    #715,#716,#717,#718,#719,#720,#721,#722,#723,#724,#725,#726,#727,
    #728,#729,#730,#731,#732,#733,#734,#735,#736,#737,#738,#739,#740,
    #741,#742,#743,#744,#745,#746,#747,#748,#749,#750,#751,#752,#753,
    #754,#755,#756,#757,#758,#759,#760,#761,#762,#763,#764,#765,#766,
    #767,#768,#769,#770,#771,#772,#773,#774,#775,#776,#777,#778,#779,
    #780,#781,#782,#783,#784,#785,#786,#787,#788,#789,#790,#791,#792,
    #793,#794,#795,#796,#797,#798,#799,#800,#801,#802,#803,#804,#805,
    #806,#807,#808,#809,#810),.UNSPECIFIED.,.F.,.F.,(9,7,7,7,7,7,7,7,7,7
    ,7,7,7,7,7,7,7,7,9),(0.,6.382894317607E-02,0.119950219625,
    0.172330073609,0.217227090373,0.295796863689,0.355659544742,
    0.445453561815,0.538988993213,0.598851667446,0.669938591254,
    0.74102551349,0.774698265462,0.812112434333,0.875716520655,
    0.909389271858,0.943062022448,0.980476188275,1.),.UNSPECIFIED.);
#683 = CARTESIAN_POINT('',(101.98789569243,490.6,29.256589521838));
#684 = CARTESIAN_POINT('',(102.68475652789,490.6,29.217412479916));
#685 = CARTESIAN_POINT('',(103.38154643751,490.6,29.176976088779));
#686 = CARTESIAN_POINT('',(104.07826353892,490.6,29.135294968673));
#687 = CARTESIAN_POINT('',(104.7749065842,490.6,29.09238548119));
#688 = CARTESIAN_POINT('',(105.47147342658,490.6,29.048258418691));
#689 = CARTESIAN_POINT('',(106.16796229635,490.6,29.002927501943));
#690 = CARTESIAN_POINT('',(106.86437277098,490.6,28.956414979125));
#691 = CARTESIAN_POINT('',(108.17294845278,490.6,28.86681378271));
#692 = CARTESIAN_POINT('',(108.78513184841,490.6,28.823989753572));
#693 = CARTESIAN_POINT('',(109.39725276046,490.6,28.780277722417));
#694 = CARTESIAN_POINT('',(110.00931032817,490.6,28.735685328996));
#695 = CARTESIAN_POINT('',(110.62130359977,490.6,28.690218557037));
#696 = CARTESIAN_POINT('',(111.23323160299,490.6,28.643884459512));
#697 = CARTESIAN_POINT('',(111.84509346738,490.6,28.596691714488));
#698 = CARTESIAN_POINT('',(113.02789734351,490.6,28.503809158936));
#699 = CARTESIAN_POINT('',(113.59884798005,490.6,28.458229602132));
#700 = CARTESIAN_POINT('',(114.16973991772,490.6,28.411916171869));
#701 = CARTESIAN_POINT('',(114.74057278248,490.6,28.364878584555));
#702 = CARTESIAN_POINT('',(115.31134614827,490.6,28.317125351655));
#703 = CARTESIAN_POINT('',(115.8820594374,490.6,28.268661860055));
#704 = CARTESIAN_POINT('',(116.45271198968,490.6,28.219491623396));
#705 = CARTESIAN_POINT('',(117.51238155652,490.6,28.126874203291));
#706 = CARTESIAN_POINT('',(118.00141481057,490.6,28.083612952448));
#707 = CARTESIAN_POINT('',(118.49040264677,490.6,28.039839791005));
#708 = CARTESIAN_POINT('',(118.9793447696,490.6,27.995558361252));
#709 = CARTESIAN_POINT('',(119.46824096019,490.6,27.950772803952));
#710 = CARTESIAN_POINT('',(119.95709103275,490.6,27.905487453665));
#711 = CARTESIAN_POINT('',(120.44589479093,490.6,27.859706534065));
#712 = CARTESIAN_POINT('',(121.789977007,490.6,27.732456668067));
#713 = CARTESIAN_POINT('',(122.64515965321,490.6,27.649975371157));
#714 = CARTESIAN_POINT('',(123.50019773372,490.6,27.566003194894));
#715 = CARTESIAN_POINT('',(124.35509152067,490.6,27.480563753599));
#716 = CARTESIAN_POINT('',(125.20983423499,490.6,27.393635949715));
#717 = CARTESIAN_POINT('',(126.06442960388,490.6,27.305270157492));
#718 = CARTESIAN_POINT('',(126.91887486362,490.6,27.215473804409));
#719 = CARTESIAN_POINT('',(128.42406068375,490.6,27.054776835454));
#720 = CARTESIAN_POINT('',(129.0748643021,490.6,26.984466734088));
#721 = CARTESIAN_POINT('',(129.72557982187,490.6,26.913342567749));
#722 = CARTESIAN_POINT('',(130.37620628739,490.6,26.841406994226));
#723 = CARTESIAN_POINT('',(131.0267428604,490.6,26.768663438029));
#724 = CARTESIAN_POINT('',(131.67718901589,490.6,26.695117494931));
#725 = CARTESIAN_POINT('',(132.32754443305,490.6,26.620776174659));
#726 = CARTESIAN_POINT('',(133.9532047547,490.6,26.432948198033));
#727 = CARTESIAN_POINT('',(134.92839558623,490.6,26.318474317838));
#728 = CARTESIAN_POINT('',(135.90337979138,490.6,26.202245279848));
#729 = CARTESIAN_POINT('',(136.87815442112,490.6,26.08426762589));
#730 = CARTESIAN_POINT('',(137.85271666266,490.6,25.964548880138));
#731 = CARTESIAN_POINT('',(138.82706529612,490.6,25.843108550379));
#732 = CARTESIAN_POINT('',(139.80120010158,490.6,25.719972722588));
#733 = CARTESIAN_POINT('',(141.78961477815,490.6,25.465108409205));
#734 = CARTESIAN_POINT('',(142.80387622432,490.6,25.333235889041));
#735 = CARTESIAN_POINT('',(143.81789921753,490.6,25.199534190374));
#736 = CARTESIAN_POINT('',(144.83167845873,490.6,25.063992540409));
#737 = CARTESIAN_POINT('',(145.84521641609,490.6,24.926658265936));
#738 = CARTESIAN_POINT('',(146.85850627807,490.6,24.78751061757));
#739 = CARTESIAN_POINT('',(147.87154817702,490.6,24.646576283194));
#740 = CARTESIAN_POINT('',(149.53252414217,490.6,24.412515629522));
#741 = CARTESIAN_POINT('',(150.18060676341,490.6,24.320443199173));
#742 = CARTESIAN_POINT('',(150.82858541146,490.6,24.227639949266));
#743 = CARTESIAN_POINT('',(151.4764588916,490.6,24.134104452393));
#744 = CARTESIAN_POINT('',(152.12422625302,490.6,24.039836905748));
#745 = CARTESIAN_POINT('',(152.77188694826,490.6,23.944840229537));
#746 = CARTESIAN_POINT('',(153.41944057792,490.6,23.849118342166));
#747 = CARTESIAN_POINT('',(154.83572790083,490.6,23.63814112333));
#748 = CARTESIAN_POINT('',(155.604417317,490.6,23.522588536215));
#749 = CARTESIAN_POINT('',(156.37295270236,490.6,23.406012914237));
#750 = CARTESIAN_POINT('',(157.14133213791,490.6,23.288412278756));
#751 = CARTESIAN_POINT('',(157.90955389232,490.6,23.169785928864));
#752 = CARTESIAN_POINT('',(158.67761647941,490.6,23.050134849777));
#753 = CARTESIAN_POINT('',(159.44551843307,490.6,22.929460209851));
#754 = CARTESIAN_POINT('',(160.98099714902,490.6,22.686059685319));
#755 = CARTESIAN_POINT('',(161.74857387707,490.6,22.563333677819));
#756 = CARTESIAN_POINT('',(162.515986661,490.6,22.439583655376));
#757 = CARTESIAN_POINT('',(163.28323279793,490.6,22.314803350326));
#758 = CARTESIAN_POINT('',(164.05031132752,490.6,22.188996661208));
#759 = CARTESIAN_POINT('',(164.81722076924,490.6,22.062164535471));
#760 = CARTESIAN_POINT('',(165.58395727165,490.6,21.934294200564));
#761 = CARTESIAN_POINT('',(166.71362713722,490.6,21.744321826561));
#762 = CARTESIAN_POINT('',(167.07669610077,490.6,21.683026174078));
#763 = CARTESIAN_POINT('',(167.43972562735,490.6,21.621497099284));
#764 = CARTESIAN_POINT('',(167.80271560553,490.6,21.55973498846));
#765 = CARTESIAN_POINT('',(168.16566596104,490.6,21.497740442908));
#766 = CARTESIAN_POINT('',(168.52857657109,490.6,21.435513789886));
#767 = CARTESIAN_POINT('',(168.8914471786,490.6,21.373054593545));
#768 = CARTESIAN_POINT('',(169.65742189323,490.6,21.240701801772));
#769 = CARTESIAN_POINT('',(170.06051652828,490.6,21.170753380761));
#770 = CARTESIAN_POINT('',(170.46356074799,490.6,21.100514699768));
#771 = CARTESIAN_POINT('',(170.86655385297,490.6,21.029983148221));
#772 = CARTESIAN_POINT('',(171.26949539617,490.6,20.959157586799));
#773 = CARTESIAN_POINT('',(171.67238530349,490.6,20.888039066512));
#774 = CARTESIAN_POINT('',(172.07522362714,490.6,20.816629388102));
#775 = CARTESIAN_POINT('',(173.16274664099,490.6,20.623034296483));
#776 = CARTESIAN_POINT('',(173.84733314227,490.6,20.500297350907));
#777 = CARTESIAN_POINT('',(174.53176857538,490.6,20.376718844768));
#778 = CARTESIAN_POINT('',(175.21604746245,490.6,20.252275397065));
#779 = CARTESIAN_POINT('',(175.90016928425,490.6,20.126971156934));
#780 = CARTESIAN_POINT('',(176.58413438872,490.6,20.000815318778));
#781 = CARTESIAN_POINT('',(177.26793876014,490.6,19.873793214217));
#782 = CARTESIAN_POINT('',(178.31350798315,490.6,19.678192032508));
#783 = CARTESIAN_POINT('',(178.67539012106,490.6,19.610239813986));
#784 = CARTESIAN_POINT('',(179.03722624553,490.6,19.542042714209));
#785 = CARTESIAN_POINT('',(179.39901603805,490.6,19.473600115844));
#786 = CARTESIAN_POINT('',(179.76075920759,490.6,19.404911547829));
#787 = CARTESIAN_POINT('',(180.12245549061,490.6,19.335976685366));
#788 = CARTESIAN_POINT('',(180.48410465109,490.6,19.266795349928));
#789 = CARTESIAN_POINT('',(181.2073083033,490.6,19.127939669842));
#790 = CARTESIAN_POINT('',(181.56886286006,490.6,19.058265636477));
#791 = CARTESIAN_POINT('',(181.93036988077,490.6,18.988345083933));
#792 = CARTESIAN_POINT('',(182.29182881124,490.6,18.91817621654));
#793 = CARTESIAN_POINT('',(182.65323898261,490.6,18.847756652699));
#794 = CARTESIAN_POINT('',(183.0145997808,490.6,18.777084309395));
#795 = CARTESIAN_POINT('',(183.37591081602,490.6,18.706158286709));
#796 = CARTESIAN_POINT('',(184.13857349421,490.6,18.55589249507));
#797 = CARTESIAN_POINT('',(184.53991333712,490.6,18.47649283663));
#798 = CARTESIAN_POINT('',(184.9411907698,490.6,18.396777908849));
#799 = CARTESIAN_POINT('',(185.34240757241,490.6,18.316758104031));
#800 = CARTESIAN_POINT('',(185.7435633937,490.6,18.236433214939));
#801 = CARTESIAN_POINT('',(186.14465498104,490.6,18.155788526714));
#802 = CARTESIAN_POINT('',(186.54567940323,490.6,18.074810860732));
#803 = CARTESIAN_POINT('',(187.15587495465,490.6,17.951106994227));
#804 = CARTESIAN_POINT('',(187.50348561662,490.6,17.880526589913));
#805 = CARTESIAN_POINT('',(187.96258330543,490.6,17.787200953601));
#806 = CARTESIAN_POINT('',(188.49945505728,490.6,17.677031992145));
#807 = CARTESIAN_POINT('',(189.0753362764,490.6,17.558798592624));
#808 = CARTESIAN_POINT('',(189.64856996197,490.6,17.439349167916));
#809 = CARTESIAN_POINT('',(190.12036312001,490.6,17.34096697343));
#810 = CARTESIAN_POINT('',(190.15637231908,490.6,17.333453210251));
#811 = ORIENTED_EDGE('',*,*,#812,.F.);
#812 = EDGE_CURVE('',#813,#680,#815,.T.);
#813 = VERTEX_POINT('',#814);
#814 = CARTESIAN_POINT('',(155.86276682106,139.4,13.821800324532));
#815 = B_SPLINE_CURVE_WITH_KNOTS('',4,(#816,#817,#818,#819,#820,#821,
    #822,#823,#824,#825,#826,#827,#828,#829,#830,#831,#832,#833,#834,
    #835,#836,#837,#838,#839,#840,#841),.UNSPECIFIED.,.F.,.F.,(5,3,3,3,3
    ,3,3,3,5),(0.,0.124780505332,0.25002050338,0.375300502036,
    0.500140501384,0.625380501515,0.75022050254,0.875500504596,1.),
  .UNSPECIFIED.);
#816 = CARTESIAN_POINT('',(155.86276682106,139.4,13.821800324532));
#817 = CARTESIAN_POINT('',(155.66489354286,150.35572860754,
    14.152225904743));
#818 = CARTESIAN_POINT('',(155.4670202649,161.31145720125,
    14.482651470306));
#819 = CARTESIAN_POINT('',(155.26914698721,172.2671857803,
    14.813077020694));
#820 = CARTESIAN_POINT('',(154.87267178227,194.21898636832,
    15.475144851556));
#821 = CARTESIAN_POINT('',(154.67406985503,205.21505837717,
    15.806787131912));
#822 = CARTESIAN_POINT('',(154.47546792809,216.21113036935,
    16.138429395814));
#823 = CARTESIAN_POINT('',(154.07820064306,238.20678637159,
    16.801819813173));
#824 = CARTESIAN_POINT('',(153.87953528497,249.20637038164,
    17.133567966619));
#825 = CARTESIAN_POINT('',(153.68086992722,260.20595437278,
    17.465316102304));
#826 = CARTESIAN_POINT('',(153.28423695048,282.16649037514,
    18.127647195084));
#827 = CARTESIAN_POINT('',(153.08626933149,293.1274423865,
    18.458230152308));
#828 = CARTESIAN_POINT('',(152.88830171288,304.08839437652,
    18.788813090472));
#829 = CARTESIAN_POINT('',(152.49173216696,326.04541837974,
    19.451038150319));
#830 = CARTESIAN_POINT('',(152.29313023964,337.0414903928,
    19.782680271875));
#831 = CARTESIAN_POINT('',(152.09452831277,348.03756238137,
    20.114322372656));
#832 = CARTESIAN_POINT('',(151.69795876684,369.99458638464,
    20.776547312309));
#833 = CARTESIAN_POINT('',(151.49999114779,380.9555383995,
    21.107130151319));
#834 = CARTESIAN_POINT('',(151.30202352923,391.91649038653,
    21.437712967922));
#835 = CARTESIAN_POINT('',(150.90539055246,413.877026391,22.100043699891
    ));
#836 = CARTESIAN_POINT('',(150.70672519424,424.87661040821,
    22.43179161509));
#837 = CARTESIAN_POINT('',(150.50805983659,435.87619439326,
    22.76353950574));
#838 = CARTESIAN_POINT('',(150.11196682715,457.80683381157,
    23.424968414108));
#839 = CARTESIAN_POINT('',(149.91453917533,468.73788924525,
    23.754649432143));
#840 = CARTESIAN_POINT('',(149.71711152418,479.66894464234,
    24.08433042374));
#841 = CARTESIAN_POINT('',(149.51968387373,490.6,24.414011387667));
#842 = ORIENTED_EDGE('',*,*,#843,.T.);
#843 = EDGE_CURVE('',#813,#189,#844,.T.);
#844 = B_SPLINE_CURVE_WITH_KNOTS('',8,(#845,#846,#847,#848,#849,#850,
    #851,#852,#853,#854,#855,#856,#857,#858,#859,#860,#861,#862,#863,
    #864,#865,#866,#867,#868,#869,#870,#871,#872,#873,#874,#875,#876,
    #877,#878,#879,#880,#881,#882,#883,#884,#885,#886,#887,#888,#889,
    #890,#891,#892,#893,#894,#895,#896,#897,#898,#899,#900,#901,#902,
    #903,#904,#905,#906,#907,#908,#909,#910,#911,#912,#913,#914,#915,
    #916,#917,#918,#919,#920,#921,#922,#923,#924,#925,#926,#927,#928,
    #929,#930,#931,#932,#933,#934,#935,#936,#937,#938,#939,#940,#941,
    #942,#943,#944,#945,#946,#947,#948,#949,#950,#951,#952,#953,#954,
    #955,#956,#957,#958,#959,#960,#961,#962,#963,#964,#965),
  .UNSPECIFIED.,.F.,.F.,(9,7,7,7,7,7,7,7,7,7,7,7,7,7,7,7,7,9),(0.,
    5.780789497469E-02,0.108459245931,0.154889650731,0.19287816366,
    0.264634238977,0.370157869752,0.479902439416,0.547437556657,
    0.627635505724,0.707833452524,0.74582195268,0.788031397318,
    0.85978745208,0.897775951245,0.935764450187,0.977973891884,1.),
  .UNSPECIFIED.);
#845 = CARTESIAN_POINT('',(109.41080003528,139.4,18.984476936601));
#846 = CARTESIAN_POINT('',(110.0989537857,139.4,18.931201565061));
#847 = CARTESIAN_POINT('',(110.78703942466,139.4,18.877046812887));
#848 = CARTESIAN_POINT('',(111.47505647795,139.4,18.822023381327));
#849 = CARTESIAN_POINT('',(112.16300413499,139.4,18.766136022846));
#850 = CARTESIAN_POINT('',(112.85088202326,139.4,18.709396583323));
#851 = CARTESIAN_POINT('',(113.53868975161,139.4,18.651816326893));
#852 = CARTESIAN_POINT('',(114.22642644675,139.4,18.593398017884));
#853 = CARTESIAN_POINT('',(115.51662450574,139.4,18.482233498654));
#854 = CARTESIAN_POINT('',(116.11910250677,139.4,18.429680384903));
#855 = CARTESIAN_POINT('',(116.72152509781,139.4,18.376493340816));
#856 = CARTESIAN_POINT('',(117.32389174074,139.4,18.322675717561));
#857 = CARTESIAN_POINT('',(117.92620201612,139.4,18.268231619607));
#858 = CARTESIAN_POINT('',(118.52845569311,139.4,18.213166439534));
#859 = CARTESIAN_POINT('',(119.13065262479,139.4,18.157486077712));
#860 = CARTESIAN_POINT('',(120.2847539898,139.4,18.049594552187));
#861 = CARTESIAN_POINT('',(120.83666751572,139.4,17.997480839698));
#862 = CARTESIAN_POINT('',(121.3885329275,139.4,17.944858681167));
#863 = CARTESIAN_POINT('',(121.94034996938,139.4,17.891731242646));
#864 = CARTESIAN_POINT('',(122.49211830311,139.4,17.838100566991));
#865 = CARTESIAN_POINT('',(123.04383756193,139.4,17.783968256388));
#866 = CARTESIAN_POINT('',(123.59550740461,139.4,17.729336154886));
#867 = CARTESIAN_POINT('',(124.59845315792,139.4,17.629101384149));
#868 = CARTESIAN_POINT('',(125.04974545848,139.4,17.583662851094));
#869 = CARTESIAN_POINT('',(125.50100428819,139.4,17.537892484938));
#870 = CARTESIAN_POINT('',(125.95222953043,139.4,17.491791887817));
#871 = CARTESIAN_POINT('',(126.40342110868,139.4,17.445362989641));
#872 = CARTESIAN_POINT('',(126.85457896037,139.4,17.398607826916));
#873 = CARTESIAN_POINT('',(127.30570301059,139.4,17.351528321568));
#874 = CARTESIAN_POINT('',(128.60885223507,139.4,17.214588459936));
#875 = CARTESIAN_POINT('',(129.46079034857,139.4,17.12389926177));
#876 = CARTESIAN_POINT('',(130.31260719696,139.4,17.032074668418));
#877 = CARTESIAN_POINT('',(131.16430140758,139.4,16.939116530943));
#878 = CARTESIAN_POINT('',(132.01587162883,139.4,16.845029394395));
#879 = CARTESIAN_POINT('',(132.86731681816,139.4,16.74982083609));
#880 = CARTESIAN_POINT('',(133.71863617208,139.4,16.653497642746));
#881 = CARTESIAN_POINT('',(135.8215834343,139.4,16.41279498952));
#882 = CARTESIAN_POINT('',(137.07306424561,139.4,16.267129729962));
#883 = CARTESIAN_POINT('',(138.32426987277,139.4,16.119109260233));
#884 = CARTESIAN_POINT('',(139.57519784484,139.4,15.96875185077));
#885 = CARTESIAN_POINT('',(140.82584224974,139.4,15.816057807333));
#886 = CARTESIAN_POINT('',(142.07620181112,139.4,15.661053607662));
#887 = CARTESIAN_POINT('',(143.32627590987,139.4,15.503775312064));
#888 = CARTESIAN_POINT('',(145.87583644091,139.4,15.178302356338));
#889 = CARTESIAN_POINT('',(147.17529907291,139.4,15.009921187584));
#890 = CARTESIAN_POINT('',(148.47444521699,139.4,14.839103671034));
#891 = CARTESIAN_POINT('',(149.77326646448,139.4,14.66582846913));
#892 = CARTESIAN_POINT('',(151.07176689735,139.4,14.490164027623));
#893 = CARTESIAN_POINT('',(152.36993706191,139.4,14.312083287157));
#894 = CARTESIAN_POINT('',(153.66777692937,139.4,14.131621007961));
#895 = CARTESIAN_POINT('',(155.76374582225,139.4,13.836262219252));
#896 = CARTESIAN_POINT('',(156.56208313247,139.4,13.722843260036));
#897 = CARTESIAN_POINT('',(157.36029236323,139.4,13.608524044524));
#898 = CARTESIAN_POINT('',(158.1583720445,139.4,13.493302814122));
#899 = CARTESIAN_POINT('',(158.95632100622,139.4,13.377179811567));
#900 = CARTESIAN_POINT('',(159.75413857267,139.4,13.260158634296));
#901 = CARTESIAN_POINT('',(160.55182424946,139.4,13.142244109514));
#902 = CARTESIAN_POINT('',(162.29647064823,139.4,12.882352886095));
#903 = CARTESIAN_POINT('',(163.24337683014,139.4,12.740010014234));
#904 = CARTESIAN_POINT('',(164.19009327063,139.4,12.596406921934));
#905 = CARTESIAN_POINT('',(165.1366176057,139.4,12.451541171832));
#906 = CARTESIAN_POINT('',(166.08294770319,139.4,12.305411900431));
#907 = CARTESIAN_POINT('',(167.02908173265,139.4,12.158020321307));
#908 = CARTESIAN_POINT('',(167.97501788774,139.4,12.009367873737));
#909 = CARTESIAN_POINT('',(169.86648960736,139.4,11.709536163983));
#910 = CARTESIAN_POINT('',(170.81202512871,139.4,11.558356750581));
#911 = CARTESIAN_POINT('',(171.75735869363,139.4,11.405915910002));
#912 = CARTESIAN_POINT('',(172.70248698389,139.4,11.252205919579));
#913 = CARTESIAN_POINT('',(173.64740880863,139.4,11.097231582982));
#914 = CARTESIAN_POINT('',(174.59212233684,139.4,10.940994068524));
#915 = CARTESIAN_POINT('',(175.53662283645,139.4,10.783477640372));
#916 = CARTESIAN_POINT('',(176.92820097385,139.4,10.549461127736));
#917 = CARTESIAN_POINT('',(177.37544564683,139.4,10.473954387137));
#918 = CARTESIAN_POINT('',(177.82264173959,139.4,10.398160106438));
#919 = CARTESIAN_POINT('',(178.26978911506,139.4,10.322078761448));
#920 = CARTESIAN_POINT('',(178.7168876817,139.4,10.245711092882));
#921 = CARTESIAN_POINT('',(179.16393728812,139.4,10.169057503892));
#922 = CARTESIAN_POINT('',(179.61093761747,139.4,10.092117457611));
#923 = CARTESIAN_POINT('',(180.5544997096,139.4,9.929079338052));
#924 = CARTESIAN_POINT('',(181.05104980503,139.4,9.842913728024));
#925 = CARTESIAN_POINT('',(181.54753779589,139.4,9.756390562817));
#926 = CARTESIAN_POINT('',(182.04396282109,139.4,9.669506626537));
#927 = CARTESIAN_POINT('',(182.54032433057,139.4,9.582260515607));
#928 = CARTESIAN_POINT('',(183.03662223312,139.4,9.494653524692));
#929 = CARTESIAN_POINT('',(183.53285659248,139.4,9.406687872124));
#930 = CARTESIAN_POINT('',(184.87251633285,139.4,9.16820873479));
#931 = CARTESIAN_POINT('',(185.71582092221,139.4,9.017016715532));
#932 = CARTESIAN_POINT('',(186.55893858478,139.4,8.864783509261));
#933 = CARTESIAN_POINT('',(187.40186531423,139.4,8.71149514457));
#934 = CARTESIAN_POINT('',(188.24459610239,139.4,8.557133078532));
#935 = CARTESIAN_POINT('',(189.0871357443,139.4,8.401732291692));
#936 = CARTESIAN_POINT('',(189.92947656226,139.4,8.245259882405));
#937 = CARTESIAN_POINT('',(191.21745574086,139.4,8.004309552379));
#938 = CARTESIAN_POINT('',(191.66323840332,139.4,7.920602820515));
#939 = CARTESIAN_POINT('',(192.10896440982,139.4,7.836594566826));
#940 = CARTESIAN_POINT('',(192.55463336809,139.4,7.752284030834));
#941 = CARTESIAN_POINT('',(193.00024489422,139.4,7.667670498342));
#942 = CARTESIAN_POINT('',(193.44579863804,139.4,7.582753435348));
#943 = CARTESIAN_POINT('',(193.89129430865,139.4,7.497532621965));
#944 = CARTESIAN_POINT('',(194.78216908825,139.4,7.326483951214));
#945 = CARTESIAN_POINT('',(195.22754825156,139.4,7.240656343442));
#946 = CARTESIAN_POINT('',(195.67286885618,139.4,7.154525062568));
#947 = CARTESIAN_POINT('',(196.11813021901,139.4,7.0680878967));
#948 = CARTESIAN_POINT('',(196.56333151604,139.4,6.981341912095));
#949 = CARTESIAN_POINT('',(197.00847199114,139.4,6.894284542741));
#950 = CARTESIAN_POINT('',(197.45355116487,139.4,6.806914679942));
#951 = CARTESIAN_POINT('',(198.39303333404,139.4,6.621810523259));
#952 = CARTESIAN_POINT('',(198.88742179375,139.4,6.524002454792));
#953 = CARTESIAN_POINT('',(199.38173338068,139.4,6.42580602199));
#954 = CARTESIAN_POINT('',(199.87597028042,139.4,6.327234028012));
#955 = CARTESIAN_POINT('',(200.37013205515,139.4,6.228286218601));
#956 = CARTESIAN_POINT('',(200.86421470142,139.4,6.128944466684));
#957 = CARTESIAN_POINT('',(201.35821461633,139.4,6.029192536662));
#958 = CARTESIAN_POINT('',(202.1098807114,139.4,5.876808596688));
#959 = CARTESIAN_POINT('',(202.53808332988,139.4,5.789864445722));
#960 = CARTESIAN_POINT('',(203.10362070338,139.4,5.674901690856));
#961 = CARTESIAN_POINT('',(203.76496355215,139.4,5.539190591714));
#962 = CARTESIAN_POINT('',(204.47435965496,139.4,5.393545430817));
#963 = CARTESIAN_POINT('',(205.18049455824,139.4,5.246402285447));
#964 = CARTESIAN_POINT('',(205.76167075038,139.4,5.125210639798));
#965 = CARTESIAN_POINT('',(205.80602849572,139.4,5.11595484955));
#966 = ORIENTED_EDGE('',*,*,#188,.F.);
#967 = FACE_BOUND('',#968,.F.);
#968 = EDGE_LOOP('',(#969,#981,#1016,#1030,#1047,#1060,#1085,#1095,#1105
    ,#1126,#1136,#1157));
#969 = ORIENTED_EDGE('',*,*,#970,.T.);
#970 = EDGE_CURVE('',#971,#973,#975,.T.);
#971 = VERTEX_POINT('',#972);
#972 = CARTESIAN_POINT('',(123.88949608423,221.25,2.317802554022));
#973 = VERTEX_POINT('',#974);
#974 = CARTESIAN_POINT('',(119.38949608423,221.25,2.053861827427));
#975 = B_SPLINE_CURVE_WITH_KNOTS('',4,(#976,#977,#978,#979,#980),
  .UNSPECIFIED.,.F.,.F.,(5,5),(0.,1.),.PIECEWISE_BEZIER_KNOTS.);
#976 = CARTESIAN_POINT('',(123.88949608423,221.25,2.317802554022));
#977 = CARTESIAN_POINT('',(122.76454671993,221.25,2.250957778191));
#978 = CARTESIAN_POINT('',(121.63956529309,221.25,2.184652670941));
#979 = CARTESIAN_POINT('',(120.51454921784,221.25,2.118936971697));
#980 = CARTESIAN_POINT('',(119.38949608423,221.25,2.053861827427));
#981 = ORIENTED_EDGE('',*,*,#982,.T.);
#982 = EDGE_CURVE('',#973,#983,#985,.T.);
#983 = VERTEX_POINT('',#984);
#984 = CARTESIAN_POINT('',(96.389496084235,221.25,0.857940616109));
#985 = B_SPLINE_CURVE_WITH_KNOTS('',8,(#986,#987,#988,#989,#990,#991,
    #992,#993,#994,#995,#996,#997,#998,#999,#1000,#1001,#1002,#1003,
    #1004,#1005,#1006,#1007,#1008,#1009,#1010,#1011,#1012,#1013,#1014,
    #1015),.UNSPECIFIED.,.F.,.F.,(9,7,7,7,9),(0.,0.245409256787,
    0.630377895174,0.814493338719,1.),.UNSPECIFIED.);
#986 = CARTESIAN_POINT('',(119.38949608423,221.25,2.053861827427));
#987 = CARTESIAN_POINT('',(118.68416506436,221.25,2.013064182849));
#988 = CARTESIAN_POINT('',(117.97882156081,221.25,1.972482409988));
#989 = CARTESIAN_POINT('',(117.27346522886,221.25,1.932123798213));
#990 = CARTESIAN_POINT('',(116.56809576689,221.25,1.891994824481));
#991 = CARTESIAN_POINT('',(115.86271282874,221.25,1.852103122074));
#992 = CARTESIAN_POINT('',(115.15731600365,221.25,1.812457917783));
#993 = CARTESIAN_POINT('',(114.45190486389,221.25,1.77306893754));
#994 = CARTESIAN_POINT('',(112.63989163058,221.25,1.672568921871));
#995 = CARTESIAN_POINT('',(111.53326812229,221.25,1.611843125559));
#996 = CARTESIAN_POINT('',(110.42660711411,221.25,1.551803817441));
#997 = CARTESIAN_POINT('',(109.31990678583,221.25,1.492488956829));
#998 = CARTESIAN_POINT('',(108.21316547499,221.25,1.433941907443));
#999 = CARTESIAN_POINT('',(107.10638207916,221.25,1.376198439333));
#1000 = CARTESIAN_POINT('',(105.99955583713,221.25,1.319284137334));
#1001 = CARTESIAN_POINT('',(104.36331197271,221.25,1.236451790371));
#1002 = CARTESIAN_POINT('',(103.8339287618,221.25,1.209854555056));
#1003 = CARTESIAN_POINT('',(103.30453518292,221.25,1.183463880241));
#1004 = CARTESIAN_POINT('',(102.77513106174,221.25,1.157284904399));
#1005 = CARTESIAN_POINT('',(102.24571623674,221.25,1.131322809914));
#1006 = CARTESIAN_POINT('',(101.71629055924,221.25,1.105582823087));
#1007 = CARTESIAN_POINT('',(101.18685389338,221.25,1.080070214131));
#1008 = CARTESIAN_POINT('',(100.12395771228,221.25,1.029319359468));
#1009 = CARTESIAN_POINT('',(99.590498228216,221.25,1.004084649427));
#1010 = CARTESIAN_POINT('',(99.057026164618,221.25,0.979091670377));
#1011 = CARTESIAN_POINT('',(98.523545745201,221.25,0.954345579163));
#1012 = CARTESIAN_POINT('',(97.990048588545,221.25,0.929852320238));
#1013 = CARTESIAN_POINT('',(97.456544743062,221.25,0.905616872041));
#1014 = CARTESIAN_POINT('',(96.923025936098,221.25,0.881644501762));
#1015 = CARTESIAN_POINT('',(96.389496084235,221.25,0.857940616109));
#1016 = ORIENTED_EDGE('',*,*,#1017,.T.);
#1017 = EDGE_CURVE('',#983,#1018,#1020,.T.);
#1018 = VERTEX_POINT('',#1019);
#1019 = CARTESIAN_POINT('',(91.889496084235,221.25,0.66681614993));
#1020 = B_SPLINE_CURVE_WITH_KNOTS('',8,(#1021,#1022,#1023,#1024,#1025,
    #1026,#1027,#1028,#1029),.UNSPECIFIED.,.F.,.F.,(9,9),(0.,1.),
  .PIECEWISE_BEZIER_KNOTS.);
#1021 = CARTESIAN_POINT('',(96.389496084235,221.25,0.857940616109));
#1022 = CARTESIAN_POINT('',(95.831275417912,221.25,0.833139756704));
#1023 = CARTESIAN_POINT('',(95.281439783474,221.25,0.809004857943));
#1024 = CARTESIAN_POINT('',(94.715805438191,221.25,0.784458513331));
#1025 = CARTESIAN_POINT('',(94.125569962318,221.25,0.759156039898));
#1026 = CARTESIAN_POINT('',(93.517444663226,221.25,0.733465967271));
#1027 = CARTESIAN_POINT('',(92.913859467301,221.25,0.708430969499));
#1028 = CARTESIAN_POINT('',(92.353101668372,221.25,0.685539543615));
#1029 = CARTESIAN_POINT('',(91.889496084235,221.25,0.66681614993));
#1030 = ORIENTED_EDGE('',*,*,#1031,.T.);
#1031 = EDGE_CURVE('',#1018,#1032,#1034,.T.);
#1032 = VERTEX_POINT('',#1033);
#1033 = CARTESIAN_POINT('',(91.889496084235,233.75,1.144102675564));
#1034 = B_SPLINE_CURVE_WITH_KNOTS('',6,(#1035,#1036,#1037,#1038,#1039,
    #1040,#1041,#1042,#1043,#1044,#1045,#1046),.UNSPECIFIED.,.F.,.F.,(7,
    5,7),(0.,0.508603474216,1.),.UNSPECIFIED.);
#1035 = CARTESIAN_POINT('',(91.889496084235,221.25,0.66681614993));
#1036 = CARTESIAN_POINT('',(91.889496084235,222.06858999743,
    0.69807078132));
#1037 = CARTESIAN_POINT('',(91.889496084235,223.18359266382,
    0.740642987598));
#1038 = CARTESIAN_POINT('',(91.889496084235,224.31890401864,
    0.783991222896));
#1039 = CARTESIAN_POINT('',(91.889496084235,225.35414903112,
    0.823519182966));
#1040 = CARTESIAN_POINT('',(91.889496084235,226.32381459109,
    0.860543392884));
#1041 = CARTESIAN_POINT('',(91.889496084235,228.47198687884,
    0.942566823645));
#1042 = CARTESIAN_POINT('',(91.889496084235,229.52759069847,
    0.982873231411));
#1043 = CARTESIAN_POINT('',(91.889496084235,230.58319389004,
    1.023180017728));
#1044 = CARTESIAN_POINT('',(91.889496084235,231.63879655944,
    1.063487188264));
#1045 = CARTESIAN_POINT('',(91.889496084235,232.69439856594,
    1.103794739175));
#1046 = CARTESIAN_POINT('',(91.889496084235,233.75,1.144102675564));
#1047 = ORIENTED_EDGE('',*,*,#1048,.F.);
#1048 = EDGE_CURVE('',#1049,#1032,#1051,.T.);
#1049 = VERTEX_POINT('',#1050);
#1050 = CARTESIAN_POINT('',(96.389496084235,233.75,1.334408378531));
#1051 = B_SPLINE_CURVE_WITH_KNOTS('',7,(#1052,#1053,#1054,#1055,#1056,
    #1057,#1058,#1059),.UNSPECIFIED.,.F.,.F.,(8,8),(0.,1.),
  .PIECEWISE_BEZIER_KNOTS.);
#1052 = CARTESIAN_POINT('',(96.389496084235,233.75,1.334408378531));
#1053 = CARTESIAN_POINT('',(95.746693675188,233.75,1.305948436076));
#1054 = CARTESIAN_POINT('',(95.103873428605,233.75,1.277890947209));
#1055 = CARTESIAN_POINT('',(94.461035042773,233.75,1.250249651166));
#1056 = CARTESIAN_POINT('',(93.81817896998,233.75,1.223014847562));
#1057 = CARTESIAN_POINT('',(93.175303765876,233.75,1.196241514811));
#1058 = CARTESIAN_POINT('',(92.532409666148,233.75,1.169928392505));
#1059 = CARTESIAN_POINT('',(91.889496084235,233.75,1.144102675564));
#1060 = ORIENTED_EDGE('',*,*,#1061,.F.);
#1061 = EDGE_CURVE('',#1062,#1049,#1064,.T.);
#1062 = VERTEX_POINT('',#1063);
#1063 = CARTESIAN_POINT('',(119.38949608423,233.75,2.528789069871));
#1064 = B_SPLINE_CURVE_WITH_KNOTS('',7,(#1065,#1066,#1067,#1068,#1069,
    #1070,#1071,#1072,#1073,#1074,#1075,#1076,#1077,#1078,#1079,#1080,
    #1081,#1082,#1083,#1084),.UNSPECIFIED.,.F.,.F.,(8,6,6,8),(0.,
    0.242695404404,0.624968168291,1.),.UNSPECIFIED.);
#1065 = CARTESIAN_POINT('',(119.38949608423,233.75,2.528789069871));
#1066 = CARTESIAN_POINT('',(118.59231987107,233.75,2.482685930265));
#1067 = CARTESIAN_POINT('',(117.79512725301,233.75,2.436866515543));
#1068 = CARTESIAN_POINT('',(116.99791769124,233.75,2.391342218637));
#1069 = CARTESIAN_POINT('',(116.2006907266,233.75,2.346122948067));
#1070 = CARTESIAN_POINT('',(115.40344575702,233.75,2.30122213037));
#1071 = CARTESIAN_POINT('',(114.60618207439,233.75,2.256655829626));
#1072 = CARTESIAN_POINT('',(112.55308822491,233.75,2.142784716408));
#1073 = CARTESIAN_POINT('',(111.29722954672,233.75,2.073992801902));
#1074 = CARTESIAN_POINT('',(110.0413208387,233.75,2.006119702549));
#1075 = CARTESIAN_POINT('',(108.78535905503,233.75,1.939225939434));
#1076 = CARTESIAN_POINT('',(107.52934182532,233.75,1.873385991654));
#1077 = CARTESIAN_POINT('',(106.27326832934,233.75,1.808630218494));
#1078 = CARTESIAN_POINT('',(103.78479666195,233.75,1.682655140425));
#1079 = CARTESIAN_POINT('',(102.55240074115,233.75,1.621392529209));
#1080 = CARTESIAN_POINT('',(101.31994562766,233.75,1.561321401814));
#1081 = CARTESIAN_POINT('',(100.08742922707,233.75,1.502514234857));
#1082 = CARTESIAN_POINT('',(98.8548497583,233.75,1.445044891867));
#1083 = CARTESIAN_POINT('',(97.622205757866,233.75,1.388986341963));
#1084 = CARTESIAN_POINT('',(96.389496084235,233.75,1.334408378531));
#1085 = ORIENTED_EDGE('',*,*,#1086,.F.);
#1086 = EDGE_CURVE('',#1087,#1062,#1089,.T.);
#1087 = VERTEX_POINT('',#1088);
#1088 = CARTESIAN_POINT('',(123.88949608423,233.75,2.792717760969));
#1089 = B_SPLINE_CURVE_WITH_KNOTS('',4,(#1090,#1091,#1092,#1093,#1094),
  .UNSPECIFIED.,.F.,.F.,(5,5),(0.,1.),.PIECEWISE_BEZIER_KNOTS.);
#1090 = CARTESIAN_POINT('',(123.88949608423,233.75,2.792717760969));
#1091 = CARTESIAN_POINT('',(122.76454708021,233.75,2.725869864953));
#1092 = CARTESIAN_POINT('',(121.63956579753,233.75,2.659565250774));
#1093 = CARTESIAN_POINT('',(120.51454961314,233.75,2.593854357885));
#1094 = CARTESIAN_POINT('',(119.38949608423,233.75,2.528789069871));
#1095 = ORIENTED_EDGE('',*,*,#1096,.F.);
#1096 = EDGE_CURVE('',#1097,#1087,#1099,.T.);
#1097 = VERTEX_POINT('',#1098);
#1098 = CARTESIAN_POINT('',(123.88949608423,229.25,2.621748283675));
#1099 = B_SPLINE_CURVE_WITH_KNOTS('',4,(#1100,#1101,#1102,#1103,#1104),
  .UNSPECIFIED.,.F.,.F.,(5,5),(0.,1.),.PIECEWISE_BEZIER_KNOTS.);
#1100 = CARTESIAN_POINT('',(123.88949608423,229.25,2.621748283675));
#1101 = CARTESIAN_POINT('',(123.88949608423,230.37500000177,
    2.664490652671));
#1102 = CARTESIAN_POINT('',(123.88949608423,231.50000000246,
    2.707233021889));
#1103 = CARTESIAN_POINT('',(123.88949608423,232.62500000179,
    2.749975391318));
#1104 = CARTESIAN_POINT('',(123.88949608423,233.75,2.792717760969));
#1105 = ORIENTED_EDGE('',*,*,#1106,.F.);
#1106 = EDGE_CURVE('',#1107,#1097,#1109,.T.);
#1107 = VERTEX_POINT('',#1108);
#1108 = CARTESIAN_POINT('',(131.88949608423,229.25,3.106440266072));
#1109 = B_SPLINE_CURVE_WITH_KNOTS('',8,(#1110,#1111,#1112,#1113,#1114,
    #1115,#1116,#1117,#1118,#1119,#1120,#1121,#1122,#1123,#1124,#1125),
  .UNSPECIFIED.,.F.,.F.,(9,7,9),(0.,0.222317582757,1.),.UNSPECIFIED.);
#1110 = CARTESIAN_POINT('',(131.88949608423,229.25,3.106440266072));
#1111 = CARTESIAN_POINT('',(131.54216139032,229.25,3.085031632456));
#1112 = CARTESIAN_POINT('',(131.19482475061,229.25,3.063655439508));
#1113 = CARTESIAN_POINT('',(130.84748608518,229.25,3.04231229453));
#1114 = CARTESIAN_POINT('',(130.50014533103,229.25,3.021002807802));
#1115 = CARTESIAN_POINT('',(130.15280244204,229.25,2.999727592581));
#1116 = CARTESIAN_POINT('',(129.80545738901,229.25,2.978487265105));
#1117 = CARTESIAN_POINT('',(129.45811015965,229.25,2.957282444588));
#1118 = CARTESIAN_POINT('',(127.89570831651,229.25,2.862064193733));
#1119 = CARTESIAN_POINT('',(126.68062890124,229.25,2.788457441264));
#1120 = CARTESIAN_POINT('',(125.4655214645,229.25,2.715311951265));
#1121 = CARTESIAN_POINT('',(124.2503830191,229.25,2.642686349211));
#1122 = CARTESIAN_POINT('',(123.03521406176,229.25,2.570566209951));
#1123 = CARTESIAN_POINT('',(121.82001067075,229.25,2.499034144931));
#1124 = CARTESIAN_POINT('',(120.60477202212,229.25,2.428102225327));
#1125 = CARTESIAN_POINT('',(119.38949608423,229.25,2.357815239336));
#1126 = ORIENTED_EDGE('',*,*,#1127,.F.);
#1127 = EDGE_CURVE('',#1128,#1107,#1130,.T.);
#1128 = VERTEX_POINT('',#1129);
#1129 = CARTESIAN_POINT('',(131.88949608423,225.75,2.973442103052));
#1130 = B_SPLINE_CURVE_WITH_KNOTS('',4,(#1131,#1132,#1133,#1134,#1135),
  .UNSPECIFIED.,.F.,.F.,(5,5),(0.,1.),.PIECEWISE_BEZIER_KNOTS.);
#1131 = CARTESIAN_POINT('',(131.88949608423,225.75,2.973442103052));
#1132 = CARTESIAN_POINT('',(131.88949608423,226.62500005952,
    3.006691636323));
#1133 = CARTESIAN_POINT('',(131.88949608423,227.50000007949,
    3.039941174576));
#1134 = CARTESIAN_POINT('',(131.88949608423,228.37500005972,
    3.073190717823));
#1135 = CARTESIAN_POINT('',(131.88949608423,229.25,3.106440266072));
#1136 = ORIENTED_EDGE('',*,*,#1137,.T.);
#1137 = EDGE_CURVE('',#1128,#1138,#1140,.T.);
#1138 = VERTEX_POINT('',#1139);
#1139 = CARTESIAN_POINT('',(123.88949608423,225.75,2.488772025735));
#1140 = B_SPLINE_CURVE_WITH_KNOTS('',8,(#1141,#1142,#1143,#1144,#1145,
    #1146,#1147,#1148,#1149,#1150,#1151,#1152,#1153,#1154,#1155,#1156),
  .UNSPECIFIED.,.F.,.F.,(9,7,9),(0.,0.221299908685,1.),.UNSPECIFIED.);
#1141 = CARTESIAN_POINT('',(131.88949608423,225.75,2.973442103052));
#1142 = CARTESIAN_POINT('',(131.5437512794,225.75,2.952132949636));
#1143 = CARTESIAN_POINT('',(131.19800454241,225.75,2.930855899253));
#1144 = CARTESIAN_POINT('',(130.85225580009,225.75,2.909611549822));
#1145 = CARTESIAN_POINT('',(130.50650499395,225.75,2.888400501767));
#1146 = CARTESIAN_POINT('',(130.16075208013,225.75,2.867223358012));
#1147 = CARTESIAN_POINT('',(129.81499702943,225.75,2.846080723984));
#1148 = CARTESIAN_POINT('',(129.46923982729,225.75,2.824973207612));
#1149 = CARTESIAN_POINT('',(127.90683812757,225.75,2.729754965497));
#1150 = CARTESIAN_POINT('',(126.69016879053,225.75,2.656051609598));
#1151 = CARTESIAN_POINT('',(125.47347141568,225.75,2.582809776242));
#1152 = CARTESIAN_POINT('',(124.25674301307,225.75,2.510088159176));
#1153 = CARTESIAN_POINT('',(123.03998408252,225.75,2.437872251095));
#1154 = CARTESIAN_POINT('',(121.82319070178,225.75,2.366244689086));
#1155 = CARTESIAN_POINT('',(120.6063620462,225.75,2.295217550352));
#1156 = CARTESIAN_POINT('',(119.38949608423,225.75,2.2248356115));
#1157 = ORIENTED_EDGE('',*,*,#1158,.F.);
#1158 = EDGE_CURVE('',#971,#1138,#1159,.T.);
#1159 = B_SPLINE_CURVE_WITH_KNOTS('',4,(#1160,#1161,#1162,#1163,#1164),
  .UNSPECIFIED.,.F.,.F.,(5,5),(0.,1.),.PIECEWISE_BEZIER_KNOTS.);
#1160 = CARTESIAN_POINT('',(123.88949608423,221.25,2.317802554022));
#1161 = CARTESIAN_POINT('',(123.88949608423,222.37500000174,
    2.360544921627));
#1162 = CARTESIAN_POINT('',(123.88949608423,223.50000000242,
    2.403287289451));
#1163 = CARTESIAN_POINT('',(123.88949608423,224.62500000174,
    2.446029657482));
#1164 = CARTESIAN_POINT('',(123.88949608423,225.75,2.488772025735));
#1165 = B_SPLINE_SURFACE_WITH_KNOTS('',3,1,(
    (#1166,#1167)
    ,(#1168,#1169)
    ,(#1170,#1171)
    ,(#1172,#1173)
    ,(#1174,#1175)
    ,(#1176,#1177)
    ,(#1178,#1179)
    ,(#1180,#1181)
    ,(#1182,#1183)
    ,(#1184,#1185)
    ,(#1186,#1187)
    ,(#1188,#1189)
    ,(#1190,#1191)
    ,(#1192,#1193)
    ,(#1194,#1195)
    ,(#1196,#1197)
    ,(#1198,#1199)
    ,(#1200,#1201)
    ,(#1202,#1203)
    ,(#1204,#1205)
    ,(#1206,#1207)
    ,(#1208,#1209)
    ,(#1210,#1211)
    ,(#1212,#1213)
    ,(#1214,#1215)
    ,(#1216,#1217)
    ,(#1218,#1219)
    ,(#1220,#1221)
    ,(#1222,#1223)
    ,(#1224,#1225)
    ,(#1226,#1227)
    ,(#1228,#1229)
    ,(#1230,#1231)
    ,(#1232,#1233)
    ,(#1234,#1235)
    ,(#1236,#1237)
    ,(#1238,#1239)
    ,(#1240,#1241)
    ,(#1242,#1243)
    ,(#1244,#1245)
    ,(#1246,#1247)
    ,(#1248,#1249)
    ,(#1250,#1251)
    ,(#1252,#1253)
    ,(#1254,#1255)
    ,(#1256,#1257)
    ,(#1258,#1259)
    ,(#1260,#1261)
    ,(#1262,#1263)
    ,(#1264,#1265)
    ,(#1266,#1267)
    ,(#1268,#1269)
    ,(#1270,#1271)
    ,(#1272,#1273)
    ,(#1274,#1275)
    ,(#1276,#1277)
    ,(#1278,#1279)
    ,(#1280,#1281)
    ,(#1282,#1283)
    ,(#1284,#1285)
    ,(#1286,#1287)
    ,(#1288,#1289)
    ,(#1290,#1291)
    ,(#1292,#1293)
    ,(#1294,#1295)
    ,(#1296,#1297)
    ,(#1298,#1299)
    ,(#1300,#1301)
    ,(#1302,#1303)
    ,(#1304,#1305)
    ,(#1306,#1307)
    ,(#1308,#1309)
    ,(#1310,#1311)
    ,(#1312,#1313)
    ,(#1314,#1315)
    ,(#1316,#1317)
    ,(#1318,#1319)
    ,(#1320,#1321)
    ,(#1322,#1323)
    ,(#1324,#1325)
    ,(#1326,#1327)
    ,(#1328,#1329)
    ,(#1330,#1331)
    ,(#1332,#1333)
    ,(#1334,#1335)
    ,(#1336,#1337)
    ,(#1338,#1339)
    ,(#1340,#1341)
    ,(#1342,#1343)
    ,(#1344,#1345)
    ,(#1346,#1347)
    ,(#1348,#1349)
    ,(#1350,#1351)
    ,(#1352,#1353)
    ,(#1354,#1355)
    ,(#1356,#1357)
    ,(#1358,#1359)
    ,(#1360,#1361)
    ,(#1362,#1363)
    ,(#1364,#1365)
    ,(#1366,#1367)
    ,(#1368,#1369)
    ,(#1370,#1371)
    ,(#1372,#1373)
    ,(#1374,#1375)
    ,(#1376,#1377)
    ,(#1378,#1379)
    ,(#1380,#1381)
    ,(#1382,#1383)
    ,(#1384,#1385)
    ,(#1386,#1387)
    ,(#1388,#1389)
    ,(#1390,#1391)
    ,(#1392,#1393)
    ,(#1394,#1395)
    ,(#1396,#1397)
    ,(#1398,#1399)
    ,(#1400,#1401)
    ,(#1402,#1403)
    ,(#1404,#1405)
    ,(#1406,#1407)
    ,(#1408,#1409)
    ,(#1410,#1411)
    ,(#1412,#1413)
    ,(#1414,#1415)
    ,(#1416,#1417)
    ,(#1418,#1419)
    ,(#1420,#1421)
    ,(#1422,#1423)
    ,(#1424,#1425)
    ,(#1426,#1427)
    ,(#1428,#1429)
    ,(#1430,#1431)
    ,(#1432,#1433)
    ,(#1434,#1435)
    ,(#1436,#1437)
    ,(#1438,#1439)
    ,(#1440,#1441)
    ,(#1442,#1443)
    ,(#1444,#1445)
    ,(#1446,#1447)
    ,(#1448,#1449)
    ,(#1450,#1451)
    ,(#1452,#1453)
    ,(#1454,#1455)
    ,(#1456,#1457)
    ,(#1458,#1459)
    ,(#1460,#1461)
    ,(#1462,#1463)
    ,(#1464,#1465)
    ,(#1466,#1467)
    ,(#1468,#1469)
    ,(#1470,#1471)
    ,(#1472,#1473)
    ,(#1474,#1475)
    ,(#1476,#1477)
    ,(#1478,#1479)
    ,(#1480,#1481)
    ,(#1482,#1483)
    ,(#1484,#1485)
    ,(#1486,#1487)
    ,(#1488,#1489
    )),.UNSPECIFIED.,.T.,.F.,.F.,(4,1,1,1,1,1,1,1,1,1,1,1,1,1,1,1,1,1,1,
    1,1,1,1,1,1,1,1,1,1,1,1,1,1,1,1,1,1,1,1,1,1,1,1,1,1,1,1,1,1,1,1,1,1,
    1,1,1,1,1,1,1,1,1,1,1,1,1,1,1,1,1,1,1,1,1,1,1,1,1,1,1,1,1,1,1,1,1,1,
    1,1,1,1,1,1,1,1,1,1,1,1,1,1,1,1,1,1,1,1,1,1,1,1,1,1,1,1,1,1,1,1,1,1,
    1,1,1,1,1,1,1,1,1,1,1,1,1,1,1,1,1,1,1,1,1,1,1,1,1,1,1,1,1,1,1,1,1,1,
    1,1,1,1,4),(2,2),(0.,8.482749724189E-02,0.339143082503,
    0.762546419043,1.354374507621,2.113656195341,3.039146235983,
    4.12937953038,5.382559821407,6.796713838166,8.369521732613,
    10.098492338873,11.980826724527,14.013514093232,16.193295459209,
    18.516697217166,20.979993804114,23.579266797642,26.310350342105,
    29.168903900949,32.150396417577,35.250077580163,38.463023986103,
    41.784149552005,45.208143098465,48.729600795261,52.34292131953,
    56.042401643089,59.82214769812,63.676143592166,67.598324114033,
    71.582433101715,75.622133992308,79.711047470659,83.842636716135,
    88.010390628888,92.207654622475,96.427765208354,100.66402590032,
    104.90972810434,109.15813916464,113.402518059,117.63616288696,
    121.85236445827,126.0445056285,130.22053694062,134.37823467622,
    138.49238441594,142.55655844644,146.56449007601,150.50992137387,
    154.38680988706,158.18918091631,161.91126488352,165.54741704142,
    169.09219361967,172.54030664683,175.88666238469,179.12641106955,
    182.25491804396,185.26773759402,188.16075089851,190.93005963143,
    193.5720538173,196.08350238049,198.46144099781,200.70334070712,
    202.80716892436,204.77129705347,206.59483433892,208.27758621654,
    209.82031756165,211.22505576705,212.49550705552,213.63767835823,
    214.66082717357,215.57869134701,216.41108699479,217.18502972965,
    217.93430174803,218.68356974511,219.45729241875,220.28877285102,
    221.20442744267,222.2233762053,223.35879222995,224.61935498268,
    226.01062042168,227.53580748261,229.19658774864,230.99337067938,
    232.92565971633,234.99232777291,237.19155897737,239.52114918997,
    241.9784943872,244.5606053204,247.26424120187,250.08587366833,
    253.02174873379,256.06787840147,259.22007435001,262.47393302537,
    265.82493020074,269.26831922792,272.79917962665,276.4125066712,
    280.10308816875,283.86557348218,287.69449821388,291.58431071202,
    295.52924607514,299.52352687708,303.56118934683,307.65495271564,
    311.79428390183,315.95823380773,320.14035257436,324.3341403748,
    328.53306550655,332.73057362095,336.92003920832,341.09489950802,
    345.24857240086,349.37449610058,353.46611126816,357.51696885324,
    361.52060111886,365.47066881029,369.36086104034,373.18495369655,
    376.93683348495,380.61049397296,384.20006234393,387.69973051465,
    391.10388068944,394.40702892028,397.60381675597,400.68905493271,
    403.65774879007,406.50507289078,409.22636957165,411.81717294685,
    414.27322861941,416.59053742525,418.76524529002,420.7937548055,
    422.67272229946,424.3990125341,425.96975141629,427.38229141916,
    428.63432928332,429.7236885655,430.64859451942,431.40749140741,
    431.99905300507,432.42231710009,432.67657979745,432.76136978251,
    433.295605455),(0.,1.),.UNSPECIFIED.);
#1166 = CARTESIAN_POINT('',(212.0177656,0.,0.2665264));
#1167 = CARTESIAN_POINT('',(180.82539850533,700.,24.618032244223));
#1168 = CARTESIAN_POINT('',(211.99008593315,0.,0.272302103624));
#1169 = CARTESIAN_POINT('',(180.80738060899,700.,24.621791900356));
#1170 = CARTESIAN_POINT('',(211.87941985879,0.,0.295384590259));
#1171 = CARTESIAN_POINT('',(180.7353432587,700.,24.636817292599));
#1172 = CARTESIAN_POINT('',(211.6305759872,0.,0.347204384623));
#1173 = CARTESIAN_POINT('',(180.5733599838,700.,24.670549045534));
#1174 = CARTESIAN_POINT('',(211.21624851244,0.,0.433320857661));
#1175 = CARTESIAN_POINT('',(180.30365625023,700.,24.726605994965));
#1176 = CARTESIAN_POINT('',(210.63704302742,0.,0.553314615099));
#1177 = CARTESIAN_POINT('',(179.9266262647,700.,24.804715138958));
#1178 = CARTESIAN_POINT('',(209.89381558309,0.,0.706584561398));
#1179 = CARTESIAN_POINT('',(179.44282726791,700.,24.904485198341));
#1180 = CARTESIAN_POINT('',(208.98767742365,0.,0.892439749811));
#1181 = CARTESIAN_POINT('',(178.85298261696,700.,25.025466405893));
#1182 = CARTESIAN_POINT('',(207.91997161314,0.,1.109944964625));
#1183 = CARTESIAN_POINT('',(178.15796657049,700.,25.167049989121));
#1184 = CARTESIAN_POINT('',(206.69229005635,0.,1.358162663213));
#1185 = CARTESIAN_POINT('',(177.35881536843,700.,25.328625660843));
#1186 = CARTESIAN_POINT('',(205.30645819214,0.,1.635862704875));
#1187 = CARTESIAN_POINT('',(176.45671726815,700.,25.509392669095));
#1188 = CARTESIAN_POINT('',(203.76454875522,0.,1.941855716062));
#1189 = CARTESIAN_POINT('',(175.4530215026,700.,25.708576799018));
#1190 = CARTESIAN_POINT('',(202.06886868072,0.,2.274703844558));
#1191 = CARTESIAN_POINT('',(174.349229756,700.,25.925242090209));
#1192 = CARTESIAN_POINT('',(200.22195112602,0.,2.632904166695));
#1193 = CARTESIAN_POINT('',(173.14699097039,700.,26.15841022443));
#1194 = CARTESIAN_POINT('',(198.22659054008,0.,3.014934782844));
#1195 = CARTESIAN_POINT('',(171.84812417388,700.,26.407090531169));
#1196 = CARTESIAN_POINT('',(196.08578242158,0.,3.419103238944));
#1197 = CARTESIAN_POINT('',(170.45457926655,700.,26.67018131863));
#1198 = CARTESIAN_POINT('',(193.80276119013,0.,3.843667390304));
#1199 = CARTESIAN_POINT('',(168.96846167249,700.,26.946548549233));
#1200 = CARTESIAN_POINT('',(191.38098742326,0.,4.286867426945));
#1201 = CARTESIAN_POINT('',(167.3920240318,700.,27.235046686291));
#1202 = CARTESIAN_POINT('',(188.82414218068,0.,4.746831265646));
#1203 = CARTESIAN_POINT('',(165.72766250597,700.,27.534457109597));
#1204 = CARTESIAN_POINT('',(186.13613121427,0.,5.221740806807));
#1205 = CARTESIAN_POINT('',(163.9779195184,700.,27.843596339221));
#1206 = CARTESIAN_POINT('',(183.32104013271,0.,5.709581069895));
#1207 = CARTESIAN_POINT('',(162.14545456908,700.,28.161152736891));
#1208 = CARTESIAN_POINT('',(180.38319512529,0.,6.208539613096));
#1209 = CARTESIAN_POINT('',(160.23308376237,700.,28.485946505578));
#1210 = CARTESIAN_POINT('',(177.32708589727,0.,6.716564195103));
#1211 = CARTESIAN_POINT('',(158.24372964224,700.,28.816641752357));
#1212 = CARTESIAN_POINT('',(174.1574219892,0.,7.23174367135));
#1213 = CARTESIAN_POINT('',(156.18045785303,700.,29.151994430291));
#1214 = CARTESIAN_POINT('',(170.87909798408,0.,7.752092323358));
#1215 = CARTESIAN_POINT('',(154.0464544912,700.,29.490711949051));
#1216 = CARTESIAN_POINT('',(167.4971798272,0.,8.27562690641));
#1217 = CARTESIAN_POINT('',(151.8450172004,700.,29.831503328584));
#1218 = CARTESIAN_POINT('',(164.01691567776,0.,8.800360019805));
#1219 = CARTESIAN_POINT('',(149.5795622352,700.,30.173074883531));
#1220 = CARTESIAN_POINT('',(160.44370635164,0.,9.324382077469));
#1221 = CARTESIAN_POINT('',(147.25360522102,700.,30.514183581444));
#1222 = CARTESIAN_POINT('',(156.78310735452,0.,9.84564774887));
#1223 = CARTESIAN_POINT('',(144.87076247762,700.,30.853498027922));
#1224 = CARTESIAN_POINT('',(153.04084797127,0.,10.362279888642));
#1225 = CARTESIAN_POINT('',(142.43476344512,700.,31.189796307585));
#1226 = CARTESIAN_POINT('',(149.22277356103,0.,10.872291196548));
#1227 = CARTESIAN_POINT('',(139.94941312148,700.,31.521784800467));
#1228 = CARTESIAN_POINT('',(145.33486423998,0.,11.373703811716));
#1229 = CARTESIAN_POINT('',(137.41860422381,700.,31.848176031095));
#1230 = CARTESIAN_POINT('',(141.38323842763,0.,11.864692589551));
#1231 = CARTESIAN_POINT('',(134.8463194969,700.,32.167781933648));
#1232 = CARTESIAN_POINT('',(137.37410931817,0.,12.343253548155));
#1233 = CARTESIAN_POINT('',(132.23660337848,700.,32.479298029343));
#1234 = CARTESIAN_POINT('',(133.31381689751,0.,12.807544878021));
#1235 = CARTESIAN_POINT('',(129.59358284051,700.,32.781525404445));
#1236 = CARTESIAN_POINT('',(129.20875960707,0.,13.255605885432));
#1237 = CARTESIAN_POINT('',(126.92142290617,700.,33.073187758325));
#1238 = CARTESIAN_POINT('',(125.06546923172,0.,13.685723437335));
#1239 = CARTESIAN_POINT('',(124.22437539768,700.,33.353169938338));
#1240 = CARTESIAN_POINT('',(120.89050327242,0.,14.095878235744));
#1241 = CARTESIAN_POINT('',(121.50670887701,700.,33.620157495792));
#1242 = CARTESIAN_POINT('',(116.69053802159,0.,14.484451859829));
#1243 = CARTESIAN_POINT('',(118.7727692326,700.,33.873096930339));
#1244 = CARTESIAN_POINT('',(112.47225568554,0.,14.849519748266));
#1245 = CARTESIAN_POINT('',(116.02690620253,700.,34.110735461491));
#1246 = CARTESIAN_POINT('',(108.24240912167,0.,15.189475484375));
#1247 = CARTESIAN_POINT('',(113.27351551473,700.,34.332027402921));
#1248 = CARTESIAN_POINT('',(104.00776920945,0.,15.502507127203));
#1249 = CARTESIAN_POINT('',(110.51700462847,700.,34.535793283629));
#1250 = CARTESIAN_POINT('',(99.775154175729,0.,15.787184786926));
#1251 = CARTESIAN_POINT('',(107.7618118235,700.,34.721102326279));
#1252 = CARTESIAN_POINT('',(95.55137689671,0.,16.041777471648));
#1253 = CARTESIAN_POINT('',(105.01237189659,700.,34.886827753126));
#1254 = CARTESIAN_POINT('',(91.343256224385,0.,16.264983812137));
#1255 = CARTESIAN_POINT('',(102.27312353442,700.,35.032122446464));
#1256 = CARTESIAN_POINT('',(87.152750915559,0.,16.455340032026));
#1257 = CARTESIAN_POINT('',(99.545341776788,700.,35.156033570731));
#1258 = CARTESIAN_POINT('',(82.980364394972,0.,16.612722137351));
#1259 = CARTESIAN_POINT('',(96.829354324708,700.,35.258480412876));
#1260 = CARTESIAN_POINT('',(78.832435000747,0.,16.72261128806));
#1261 = CARTESIAN_POINT('',(94.129287077523,700.,35.330012029847));
#1262 = CARTESIAN_POINT('',(74.720828896624,0.,16.785891575161));
#1263 = CARTESIAN_POINT('',(91.45286423616,700.,35.371203914847));
#1264 = CARTESIAN_POINT('',(70.658678617017,0.,16.801289844179));
#1265 = CARTESIAN_POINT('',(88.808634337171,700.,35.381227316378));
#1266 = CARTESIAN_POINT('',(66.652867095895,0.,16.768785765337));
#1267 = CARTESIAN_POINT('',(86.201077780969,700.,35.360069000905));
#1268 = CARTESIAN_POINT('',(62.710171033445,0.,16.688174716628));
#1269 = CARTESIAN_POINT('',(83.634605815789,700.,35.307595771085));
#1270 = CARTESIAN_POINT('',(58.837293389307,0.,16.559796809291));
#1271 = CARTESIAN_POINT('',(81.113581688944,700.,35.224029020083));
#1272 = CARTESIAN_POINT('',(55.040804448046,0.,16.38391088405));
#1273 = CARTESIAN_POINT('',(78.642282283784,700.,35.109537238558));
#1274 = CARTESIAN_POINT('',(51.327149377028,0.,16.161306373965));
#1275 = CARTESIAN_POINT('',(76.224903039442,700.,34.964634302748));
#1276 = CARTESIAN_POINT('',(47.702620876028,0.,15.892777577768));
#1277 = CARTESIAN_POINT('',(73.865540147281,700.,34.789837256167));
#1278 = CARTESIAN_POINT('',(44.17335741683,0.,15.579452278457));
#1279 = CARTESIAN_POINT('',(71.568189404974,700.,34.585880221709));
#1280 = CARTESIAN_POINT('',(40.745323337648,0.,15.222653704243));
#1281 = CARTESIAN_POINT('',(69.336733259091,700.,34.353624546042));
#1282 = CARTESIAN_POINT('',(37.424283659786,0.,14.823978744339));
#1283 = CARTESIAN_POINT('',(67.174924412181,700.,34.094109713652));
#1284 = CARTESIAN_POINT('',(34.215799841885,0.,14.385131535375));
#1285 = CARTESIAN_POINT('',(65.086383059019,700.,33.808445021024));
#1286 = CARTESIAN_POINT('',(31.125222088969,0.,13.90802882037));
#1287 = CARTESIAN_POINT('',(63.074591880234,700.,33.49787815937));
#1288 = CARTESIAN_POINT('',(28.157640155222,0.,13.394893607198));
#1289 = CARTESIAN_POINT('',(61.142864017701,700.,33.163856180984));
#1290 = CARTESIAN_POINT('',(25.317946859967,0.,12.847879882149));
#1291 = CARTESIAN_POINT('',(59.294384419846,700.,32.807781209019));
#1292 = CARTESIAN_POINT('',(22.610747809339,0.,12.269443904743));
#1293 = CARTESIAN_POINT('',(57.532151075569,700.,32.431252129386));
#1294 = CARTESIAN_POINT('',(20.04038814812,0.,11.662115297151));
#1295 = CARTESIAN_POINT('',(55.858992428172,700.,32.035915582935));
#1296 = CARTESIAN_POINT('',(17.610961245571,0.,11.028470760763));
#1297 = CARTESIAN_POINT('',(54.277573029342,700.,31.623448856418));
#1298 = CARTESIAN_POINT('',(15.326267427624,0.,10.371174624716));
#1299 = CARTESIAN_POINT('',(52.790366676151,700.,31.195586277293));
#1300 = CARTESIAN_POINT('',(13.189830632491,0.,9.692883037228));
#1301 = CARTESIAN_POINT('',(51.399667252904,700.,30.754056847702));
#1302 = CARTESIAN_POINT('',(11.204846241729,0.,8.996373568734));
#1303 = CARTESIAN_POINT('',(50.107554772125,700.,30.300668608777));
#1304 = CARTESIAN_POINT('',(9.374260257665,0.,8.28418810351));
#1305 = CARTESIAN_POINT('',(48.915946914574,700.,29.837076183301));
#1306 = CARTESIAN_POINT('',(7.700638857153,0.,7.559033632862));
#1307 = CARTESIAN_POINT('',(47.826514116127,700.,29.365041669388));
#1308 = CARTESIAN_POINT('',(6.186302064856,0.,6.823274048203));
#1309 = CARTESIAN_POINT('',(46.840766581519,700.,28.886103826544));
#1310 = CARTESIAN_POINT('',(4.833157532351,0.,6.079321468068));
#1311 = CARTESIAN_POINT('',(45.959946083945,700.,28.4018328074));
#1312 = CARTESIAN_POINT('',(3.642818723955,0.,5.329234375455));
#1313 = CARTESIAN_POINT('',(45.185102897347,700.,27.913568567868));
#1314 = CARTESIAN_POINT('',(2.616487083086,0.,4.574838482398));
#1315 = CARTESIAN_POINT('',(44.517019093386,700.,27.422499543143));
#1316 = CARTESIAN_POINT('',(1.755096993074,0.,3.81741145287));
#1317 = CARTESIAN_POINT('',(43.956302902717,700.,26.929457420148));
#1318 = CARTESIAN_POINT('',(1.059347600657,0.,3.057658294956));
#1319 = CARTESIAN_POINT('',(43.503409430295,700.,26.434901119242));
#1320 = CARTESIAN_POINT('',(0.53025116913,0.,2.295376788068));
#1321 = CARTESIAN_POINT('',(43.158997602226,700.,25.938699006267));
#1322 = CARTESIAN_POINT('',(0.169907071757,0.,1.529837470464));
#1323 = CARTESIAN_POINT('',(42.924433991671,700.,25.440376242922));
#1324 = CARTESIAN_POINT('',(-1.769952062688E-02,0.,0.761137156929));
#1325 = CARTESIAN_POINT('',(42.802312719271,700.,24.939995850149));
#1326 = CARTESIAN_POINT('',(-2.844684401773E-02,0.,-2.849297385688E-03)
  );
#1327 = CARTESIAN_POINT('',(42.795316820082,700.,24.442683912906));
#1328 = CARTESIAN_POINT('',(0.133343870461,0.,-0.749471902505));
#1329 = CARTESIAN_POINT('',(42.900633417243,700.,23.95667485863));
#1330 = CARTESIAN_POINT('',(0.468399786616,0.,-1.465770814918));
#1331 = CARTESIAN_POINT('',(43.118735853231,700.,23.490404811871));
#1332 = CARTESIAN_POINT('',(0.970342793332,0.,-2.145379554368));
#1333 = CARTESIAN_POINT('',(43.445472338735,700.,23.048017990908));
#1334 = CARTESIAN_POINT('',(1.634584437256,0.,-2.789628537905));
#1335 = CARTESIAN_POINT('',(43.877856050346,700.,22.628648369549));
#1336 = CARTESIAN_POINT('',(2.458615360249,0.,-3.400379552789));
#1337 = CARTESIAN_POINT('',(44.414253537954,700.,22.231084029672));
#1338 = CARTESIAN_POINT('',(3.440895325036,0.,-3.978897828686));
#1339 = CARTESIAN_POINT('',(45.053662194277,700.,21.854501378381));
#1340 = CARTESIAN_POINT('',(4.580052294182,0.,-4.525761487858));
#1341 = CARTESIAN_POINT('',(45.795188900608,700.,21.498524090806));
#1342 = CARTESIAN_POINT('',(5.874459989348,0.,-5.041112766184));
#1343 = CARTESIAN_POINT('',(46.637775041801,700.,21.163059579443));
#1344 = CARTESIAN_POINT('',(7.322192416913,0.,-5.524849200445));
#1345 = CARTESIAN_POINT('',(47.580166905028,700.,20.848174542047));
#1346 = CARTESIAN_POINT('',(8.92097628504,0.,-5.976766178323));
#1347 = CARTESIAN_POINT('',(48.620884705978,700.,20.554002169655));
#1348 = CARTESIAN_POINT('',(10.668238083266,0.,-6.396694490645));
#1349 = CARTESIAN_POINT('',(49.758253235012,700.,20.28065260786));
#1350 = CARTESIAN_POINT('',(12.56117077871,0.,-6.784397148433));
#1351 = CARTESIAN_POINT('',(50.990445272613,700.,20.028280123074));
#1352 = CARTESIAN_POINT('',(14.596690977123,0.,-7.139811983167));
#1353 = CARTESIAN_POINT('',(52.315453703655,700.,19.796925183483));
#1354 = CARTESIAN_POINT('',(16.771534799273,0.,-7.462841754424));
#1355 = CARTESIAN_POINT('',(53.731153927507,700.,19.586651087098));
#1356 = CARTESIAN_POINT('',(19.082204816239,0.,-7.753600124715));
#1357 = CARTESIAN_POINT('',(55.23526931591,700.,19.39738384606));
#1358 = CARTESIAN_POINT('',(21.525045202786,0.,-8.012194867842));
#1359 = CARTESIAN_POINT('',(56.825420133567,700.,19.229053305723));
#1360 = CARTESIAN_POINT('',(24.096213043038,0.,-8.23895454289));
#1361 = CARTESIAN_POINT('',(58.499104859769,700.,19.08144559272));
#1362 = CARTESIAN_POINT('',(26.791704157711,0.,-8.434269810671));
#1363 = CARTESIAN_POINT('',(60.253717000453,700.,18.954306408976));
#1364 = CARTESIAN_POINT('',(29.607372211178,0.,-8.598674810883));
#1365 = CARTESIAN_POINT('',(62.086557525823,700.,18.847288059781));
#1366 = CARTESIAN_POINT('',(32.538917764183,0.,-8.732866625312));
#1367 = CARTESIAN_POINT('',(63.994827744288,700.,18.75993678435));
#1368 = CARTESIAN_POINT('',(35.581906492846,0.,-8.837638923493));
#1369 = CARTESIAN_POINT('',(65.975641162003,700.,18.691735948742));
#1370 = CARTESIAN_POINT('',(38.731757647229,0.,-8.914016506012));
#1371 = CARTESIAN_POINT('',(68.026015970045,700.,18.642018465781));
#1372 = CARTESIAN_POINT('',(41.983779832925,0.,-8.963021681909));
#1373 = CARTESIAN_POINT('',(70.142898336205,700.,18.610118870151));
#1374 = CARTESIAN_POINT('',(45.333149921829,0.,-8.985977411999));
#1375 = CARTESIAN_POINT('',(72.323148677096,700.,18.595175989243));
#1376 = CARTESIAN_POINT('',(48.774926086129,0.,-8.984149242631));
#1377 = CARTESIAN_POINT('',(74.563550142536,700.,18.59636602402));
#1378 = CARTESIAN_POINT('',(52.304052003465,0.,-8.959123273899));
#1379 = CARTESIAN_POINT('',(76.860811352878,700.,18.612656513101));
#1380 = CARTESIAN_POINT('',(55.915357563684,0.,-8.9124066302));
#1381 = CARTESIAN_POINT('',(79.211566859058,700.,18.643066403811));
#1382 = CARTESIAN_POINT('',(59.603567547388,0.,-8.845758999114));
#1383 = CARTESIAN_POINT('',(81.612382791846,700.,18.68645023914));
#1384 = CARTESIAN_POINT('',(63.363284841858,0.,-8.760902227896));
#1385 = CARTESIAN_POINT('',(84.05974593636,700.,18.741687193989));
#1386 = CARTESIAN_POINT('',(67.189029153121,0.,-8.659709185614));
#1387 = CARTESIAN_POINT('',(86.550088931427,700.,18.807558136607));
#1388 = CARTESIAN_POINT('',(71.075203734999,0.,-8.543998560151));
#1389 = CARTESIAN_POINT('',(89.079768612084,700.,18.882879204125));
#1390 = CARTESIAN_POINT('',(75.016132374867,0.,-8.41579243773));
#1391 = CARTESIAN_POINT('',(91.645090085205,700.,18.966334132871));
#1392 = CARTESIAN_POINT('',(79.006014198423,0.,-8.276972498967));
#1393 = CARTESIAN_POINT('',(94.242277309973,700.,19.056698055273));
#1394 = CARTESIAN_POINT('',(83.045204505604,0.,-8.128928030791));
#1395 = CARTESIAN_POINT('',(96.871561566534,700.,19.15306662418));
#1396 = CARTESIAN_POINT('',(87.132565900051,0.,-7.975050072376));
#1397 = CARTESIAN_POINT('',(99.53220247424,700.,19.253232465035));
#1398 = CARTESIAN_POINT('',(91.26138333376,0.,-7.804022331613));
#1399 = CARTESIAN_POINT('',(102.21982891693,700.,19.364561843456));
#1400 = CARTESIAN_POINT('',(95.419053177213,0.,-7.618527655992));
#1401 = CARTESIAN_POINT('',(104.92623664522,700.,19.485308377587));
#1402 = CARTESIAN_POINT('',(99.594301274675,0.,-7.420163661217));
#1403 = CARTESIAN_POINT('',(107.64408682187,700.,19.614432110035));
#1404 = CARTESIAN_POINT('',(103.78066728852,0.,-7.210467914956));
#1405 = CARTESIAN_POINT('',(110.36917413277,700.,19.750932171281));
#1406 = CARTESIAN_POINT('',(107.9716701024,0.,-6.991032761317));
#1407 = CARTESIAN_POINT('',(113.09727973803,700.,19.893772035441));
#1408 = CARTESIAN_POINT('',(112.16078224052,0.,-6.763218888844));
#1409 = CARTESIAN_POINT('',(115.8241546204,700.,20.042065971297));
#1410 = CARTESIAN_POINT('',(116.34147840751,0.,-6.52850171216));
#1411 = CARTESIAN_POINT('',(118.54555118192,700.,20.19485356744));
#1412 = CARTESIAN_POINT('',(120.50722319189,0.,-6.288239494673));
#1413 = CARTESIAN_POINT('',(121.25721523968,700.,20.351250671276));
#1414 = CARTESIAN_POINT('',(124.65149905398,0.,-6.043659576199));
#1415 = CARTESIAN_POINT('',(123.95490424425,700.,20.510458354056));
#1416 = CARTESIAN_POINT('',(128.76779260133,0.,-5.79598488572));
#1417 = CARTESIAN_POINT('',(126.63437834583,700.,20.671680558236));
#1418 = CARTESIAN_POINT('',(132.84963144405,0.,-5.546336589529));
#1419 = CARTESIAN_POINT('',(129.29142438496,700.,20.834187468021));
#1420 = CARTESIAN_POINT('',(136.89057001702,0.,-5.295729066073));
#1421 = CARTESIAN_POINT('',(131.92184666359,700.,20.997318780459));
#1422 = CARTESIAN_POINT('',(140.88423268704,0.,-5.04509658852));
#1423 = CARTESIAN_POINT('',(134.52149500539,700.,21.160466336602));
#1424 = CARTESIAN_POINT('',(144.8242920618,0.,-4.795388589432));
#1425 = CARTESIAN_POINT('',(137.08625063613,700.,21.323012109593));
#1426 = CARTESIAN_POINT('',(148.70448999196,0.,-4.547349891361));
#1427 = CARTESIAN_POINT('',(139.61203985482,700.,21.484471262111));
#1428 = CARTESIAN_POINT('',(152.51864584862,0.,-4.301749321434));
#1429 = CARTESIAN_POINT('',(142.09483942189,700.,21.644343331214));
#1430 = CARTESIAN_POINT('',(156.26067188617,0.,-4.059212330141));
#1431 = CARTESIAN_POINT('',(144.53068655954,700.,21.802221184038));
#1432 = CARTESIAN_POINT('',(159.92460088696,0.,-3.820409336906));
#1433 = CARTESIAN_POINT('',(146.91569694685,700.,21.957668415483));
#1434 = CARTESIAN_POINT('',(163.50455715073,0.,-3.58584703368));
#1435 = CARTESIAN_POINT('',(149.24604583553,700.,22.110355197771));
#1436 = CARTESIAN_POINT('',(166.99479399138,0.,-3.356018754488));
#1437 = CARTESIAN_POINT('',(151.51799245822,700.,22.259960398377));
#1438 = CARTESIAN_POINT('',(170.3896986482,0.,-3.131476981389));
#1439 = CARTESIAN_POINT('',(153.72788322539,700.,22.406124382753));
#1440 = CARTESIAN_POINT('',(173.68379586648,0.,-2.912580987841));
#1441 = CARTESIAN_POINT('',(155.87215405616,700.,22.548613284214));
#1442 = CARTESIAN_POINT('',(176.87175840954,0.,-2.699763546952));
#1443 = CARTESIAN_POINT('',(157.94733722098,700.,22.687145391962));
#1444 = CARTESIAN_POINT('',(179.94842316518,0.,-2.49346642355));
#1445 = CARTESIAN_POINT('',(159.95007182607,700.,22.821433142101));
#1446 = CARTESIAN_POINT('',(182.90879851984,0.,-2.29403294586));
#1447 = CARTESIAN_POINT('',(161.87710861354,700.,22.95125304739));
#1448 = CARTESIAN_POINT('',(185.74807121611,0.,-2.101818114829));
#1449 = CARTESIAN_POINT('',(163.72531442526,700.,23.076374022306));
#1450 = CARTESIAN_POINT('',(188.46160743726,0.,-1.917217739476));
#1451 = CARTESIAN_POINT('',(165.49167290884,700.,23.196538417583));
#1452 = CARTESIAN_POINT('',(191.04496086009,0.,-1.74057885772));
#1453 = CARTESIAN_POINT('',(167.17328975955,700.,23.311520331179));
#1454 = CARTESIAN_POINT('',(193.49390703048,0.,-1.57227542642));
#1455 = CARTESIAN_POINT('',(168.76741509688,700.,23.421076338346));
#1456 = CARTESIAN_POINT('',(195.80442196064,0.,-1.412623596867));
#1457 = CARTESIAN_POINT('',(170.27142953255,700.,23.525000642489));
#1458 = CARTESIAN_POINT('',(197.97270739286,0.,-1.262029326165));
#1459 = CARTESIAN_POINT('',(171.68286061578,700.,23.623028988512));
#1460 = CARTESIAN_POINT('',(199.99517903635,0.,-1.120823498965));
#1461 = CARTESIAN_POINT('',(172.99937517617,700.,23.714945989237));
#1462 = CARTESIAN_POINT('',(201.86849121215,0.,-0.989317347286));
#1463 = CARTESIAN_POINT('',(174.21879536607,700.,23.800549050235));
#1464 = CARTESIAN_POINT('',(203.58955029204,0.,-0.867958207969));
#1465 = CARTESIAN_POINT('',(175.33910740864,700.,23.879546980546));
#1466 = CARTESIAN_POINT('',(205.15547523064,0.,-0.756939777858));
#1467 = CARTESIAN_POINT('',(176.35843590642,700.,23.951813694486));
#1468 = CARTESIAN_POINT('',(206.56368669361,0.,-0.656688290925));
#1469 = CARTESIAN_POINT('',(177.27510185873,700.,24.017071737867));
#1470 = CARTESIAN_POINT('',(207.81180256481,0.,-0.567442476684));
#1471 = CARTESIAN_POINT('',(178.08755464281,700.,24.075165711288));
#1472 = CARTESIAN_POINT('',(208.89780733855,0.,-0.489507806459));
#1473 = CARTESIAN_POINT('',(178.79448227854,700.,24.125896770207));
#1474 = CARTESIAN_POINT('',(209.81971522227,0.,-0.423050023367));
#1475 = CARTESIAN_POINT('',(179.39459212738,700.,24.169157025239));
#1476 = CARTESIAN_POINT('',(210.57646011157,0.,-0.368661154783));
#1477 = CARTESIAN_POINT('',(179.8871902157,700.,24.204561100072));
#1478 = CARTESIAN_POINT('',(211.16548467308,0.,-0.325292983497));
#1479 = CARTESIAN_POINT('',(180.27061186423,700.,24.232791324777));
#1480 = CARTESIAN_POINT('',(211.5889306559,0.,-0.296221049837));
#1481 = CARTESIAN_POINT('',(180.54625123041,700.,24.251715508009));
#1482 = CARTESIAN_POINT('',(211.83969218993,0.,-0.275147446964));
#1483 = CARTESIAN_POINT('',(180.70948279501,700.,24.265433230633));
#1484 = CARTESIAN_POINT('',(212.13716124272,0.,-0.261136414139));
#1485 = CARTESIAN_POINT('',(180.9031183105,700.,24.274553619925));
#1486 = CARTESIAN_POINT('',(212.25038935122,0.,-0.154149628907));
#1487 = CARTESIAN_POINT('',(180.9768234,700.,24.344195961256));
#1488 = CARTESIAN_POINT('',(212.0177656,0.,0.2665264));
#1489 = CARTESIAN_POINT('',(180.82539850533,700.,24.618032244223));
#1490 = ADVANCED_FACE('',(#1491,#1494),#1524,.F.);
#1491 = FACE_BOUND('',#1492,.F.);
#1492 = EDGE_LOOP('',(#1493));
#1493 = ORIENTED_EDGE('',*,*,#21,.F.);
#1494 = FACE_BOUND('',#1495,.F.);
#1495 = EDGE_LOOP('',(#1496,#1505,#1512,#1519));
#1496 = ORIENTED_EDGE('',*,*,#1497,.F.);
#1497 = EDGE_CURVE('',#1498,#1500,#1502,.T.);
#1498 = VERTEX_POINT('',#1499);
#1499 = CARTESIAN_POINT('',(113.04063432439,-4.440892098501E-15,
    0.888300189922));
#1500 = VERTEX_POINT('',#1501);
#1501 = CARTESIAN_POINT('',(113.04063432439,-4.440892098501E-15,
    -4.111699810078));
#1502 = B_SPLINE_CURVE_WITH_KNOTS('',1,(#1503,#1504),.UNSPECIFIED.,.F.,
  .F.,(2,2),(0.,1.),.PIECEWISE_BEZIER_KNOTS.);
#1503 = CARTESIAN_POINT('',(113.04063432439,0.,0.888300189922));
#1504 = CARTESIAN_POINT('',(113.04063432439,0.,-4.111699810078));
#1505 = ORIENTED_EDGE('',*,*,#1506,.F.);
#1506 = EDGE_CURVE('',#1507,#1498,#1509,.T.);
#1507 = VERTEX_POINT('',#1508);
#1508 = CARTESIAN_POINT('',(99.040634324392,-4.440892098501E-15,
    0.888300189922));
#1509 = B_SPLINE_CURVE_WITH_KNOTS('',1,(#1510,#1511),.UNSPECIFIED.,.F.,
  .F.,(2,2),(0.,1.),.PIECEWISE_BEZIER_KNOTS.);
#1510 = CARTESIAN_POINT('',(99.040634324392,0.,0.888300189922));
#1511 = CARTESIAN_POINT('',(113.04063432439,0.,0.888300189922));
#1512 = ORIENTED_EDGE('',*,*,#1513,.F.);
#1513 = EDGE_CURVE('',#1514,#1507,#1516,.T.);
#1514 = VERTEX_POINT('',#1515);
#1515 = CARTESIAN_POINT('',(99.040634324392,-4.440892098501E-15,
    -4.111699810078));
#1516 = B_SPLINE_CURVE_WITH_KNOTS('',1,(#1517,#1518),.UNSPECIFIED.,.F.,
  .F.,(2,2),(0.,1.),.PIECEWISE_BEZIER_KNOTS.);
#1517 = CARTESIAN_POINT('',(99.040634324392,0.,-4.111699810078));
#1518 = CARTESIAN_POINT('',(99.040634324392,0.,0.888300189922));
#1519 = ORIENTED_EDGE('',*,*,#1520,.F.);
#1520 = EDGE_CURVE('',#1500,#1514,#1521,.T.);
#1521 = B_SPLINE_CURVE_WITH_KNOTS('',1,(#1522,#1523),.UNSPECIFIED.,.F.,
  .F.,(2,2),(0.,1.),.PIECEWISE_BEZIER_KNOTS.);
#1522 = CARTESIAN_POINT('',(113.04063432439,0.,-4.111699810078));
#1523 = CARTESIAN_POINT('',(99.040634324392,0.,-4.111699810078));
#1524 = PLANE('',#1525);
#1525 = AXIS2_PLACEMENT_3D('',#1526,#1527,#1528);
#1526 = CARTESIAN_POINT('',(212.0177656,0.,0.2665264));
#1527 = DIRECTION('',(0.,1.,0.));
#1528 = DIRECTION('',(-0.99999882186,0.,-1.535017416086E-03));
#1529 = ADVANCED_FACE('',(#1530),#1566,.T.);
#1530 = FACE_BOUND('',#1531,.T.);
#1531 = EDGE_LOOP('',(#1532,#1533,#1534,#1542,#1551,#1560));
#1532 = ORIENTED_EDGE('',*,*,#843,.T.);
#1533 = ORIENTED_EDGE('',*,*,#195,.T.);
#1534 = ORIENTED_EDGE('',*,*,#1535,.F.);
#1535 = EDGE_CURVE('',#1536,#196,#1538,.T.);
#1536 = VERTEX_POINT('',#1537);
#1537 = CARTESIAN_POINT('',(155.86276682106,139.4,6.767829638554));
#1538 = LINE('',#1539,#1540);
#1539 = CARTESIAN_POINT('',(155.86276682106,139.4,81.675611728845));
#1540 = VECTOR('',#1541,1.);
#1541 = DIRECTION('',(0.,0.,-1.));
#1542 = ORIENTED_EDGE('',*,*,#1543,.F.);
#1543 = EDGE_CURVE('',#1544,#1536,#1546,.T.);
#1544 = VERTEX_POINT('',#1545);
#1545 = CARTESIAN_POINT('',(156.47306401592,139.4,8.446037457598));
#1546 = ELLIPSE('',#1547,0.950689233662,0.95);
#1547 = AXIS2_PLACEMENT_3D('',#1548,#1549,#1550);
#1548 = CARTESIAN_POINT('',(156.47364067754,139.4,7.495504135721));
#1549 = DIRECTION('',(0.,1.,-0.));
#1550 = DIRECTION('',(-0.475682477763,0.,0.879617064608));
#1551 = ORIENTED_EDGE('',*,*,#1552,.F.);
#1552 = EDGE_CURVE('',#1553,#1544,#1555,.T.);
#1553 = VERTEX_POINT('',#1554);
#1554 = CARTESIAN_POINT('',(155.86276682106,139.4,8.223920421394));
#1555 = ELLIPSE('',#1556,0.950689233662,0.95);
#1556 = AXIS2_PLACEMENT_3D('',#1557,#1558,#1559);
#1557 = CARTESIAN_POINT('',(156.47364067754,139.4,7.495504135721));
#1558 = DIRECTION('',(0.,1.,-0.));
#1559 = DIRECTION('',(-0.475682477763,0.,0.879617064608));
#1560 = ORIENTED_EDGE('',*,*,#1561,.F.);
#1561 = EDGE_CURVE('',#813,#1553,#1562,.T.);
#1562 = LINE('',#1563,#1564);
#1563 = CARTESIAN_POINT('',(155.86276682106,139.4,81.675611728845));
#1564 = VECTOR('',#1565,1.);
#1565 = DIRECTION('',(0.,0.,-1.));
#1566 = PLANE('',#1567);
#1567 = AXIS2_PLACEMENT_3D('',#1568,#1569,#1570);
#1568 = CARTESIAN_POINT('',(155.86276682106,139.4,-66.64438827115));
#1569 = DIRECTION('',(0.,1.,0.));
#1570 = DIRECTION('',(0.59534414011,0.,0.803470817663));
#1571 = ADVANCED_FACE('',(#1572),#1854,.T.);
#1572 = FACE_BOUND('',#1573,.T.);
#1573 = EDGE_LOOP('',(#1574,#1575,#1576,#1589,#1596,#1606,#1613,#1626,
    #1633,#1643,#1650,#1663,#1670,#1680,#1687,#1700,#1707,#1717,#1724,
    #1737,#1744,#1754,#1761,#1774,#1781,#1791,#1798,#1811,#1818,#1828,
    #1835,#1848));
#1574 = ORIENTED_EDGE('',*,*,#812,.F.);
#1575 = ORIENTED_EDGE('',*,*,#1561,.T.);
#1576 = ORIENTED_EDGE('',*,*,#1577,.T.);
#1577 = EDGE_CURVE('',#1553,#1578,#1580,.T.);
#1578 = VERTEX_POINT('',#1579);
#1579 = CARTESIAN_POINT('',(155.85257004445,139.96456899196,
    8.242869961857));
#1580 = B_SPLINE_CURVE_WITH_KNOTS('',4,(#1581,#1582,#1583,#1584,#1585,
    #1586,#1587,#1588),.UNSPECIFIED.,.F.,.F.,(5,3,5),(0.,0.500000028551,
    1.),.UNSPECIFIED.);
#1581 = CARTESIAN_POINT('',(155.86276682106,139.4,8.223920421397));
#1582 = CARTESIAN_POINT('',(155.06988144839,183.30000023559,
    9.697407108295));
#1583 = CARTESIAN_POINT('',(154.27699606171,227.20000124699,
    11.170870733107));
#1584 = CARTESIAN_POINT('',(153.48411066128,271.10000301957,
    12.644311729329));
#1585 = CARTESIAN_POINT('',(151.89833992396,358.90000304659,
    15.591149097151));
#1586 = CARTESIAN_POINT('',(151.10545458707,402.80000130104,
    17.064545468868));
#1587 = CARTESIAN_POINT('',(150.31256923692,446.70000028966,
    18.537920012971));
#1588 = CARTESIAN_POINT('',(149.51968387373,490.6,20.011273100166));
#1589 = ORIENTED_EDGE('',*,*,#1590,.T.);
#1590 = EDGE_CURVE('',#1578,#1591,#1593,.T.);
#1591 = VERTEX_POINT('',#1592);
#1592 = CARTESIAN_POINT('',(155.85359603773,139.90776241336,
    9.938503221328));
#1593 = B_SPLINE_CURVE_WITH_KNOTS('',1,(#1594,#1595),.UNSPECIFIED.,.F.,
  .F.,(2,2),(0.,1.),.PIECEWISE_BEZIER_KNOTS.);
#1594 = CARTESIAN_POINT('',(155.85061792001,140.07265304365,
    5.016643046623));
#1595 = CARTESIAN_POINT('',(155.85364162219,139.9052385208,
    10.013839498689));
#1596 = ORIENTED_EDGE('',*,*,#1597,.T.);
#1597 = EDGE_CURVE('',#1591,#1598,#1600,.T.);
#1598 = VERTEX_POINT('',#1599);
#1599 = CARTESIAN_POINT('',(154.96136584097,189.30822709351,
    11.594811030753));
#1600 = B_SPLINE_CURVE_WITH_KNOTS('',4,(#1601,#1602,#1603,#1604,#1605),
  .UNSPECIFIED.,.F.,.F.,(5,5),(0.,1.),.PIECEWISE_BEZIER_KNOTS.);
#1601 = CARTESIAN_POINT('',(155.85359604856,139.90776181379,
    9.938503201226));
#1602 = CARTESIAN_POINT('',(155.63053849427,152.2578782664,
    10.352580676155));
#1603 = CARTESIAN_POINT('',(155.40748093977,164.60799473049,
    10.766657809294));
#1604 = CARTESIAN_POINT('',(155.18442338506,176.95811120605,
    11.180734600807));
#1605 = CARTESIAN_POINT('',(154.96136583014,189.30822769307,
    11.594811050856));
#1606 = ORIENTED_EDGE('',*,*,#1607,.F.);
#1607 = EDGE_CURVE('',#1608,#1598,#1610,.T.);
#1608 = VERTEX_POINT('',#1609);
#1609 = CARTESIAN_POINT('',(154.96034092877,189.36497381547,
    9.900964446784));
#1610 = B_SPLINE_CURVE_WITH_KNOTS('',1,(#1611,#1612),.UNSPECIFIED.,.F.,
  .F.,(2,2),(0.,1.),.PIECEWISE_BEZIER_KNOTS.);
#1611 = CARTESIAN_POINT('',(154.95838725963,189.47314339311,
    6.672184646714));
#1612 = CARTESIAN_POINT('',(154.96141096181,189.30572887026,
    11.669381098779));
#1613 = ORIENTED_EDGE('',*,*,#1614,.T.);
#1614 = EDGE_CURVE('',#1608,#1615,#1617,.T.);
#1615 = VERTEX_POINT('',#1616);
#1616 = CARTESIAN_POINT('',(154.94951208966,189.96453846393,
    9.92108833514));
#1617 = B_SPLINE_CURVE_WITH_KNOTS('',4,(#1618,#1619,#1620,#1621,#1622,
    #1623,#1624,#1625),.UNSPECIFIED.,.F.,.F.,(5,3,5),(0.,0.500000028551,
    1.),.UNSPECIFIED.);
#1618 = CARTESIAN_POINT('',(155.86276682106,139.4,8.223920421397));
#1619 = CARTESIAN_POINT('',(155.06988144839,183.30000023559,
    9.697407108295));
#1620 = CARTESIAN_POINT('',(154.27699606171,227.20000124699,
    11.170870733107));
#1621 = CARTESIAN_POINT('',(153.48411066128,271.10000301957,
    12.644311729329));
#1622 = CARTESIAN_POINT('',(151.89833992396,358.90000304659,
    15.591149097151));
#1623 = CARTESIAN_POINT('',(151.10545458707,402.80000130104,
    17.064545468868));
#1624 = CARTESIAN_POINT('',(150.31256923692,446.70000028966,
    18.537920012971));
#1625 = CARTESIAN_POINT('',(149.51968387373,490.6,20.011273100166));
#1626 = ORIENTED_EDGE('',*,*,#1627,.T.);
#1627 = EDGE_CURVE('',#1615,#1628,#1630,.T.);
#1628 = VERTEX_POINT('',#1629);
#1629 = CARTESIAN_POINT('',(154.95090880341,189.88720605695,
    12.229401994213));
#1630 = B_SPLINE_CURVE_WITH_KNOTS('',1,(#1631,#1632),.UNSPECIFIED.,.F.,
  .F.,(2,2),(0.,1.),.PIECEWISE_BEZIER_KNOTS.);
#1631 = CARTESIAN_POINT('',(154.94719555758,190.09279881786,
    6.09261411044));
#1632 = CARTESIAN_POINT('',(154.95094494828,189.88520480952,
    12.289137711002));
#1633 = ORIENTED_EDGE('',*,*,#1634,.T.);
#1634 = EDGE_CURVE('',#1628,#1635,#1637,.T.);
#1635 = VERTEX_POINT('',#1636);
#1636 = CARTESIAN_POINT('',(154.04784965734,239.88724148671,
    13.905651577542));
#1637 = B_SPLINE_CURVE_WITH_KNOTS('',4,(#1638,#1639,#1640,#1641,#1642),
  .UNSPECIFIED.,.F.,.F.,(5,5),(0.,1.),.PIECEWISE_BEZIER_KNOTS.);
#1638 = CARTESIAN_POINT('',(154.95090881424,189.88720545738,
    12.229401974112));
#1639 = CARTESIAN_POINT('',(154.72514402256,202.38721460085,
    12.648464789496));
#1640 = CARTESIAN_POINT('',(154.49937923071,214.8872237535,
    13.067527331823));
#1641 = CARTESIAN_POINT('',(154.27361443869,227.3872329153,
    13.486589601177));
#1642 = CARTESIAN_POINT('',(154.04784964651,239.88724208627,
    13.905651597642));
#1643 = ORIENTED_EDGE('',*,*,#1644,.F.);
#1644 = EDGE_CURVE('',#1645,#1635,#1647,.T.);
#1645 = VERTEX_POINT('',#1646);
#1646 = CARTESIAN_POINT('',(154.04645412143,239.96450867956,
    11.59928451084));
#1647 = B_SPLINE_CURVE_WITH_KNOTS('',1,(#1648,#1649),.UNSPECIFIED.,.F.,
  .F.,(2,2),(0.,1.),.PIECEWISE_BEZIER_KNOTS.);
#1648 = CARTESIAN_POINT('',(154.04413603942,240.09285484933,
    7.768248748505));
#1649 = CARTESIAN_POINT('',(154.04788543012,239.88526084099,
    13.964772349066));
#1650 = ORIENTED_EDGE('',*,*,#1651,.T.);
#1651 = EDGE_CURVE('',#1645,#1652,#1654,.T.);
#1652 = VERTEX_POINT('',#1653);
#1653 = CARTESIAN_POINT('',(154.03562528215,240.56407333701,
    11.619408131246));
#1654 = B_SPLINE_CURVE_WITH_KNOTS('',4,(#1655,#1656,#1657,#1658,#1659,
    #1660,#1661,#1662),.UNSPECIFIED.,.F.,.F.,(5,3,5),(0.,0.500000028551,
    1.),.UNSPECIFIED.);
#1655 = CARTESIAN_POINT('',(155.86276682106,139.4,8.223920421397));
#1656 = CARTESIAN_POINT('',(155.06988144839,183.30000023559,
    9.697407108295));
#1657 = CARTESIAN_POINT('',(154.27699606171,227.20000124699,
    11.170870733107));
#1658 = CARTESIAN_POINT('',(153.48411066128,271.10000301957,
    12.644311729329));
#1659 = CARTESIAN_POINT('',(151.89833992396,358.90000304659,
    15.591149097151));
#1660 = CARTESIAN_POINT('',(151.10545458707,402.80000130104,
    17.064545468868));
#1661 = CARTESIAN_POINT('',(150.31256923692,446.70000028966,
    18.537920012971));
#1662 = CARTESIAN_POINT('',(149.51968387373,490.6,20.011273100166));
#1663 = ORIENTED_EDGE('',*,*,#1664,.T.);
#1664 = EDGE_CURVE('',#1652,#1665,#1667,.T.);
#1665 = VERTEX_POINT('',#1666);
#1666 = CARTESIAN_POINT('',(154.03664908512,240.50738802991,
    13.311421528129));
#1667 = B_SPLINE_CURVE_WITH_KNOTS('',1,(#1668,#1669),.UNSPECIFIED.,.F.,
  .F.,(2,2),(0.,1.),.PIECEWISE_BEZIER_KNOTS.);
#1668 = CARTESIAN_POINT('',(154.0336700259,240.67233078859,
    8.388005360727));
#1669 = CARTESIAN_POINT('',(154.03669372808,240.50491626574,
    13.385201812793));
#1670 = ORIENTED_EDGE('',*,*,#1671,.T.);
#1671 = EDGE_CURVE('',#1665,#1672,#1674,.T.);
#1672 = VERTEX_POINT('',#1673);
#1673 = CARTESIAN_POINT('',(153.15524773555,289.3082876148,
    14.947618785689));
#1674 = B_SPLINE_CURVE_WITH_KNOTS('',4,(#1675,#1676,#1677,#1678,#1679),
  .UNSPECIFIED.,.F.,.F.,(5,5),(0.,1.),.PIECEWISE_BEZIER_KNOTS.);
#1675 = CARTESIAN_POINT('',(154.03664909595,240.50738743035,
    13.311421508027));
#1676 = CARTESIAN_POINT('',(153.81629875345,252.70761260959,
    13.720471331663));
#1677 = CARTESIAN_POINT('',(153.59594841074,264.90783780001,
    14.129520822399));
#1678 = CARTESIAN_POINT('',(153.37559806783,277.1080630016,
    14.538569980391));
#1679 = CARTESIAN_POINT('',(153.15524772472,289.30828821436,
    14.947618805791));
#1680 = ORIENTED_EDGE('',*,*,#1681,.F.);
#1681 = EDGE_CURVE('',#1682,#1672,#1684,.T.);
#1682 = VERTEX_POINT('',#1683);
#1683 = CARTESIAN_POINT('',(153.15422497934,289.36491496495,
    13.257335359694));
#1684 = B_SPLINE_CURVE_WITH_KNOTS('',1,(#1685,#1686),.UNSPECIFIED.,.F.,
  .F.,(2,2),(0.,1.),.PIECEWISE_BEZIER_KNOTS.);
#1685 = CARTESIAN_POINT('',(153.1522682233,289.47325545604,
    10.023453922843));
#1686 = CARTESIAN_POINT('',(153.15529192548,289.30584093319,
    15.020650374909));
#1687 = ORIENTED_EDGE('',*,*,#1688,.T.);
#1688 = EDGE_CURVE('',#1682,#1689,#1691,.T.);
#1689 = VERTEX_POINT('',#1690);
#1690 = CARTESIAN_POINT('',(153.14339613991,289.96447963106,
    13.277458721222));
#1691 = B_SPLINE_CURVE_WITH_KNOTS('',4,(#1692,#1693,#1694,#1695,#1696,
    #1697,#1698,#1699),.UNSPECIFIED.,.F.,.F.,(5,3,5),(0.,0.500000028551,
    1.),.UNSPECIFIED.);
#1692 = CARTESIAN_POINT('',(155.86276682106,139.4,8.223920421397));
#1693 = CARTESIAN_POINT('',(155.06988144839,183.30000023559,
    9.697407108295));
#1694 = CARTESIAN_POINT('',(154.27699606171,227.20000124699,
    11.170870733107));
#1695 = CARTESIAN_POINT('',(153.48411066128,271.10000301957,
    12.644311729329));
#1696 = CARTESIAN_POINT('',(151.89833992396,358.90000304659,
    15.591149097151));
#1697 = CARTESIAN_POINT('',(151.10545458707,402.80000130104,
    17.064545468868));
#1698 = CARTESIAN_POINT('',(150.31256923692,446.70000028966,
    18.537920012971));
#1699 = CARTESIAN_POINT('',(149.51968387373,490.6,20.011273100166));
#1700 = ORIENTED_EDGE('',*,*,#1701,.T.);
#1701 = EDGE_CURVE('',#1689,#1702,#1704,.T.);
#1702 = VERTEX_POINT('',#1703);
#1703 = CARTESIAN_POINT('',(153.14479050929,289.88727702617,
    15.581897886186));
#1704 = B_SPLINE_CURVE_WITH_KNOTS('',1,(#1705,#1706),.UNSPECIFIED.,.F.,
  .F.,(2,2),(0.,1.),.PIECEWISE_BEZIER_KNOTS.);
#1705 = CARTESIAN_POINT('',(153.14107652126,290.09291088079,
    9.44388338657));
#1706 = CARTESIAN_POINT('',(153.14482591196,289.88531687245,
    15.640406987131));
#1707 = ORIENTED_EDGE('',*,*,#1708,.T.);
#1708 = EDGE_CURVE('',#1702,#1709,#1711,.T.);
#1709 = VERTEX_POINT('',#1710);
#1710 = CARTESIAN_POINT('',(152.24173135926,339.88731267528,
    17.258140922128));
#1711 = B_SPLINE_CURVE_WITH_KNOTS('',4,(#1712,#1713,#1714,#1715,#1716),
  .UNSPECIFIED.,.F.,.F.,(5,5),(0.,1.),.PIECEWISE_BEZIER_KNOTS.);
#1712 = CARTESIAN_POINT('',(153.14479052012,289.88727642661,
    15.581897866086));
#1713 = CARTESIAN_POINT('',(152.91902572744,302.38728562494,
    16.000959044126));
#1714 = CARTESIAN_POINT('',(152.6932609346,314.88729483242,
    16.420019949441));
#1715 = CARTESIAN_POINT('',(152.4674961416,327.38730404906,
    16.839080582115));
#1716 = CARTESIAN_POINT('',(152.24173134843,339.88731327485,
    17.258140942228));
#1717 = ORIENTED_EDGE('',*,*,#1718,.F.);
#1718 = EDGE_CURVE('',#1719,#1709,#1721,.T.);
#1719 = VERTEX_POINT('',#1720);
#1720 = CARTESIAN_POINT('',(152.24033814524,339.96445131083,
    14.955611193375));
#1721 = B_SPLINE_CURVE_WITH_KNOTS('',1,(#1722,#1723),.UNSPECIFIED.,.F.,
  .F.,(2,2),(0.,1.),.PIECEWISE_BEZIER_KNOTS.);
#1722 = CARTESIAN_POINT('',(152.2380170031,340.09296691226,
    11.119518024635));
#1723 = CARTESIAN_POINT('',(152.2417663938,339.88537290392,
    17.316041625196));
#1724 = ORIENTED_EDGE('',*,*,#1725,.T.);
#1725 = EDGE_CURVE('',#1719,#1726,#1728,.T.);
#1726 = VERTEX_POINT('',#1727);
#1727 = CARTESIAN_POINT('',(152.22950930564,340.56401598575,
    14.975734292465));
#1728 = B_SPLINE_CURVE_WITH_KNOTS('',4,(#1729,#1730,#1731,#1732,#1733,
    #1734,#1735,#1736),.UNSPECIFIED.,.F.,.F.,(5,3,5),(0.,0.500000028551,
    1.),.UNSPECIFIED.);
#1729 = CARTESIAN_POINT('',(155.86276682106,139.4,8.223920421397));
#1730 = CARTESIAN_POINT('',(155.06988144839,183.30000023559,
    9.697407108295));
#1731 = CARTESIAN_POINT('',(154.27699606171,227.20000124699,
    11.170870733107));
#1732 = CARTESIAN_POINT('',(153.48411066128,271.10000301957,
    12.644311729329));
#1733 = CARTESIAN_POINT('',(151.89833992396,358.90000304659,
    15.591149097151));
#1734 = CARTESIAN_POINT('',(151.10545458707,402.80000130104,
    17.064545468868));
#1735 = CARTESIAN_POINT('',(150.31256923692,446.70000028966,
    18.537920012971));
#1736 = CARTESIAN_POINT('',(149.51968387373,490.6,20.011273100166));
#1737 = ORIENTED_EDGE('',*,*,#1738,.T.);
#1738 = EDGE_CURVE('',#1726,#1739,#1741,.T.);
#1739 = VERTEX_POINT('',#1740);
#1740 = CARTESIAN_POINT('',(152.23053097451,340.50744883879,
    16.66422069882));
#1741 = B_SPLINE_CURVE_WITH_KNOTS('',1,(#1742,#1743),.UNSPECIFIED.,.F.,
  .F.,(2,2),(0.,1.),.PIECEWISE_BEZIER_KNOTS.);
#1742 = CARTESIAN_POINT('',(152.22755098957,340.67244285153,
    11.739274636857));
#1743 = CARTESIAN_POINT('',(152.23057469175,340.50502832867,
    16.736471088923));
#1744 = ORIENTED_EDGE('',*,*,#1745,.T.);
#1745 = EDGE_CURVE('',#1739,#1746,#1748,.T.);
#1746 = VERTEX_POINT('',#1747);
#1747 = CARTESIAN_POINT('',(151.34912961998,389.30834869753,
    18.300409781995));
#1748 = B_SPLINE_CURVE_WITH_KNOTS('',4,(#1749,#1750,#1751,#1752,#1753),
  .UNSPECIFIED.,.F.,.F.,(5,5),(0.,1.),.PIECEWISE_BEZIER_KNOTS.);
#1749 = CARTESIAN_POINT('',(152.23053098534,340.50744823922,
    16.664220678718));
#1750 = CARTESIAN_POINT('',(152.01018064159,352.70767348696,
    17.073268457813));
#1751 = CARTESIAN_POINT('',(151.78983029765,364.90789874586,
    17.48231590464));
#1752 = CARTESIAN_POINT('',(151.5694799535,377.10812401591,
    17.891363019351));
#1753 = CARTESIAN_POINT('',(151.34912960916,389.3083492971,
    18.300409802097));
#1754 = ORIENTED_EDGE('',*,*,#1755,.F.);
#1755 = EDGE_CURVE('',#1756,#1746,#1758,.T.);
#1756 = VERTEX_POINT('',#1757);
#1757 = CARTESIAN_POINT('',(151.34810897729,389.36485902803,
    16.613619303893));
#1758 = B_SPLINE_CURVE_WITH_KNOTS('',1,(#1759,#1760),.UNSPECIFIED.,.F.,
  .F.,(2,2),(0.,1.),.PIECEWISE_BEZIER_KNOTS.);
#1759 = CARTESIAN_POINT('',(151.34614918698,389.47336751897,
    13.374723198973));
#1760 = CARTESIAN_POINT('',(151.34917288916,389.30595299612,
    18.371919651039));
#1761 = ORIENTED_EDGE('',*,*,#1762,.T.);
#1762 = EDGE_CURVE('',#1756,#1763,#1765,.T.);
#1763 = VERTEX_POINT('',#1764);
#1764 = CARTESIAN_POINT('',(151.33728013754,389.96442371143,
    16.633742149366));
#1765 = B_SPLINE_CURVE_WITH_KNOTS('',4,(#1766,#1767,#1768,#1769,#1770,
    #1771,#1772,#1773),.UNSPECIFIED.,.F.,.F.,(5,3,5),(0.,0.500000028551,
    1.),.UNSPECIFIED.);
#1766 = CARTESIAN_POINT('',(155.86276682106,139.4,8.223920421397));
#1767 = CARTESIAN_POINT('',(155.06988144839,183.30000023559,
    9.697407108295));
#1768 = CARTESIAN_POINT('',(154.27699606171,227.20000124699,
    11.170870733107));
#1769 = CARTESIAN_POINT('',(153.48411066128,271.10000301957,
    12.644311729329));
#1770 = CARTESIAN_POINT('',(151.89833992396,358.90000304659,
    15.591149097151));
#1771 = CARTESIAN_POINT('',(151.10545458707,402.80000130104,
    17.064545468868));
#1772 = CARTESIAN_POINT('',(150.31256923692,446.70000028966,
    18.537920012971));
#1773 = CARTESIAN_POINT('',(149.51968387373,490.6,20.011273100166));
#1774 = ORIENTED_EDGE('',*,*,#1775,.T.);
#1775 = EDGE_CURVE('',#1763,#1776,#1778,.T.);
#1776 = VERTEX_POINT('',#1777);
#1777 = CARTESIAN_POINT('',(151.33867220724,389.88734843397,
    18.934380687338));
#1778 = B_SPLINE_CURVE_WITH_KNOTS('',1,(#1779,#1780),.UNSPECIFIED.,.F.,
  .F.,(2,2),(0.,1.),.PIECEWISE_BEZIER_KNOTS.);
#1779 = CARTESIAN_POINT('',(151.33495748493,390.09302294373,
    12.7951526627));
#1780 = CARTESIAN_POINT('',(151.33870687563,389.88542893538,
    18.991676263261));
#1781 = ORIENTED_EDGE('',*,*,#1782,.T.);
#1782 = EDGE_CURVE('',#1776,#1783,#1785,.T.);
#1783 = VERTEX_POINT('',#1784);
#1784 = CARTESIAN_POINT('',(150.43561305325,439.88738430216,
    20.610617183775));
#1785 = B_SPLINE_CURVE_WITH_KNOTS('',4,(#1786,#1787,#1788,#1789,#1790),
  .UNSPECIFIED.,.F.,.F.,(5,5),(0.,1.),.PIECEWISE_BEZIER_KNOTS.);
#1786 = CARTESIAN_POINT('',(151.33867221807,389.8873478344,
    18.934380667238));
#1787 = CARTESIAN_POINT('',(151.11290742441,402.38735708752,
    19.353440209912));
#1788 = CARTESIAN_POINT('',(150.88714263058,414.88736634978,
    19.772499480188));
#1789 = CARTESIAN_POINT('',(150.66137783658,427.38737562118,
    20.191558478149));
#1790 = CARTESIAN_POINT('',(150.43561304242,439.88738490173,
    20.610617203875));
#1791 = ORIENTED_EDGE('',*,*,#1792,.F.);
#1792 = EDGE_CURVE('',#1793,#1783,#1795,.T.);
#1793 = VERTEX_POINT('',#1794);
#1794 = CARTESIAN_POINT('',(150.43422211697,439.96439682558,
    18.311851806388));
#1795 = B_SPLINE_CURVE_WITH_KNOTS('',1,(#1796,#1797),.UNSPECIFIED.,.F.,
  .F.,(2,2),(0.,1.),.PIECEWISE_BEZIER_KNOTS.);
#1796 = CARTESIAN_POINT('',(150.43189796677,440.09307897519,
    14.470787300765));
#1797 = CARTESIAN_POINT('',(150.43564735747,439.88548496685,
    20.667310901326));
#1798 = ORIENTED_EDGE('',*,*,#1799,.T.);
#1799 = EDGE_CURVE('',#1793,#1800,#1802,.T.);
#1800 = VERTEX_POINT('',#1801);
#1801 = CARTESIAN_POINT('',(150.42339327706,440.5639615176,
    18.331974394694));
#1802 = B_SPLINE_CURVE_WITH_KNOTS('',4,(#1803,#1804,#1805,#1806,#1807,
    #1808,#1809,#1810),.UNSPECIFIED.,.F.,.F.,(5,3,5),(0.,0.500000028551,
    1.),.UNSPECIFIED.);
#1803 = CARTESIAN_POINT('',(155.86276682106,139.4,8.223920421397));
#1804 = CARTESIAN_POINT('',(155.06988144839,183.30000023559,
    9.697407108295));
#1805 = CARTESIAN_POINT('',(154.27699606171,227.20000124699,
    11.170870733107));
#1806 = CARTESIAN_POINT('',(153.48411066128,271.10000301957,
    12.644311729329));
#1807 = CARTESIAN_POINT('',(151.89833992396,358.90000304659,
    15.591149097151));
#1808 = CARTESIAN_POINT('',(151.10545458707,402.80000130104,
    17.064545468868));
#1809 = CARTESIAN_POINT('',(150.31256923692,446.70000028966,
    18.537920012971));
#1810 = CARTESIAN_POINT('',(149.51968387373,490.6,20.011273100166));
#1811 = ORIENTED_EDGE('',*,*,#1812,.T.);
#1812 = EDGE_CURVE('',#1800,#1813,#1815,.T.);
#1813 = VERTEX_POINT('',#1814);
#1814 = CARTESIAN_POINT('',(150.42441285376,440.50751020857,
    20.017003127105));
#1815 = B_SPLINE_CURVE_WITH_KNOTS('',1,(#1816,#1817),.UNSPECIFIED.,.F.,
  .F.,(2,2),(0.,1.),.PIECEWISE_BEZIER_KNOTS.);
#1816 = CARTESIAN_POINT('',(150.42143195325,440.67255491446,
    15.090543912987));
#1817 = CARTESIAN_POINT('',(150.42445565543,440.5051403916,
    20.087740365052));
#1818 = ORIENTED_EDGE('',*,*,#1819,.T.);
#1819 = EDGE_CURVE('',#1813,#1820,#1822,.T.);
#1820 = VERTEX_POINT('',#1821);
#1821 = CARTESIAN_POINT('',(149.53218264195,489.90797572205,
    21.673286062259));
#1822 = B_SPLINE_CURVE_WITH_KNOTS('',4,(#1823,#1824,#1825,#1826,#1827),
  .UNSPECIFIED.,.F.,.F.,(5,5),(0.,1.),.PIECEWISE_BEZIER_KNOTS.);
#1823 = CARTESIAN_POINT('',(150.42441286459,440.507509609,
    20.017003107003));
#1824 = CARTESIAN_POINT('',(150.20135530653,452.85762627004,
    20.431074360455));
#1825 = CARTESIAN_POINT('',(149.97829774826,465.2077429425,
    20.845145274061));
#1826 = CARTESIAN_POINT('',(149.75524018979,477.55785962636,
    21.259215847978));
#1827 = CARTESIAN_POINT('',(149.53218263112,489.90797632161,
    21.673286082361));
#1828 = ORIENTED_EDGE('',*,*,#1829,.F.);
#1829 = EDGE_CURVE('',#1830,#1820,#1832,.T.);
#1830 = VERTEX_POINT('',#1831);
#1831 = CARTESIAN_POINT('',(149.53116408363,489.96437064617,
    19.989940376906));
#1832 = B_SPLINE_CURVE_WITH_KNOTS('',1,(#1833,#1834),.UNSPECIFIED.,.F.,
  .F.,(2,2),(0.,1.),.PIECEWISE_BEZIER_KNOTS.);
#1833 = CARTESIAN_POINT('',(149.52920129287,490.07304526391,
    16.746085513077));
#1834 = CARTESIAN_POINT('',(149.53222499505,489.90563074106,
    21.743281965143));
#1835 = ORIENTED_EDGE('',*,*,#1836,.T.);
#1836 = EDGE_CURVE('',#1830,#1837,#1839,.T.);
#1837 = VERTEX_POINT('',#1838);
#1838 = CARTESIAN_POINT('',(149.51968387373,490.6,20.011273100157));
#1839 = B_SPLINE_CURVE_WITH_KNOTS('',4,(#1840,#1841,#1842,#1843,#1844,
    #1845,#1846,#1847),.UNSPECIFIED.,.F.,.F.,(5,3,5),(0.,0.500000028551,
    1.),.UNSPECIFIED.);
#1840 = CARTESIAN_POINT('',(155.86276682106,139.4,8.223920421397));
#1841 = CARTESIAN_POINT('',(155.06988144839,183.30000023559,
    9.697407108295));
#1842 = CARTESIAN_POINT('',(154.27699606171,227.20000124699,
    11.170870733107));
#1843 = CARTESIAN_POINT('',(153.48411066128,271.10000301957,
    12.644311729329));
#1844 = CARTESIAN_POINT('',(151.89833992396,358.90000304659,
    15.591149097151));
#1845 = CARTESIAN_POINT('',(151.10545458707,402.80000130104,
    17.064545468868));
#1846 = CARTESIAN_POINT('',(150.31256923692,446.70000028966,
    18.537920012971));
#1847 = CARTESIAN_POINT('',(149.51968387373,490.6,20.011273100166));
#1848 = ORIENTED_EDGE('',*,*,#1849,.F.);
#1849 = EDGE_CURVE('',#680,#1837,#1850,.T.);
#1850 = LINE('',#1851,#1852);
#1851 = CARTESIAN_POINT('',(149.51968387373,490.6,93.405041050956));
#1852 = VECTOR('',#1853,1.);
#1853 = DIRECTION('',(0.,0.,-1.));
#1854 = B_SPLINE_SURFACE_WITH_KNOTS('',1,1,(
    (#1855,#1856)
    ,(#1857,#1858
    )),.UNSPECIFIED.,.F.,.F.,.F.,(2,2),(2,2),(0.,148.32),(0.,1.),
  .PIECEWISE_BEZIER_KNOTS.);
#1855 = CARTESIAN_POINT('',(155.86276682106,139.4,81.675611728845));
#1856 = CARTESIAN_POINT('',(149.51968387373,490.6,93.405041050956));
#1857 = CARTESIAN_POINT('',(155.86276682106,139.4,-66.64438827115));
#1858 = CARTESIAN_POINT('',(149.51968387373,490.6,-54.91495894904));
#1859 = ADVANCED_FACE('',(#1860),#1889,.F.);
#1860 = FACE_BOUND('',#1861,.F.);
#1861 = EDGE_LOOP('',(#1862,#1863,#1864,#1872,#1881,#1888));
#1862 = ORIENTED_EDGE('',*,*,#679,.T.);
#1863 = ORIENTED_EDGE('',*,*,#366,.T.);
#1864 = ORIENTED_EDGE('',*,*,#1865,.F.);
#1865 = EDGE_CURVE('',#1866,#336,#1868,.T.);
#1866 = VERTEX_POINT('',#1867);
#1867 = CARTESIAN_POINT('',(149.51968387373,490.6,18.519739568106));
#1868 = LINE('',#1869,#1870);
#1869 = CARTESIAN_POINT('',(149.51968387373,490.6,93.405041050956));
#1870 = VECTOR('',#1871,1.);
#1871 = DIRECTION('',(0.,0.,-1.));
#1872 = ORIENTED_EDGE('',*,*,#1873,.F.);
#1873 = EDGE_CURVE('',#1874,#1866,#1876,.T.);
#1874 = VERTEX_POINT('',#1875);
#1875 = CARTESIAN_POINT('',(150.10823335563,490.6,20.215681965957));
#1876 = ELLIPSE('',#1877,0.950689233662,0.95);
#1877 = AXIS2_PLACEMENT_3D('',#1878,#1879,#1880);
#1878 = CARTESIAN_POINT('',(150.10881001725,490.6,19.26514864408));
#1879 = DIRECTION('',(0.,1.,-0.));
#1880 = DIRECTION('',(-0.475682477763,0.,0.879617064608));
#1881 = ORIENTED_EDGE('',*,*,#1882,.F.);
#1882 = EDGE_CURVE('',#1837,#1874,#1883,.T.);
#1883 = ELLIPSE('',#1884,0.950689233662,0.95);
#1884 = AXIS2_PLACEMENT_3D('',#1885,#1886,#1887);
#1885 = CARTESIAN_POINT('',(150.10881001725,490.6,19.26514864408));
#1886 = DIRECTION('',(0.,1.,-0.));
#1887 = DIRECTION('',(-0.475682477763,0.,0.879617064608));
#1888 = ORIENTED_EDGE('',*,*,#1849,.F.);
#1889 = PLANE('',#1890);
#1890 = AXIS2_PLACEMENT_3D('',#1891,#1892,#1893);
#1891 = CARTESIAN_POINT('',(149.51968387373,490.6,-54.91495894904));
#1892 = DIRECTION('',(0.,1.,0.));
#1893 = DIRECTION('',(0.59534414011,0.,0.803470817663));
#1894 = ADVANCED_FACE('',(#1895,#1898),#1909,.T.);
#1895 = FACE_BOUND('',#1896,.T.);
#1896 = EDGE_LOOP('',(#1897));
#1897 = ORIENTED_EDGE('',*,*,#513,.F.);
#1898 = FACE_BOUND('',#1899,.T.);
#1899 = EDGE_LOOP('',(#1900));
#1900 = ORIENTED_EDGE('',*,*,#1901,.F.);
#1901 = EDGE_CURVE('',#1902,#1902,#1904,.T.);
#1902 = VERTEX_POINT('',#1903);
#1903 = CARTESIAN_POINT('',(146.31325744371,700.,27.2332319661));
#1904 = ELLIPSE('',#1905,0.950689233662,0.95);
#1905 = AXIS2_PLACEMENT_3D('',#1906,#1907,#1908);
#1906 = CARTESIAN_POINT('',(146.31383410533,700.,26.282698644223));
#1907 = DIRECTION('',(-8.130904040175E-16,1.,-6.959654432014E-15));
#1908 = DIRECTION('',(-0.475682477763,5.735057944143E-15,0.879617064608)
  );
#1909 = PLANE('',#1910);
#1910 = AXIS2_PLACEMENT_3D('',#1911,#1912,#1913);
#1911 = CARTESIAN_POINT('',(180.82539850533,700.,24.618032244223));
#1912 = DIRECTION('',(-8.130904040175E-16,1.,-6.959654432014E-15));
#1913 = DIRECTION('',(-0.99999882186,-8.237726368463E-16,
    -1.535017416086E-03));
#1914 = ADVANCED_FACE('',(#1915),#2190,.T.);
#1915 = FACE_BOUND('',#1916,.T.);
#1916 = EDGE_LOOP('',(#1917,#1930,#1931,#1932,#1933,#1946,#1953,#1963,
    #1970,#1983,#1990,#2000,#2007,#2020,#2027,#2037,#2044,#2057,#2064,
    #2074,#2081,#2094,#2101,#2111,#2118,#2131,#2138,#2148,#2155,#2168,
    #2175,#2185));
#1917 = ORIENTED_EDGE('',*,*,#1918,.F.);
#1918 = EDGE_CURVE('',#1536,#1919,#1921,.T.);
#1919 = VERTEX_POINT('',#1920);
#1920 = CARTESIAN_POINT('',(155.85168994452,140.01329783546,
    6.788350965069));
#1921 = B_SPLINE_CURVE_WITH_KNOTS('',4,(#1922,#1923,#1924,#1925,#1926,
    #1927,#1928,#1929),.UNSPECIFIED.,.F.,.F.,(5,3,5),(0.,0.499999981244,
    1.),.UNSPECIFIED.);
#1922 = CARTESIAN_POINT('',(155.86276682106,139.4,6.767829638552));
#1923 = CARTESIAN_POINT('',(155.06988144156,183.30000061372,
    8.236750806137));
#1924 = CARTESIAN_POINT('',(154.27699607601,227.20000045537,
    9.705695036014));
#1925 = CARTESIAN_POINT('',(153.48411072413,271.09999953942,
    11.174661894675));
#1926 = CARTESIAN_POINT('',(151.89833998778,358.89999951262,
    14.112640178936));
#1927 = CARTESIAN_POINT('',(151.10545460331,402.80000040179,
    15.581651604427));
#1928 = CARTESIAN_POINT('',(150.31256923203,446.70000056011,
    17.050684857718));
#1929 = CARTESIAN_POINT('',(149.51968387373,490.6,18.519739568097));
#1930 = ORIENTED_EDGE('',*,*,#1535,.T.);
#1931 = ORIENTED_EDGE('',*,*,#335,.F.);
#1932 = ORIENTED_EDGE('',*,*,#1865,.F.);
#1933 = ORIENTED_EDGE('',*,*,#1934,.F.);
#1934 = EDGE_CURVE('',#1935,#1866,#1937,.T.);
#1935 = VERTEX_POINT('',#1936);
#1936 = CARTESIAN_POINT('',(149.53026263522,490.01428149948,
    18.500139284039));
#1937 = B_SPLINE_CURVE_WITH_KNOTS('',4,(#1938,#1939,#1940,#1941,#1942,
    #1943,#1944,#1945),.UNSPECIFIED.,.F.,.F.,(5,3,5),(0.,0.499999981244,
    1.),.UNSPECIFIED.);
#1938 = CARTESIAN_POINT('',(155.86276682106,139.4,6.767829638552));
#1939 = CARTESIAN_POINT('',(155.06988144156,183.30000061372,
    8.236750806137));
#1940 = CARTESIAN_POINT('',(154.27699607601,227.20000045537,
    9.705695036014));
#1941 = CARTESIAN_POINT('',(153.48411072413,271.09999953942,
    11.174661894675));
#1942 = CARTESIAN_POINT('',(151.89833998778,358.89999951262,
    14.112640178936));
#1943 = CARTESIAN_POINT('',(151.10545460331,402.80000040179,
    15.581651604427));
#1944 = CARTESIAN_POINT('',(150.31256923203,446.70000056011,
    17.050684857718));
#1945 = CARTESIAN_POINT('',(149.51968387373,490.6,18.519739568097));
#1946 = ORIENTED_EDGE('',*,*,#1947,.F.);
#1947 = EDGE_CURVE('',#1948,#1935,#1950,.T.);
#1948 = VERTEX_POINT('',#1949);
#1949 = CARTESIAN_POINT('',(149.5292440769,490.0706764236,
    16.816793598686));
#1950 = B_SPLINE_CURVE_WITH_KNOTS('',1,(#1951,#1952),.UNSPECIFIED.,.F.,
  .F.,(2,2),(0.,1.),.PIECEWISE_BEZIER_KNOTS.);
#1951 = CARTESIAN_POINT('',(149.52920129287,490.07304526391,
    16.746085513077));
#1952 = CARTESIAN_POINT('',(149.53222499505,489.90563074106,
    21.743281965143));
#1953 = ORIENTED_EDGE('',*,*,#1954,.F.);
#1954 = EDGE_CURVE('',#1955,#1948,#1957,.T.);
#1955 = VERTEX_POINT('',#1956);
#1956 = CARTESIAN_POINT('',(150.42147518808,440.67016111428,
    15.161997031478));
#1957 = B_SPLINE_CURVE_WITH_KNOTS('',4,(#1958,#1959,#1960,#1961,#1962),
  .UNSPECIFIED.,.F.,.F.,(5,5),(0.,1.),.PIECEWISE_BEZIER_KNOTS.);
#1958 = CARTESIAN_POINT('',(150.42147519891,440.67016051472,
    15.161997011394));
#1959 = CARTESIAN_POINT('',(150.19841741539,453.02028965892,
    15.575695653625));
#1960 = CARTESIAN_POINT('',(149.97535963208,465.37041879173,
    15.989394635702));
#1961 = CARTESIAN_POINT('',(149.75230184897,477.72054791314,
    16.403093957469));
#1962 = CARTESIAN_POINT('',(149.52924406607,490.07067702317,
    16.81679361877));
#1963 = ORIENTED_EDGE('',*,*,#1964,.T.);
#1964 = EDGE_CURVE('',#1955,#1965,#1967,.T.);
#1965 = VERTEX_POINT('',#1966);
#1966 = CARTESIAN_POINT('',(150.42249476478,440.61370980524,
    16.847025763889));
#1967 = B_SPLINE_CURVE_WITH_KNOTS('',1,(#1968,#1969),.UNSPECIFIED.,.F.,
  .F.,(2,2),(0.,1.),.PIECEWISE_BEZIER_KNOTS.);
#1968 = CARTESIAN_POINT('',(150.42143195325,440.67255491446,
    15.090543912987));
#1969 = CARTESIAN_POINT('',(150.42445565543,440.5051403916,
    20.087740365052));
#1970 = ORIENTED_EDGE('',*,*,#1971,.F.);
#1971 = EDGE_CURVE('',#1972,#1965,#1974,.T.);
#1972 = VERTEX_POINT('',#1973);
#1973 = CARTESIAN_POINT('',(150.43332364047,440.01414313175,
    16.826962321126));
#1974 = B_SPLINE_CURVE_WITH_KNOTS('',4,(#1975,#1976,#1977,#1978,#1979,
    #1980,#1981,#1982),.UNSPECIFIED.,.F.,.F.,(5,3,5),(0.,0.499999981244,
    1.),.UNSPECIFIED.);
#1975 = CARTESIAN_POINT('',(155.86276682106,139.4,6.767829638552));
#1976 = CARTESIAN_POINT('',(155.06988144156,183.30000061372,
    8.236750806137));
#1977 = CARTESIAN_POINT('',(154.27699607601,227.20000045537,
    9.705695036014));
#1978 = CARTESIAN_POINT('',(153.48411072413,271.09999953942,
    11.174661894675));
#1979 = CARTESIAN_POINT('',(151.89833998778,358.89999951262,
    14.112640178936));
#1980 = CARTESIAN_POINT('',(151.10545460331,402.80000040179,
    15.581651604427));
#1981 = CARTESIAN_POINT('',(150.31256923203,446.70000056011,
    17.050684857718));
#1982 = CARTESIAN_POINT('',(149.51968387373,490.6,18.519739568097));
#1983 = ORIENTED_EDGE('',*,*,#1984,.F.);
#1984 = EDGE_CURVE('',#1985,#1972,#1987,.T.);
#1985 = VERTEX_POINT('',#1986);
#1986 = CARTESIAN_POINT('',(150.43193270418,440.09115565517,
    14.528196943739));
#1987 = B_SPLINE_CURVE_WITH_KNOTS('',1,(#1988,#1989),.UNSPECIFIED.,.F.,
  .F.,(2,2),(0.,1.),.PIECEWISE_BEZIER_KNOTS.);
#1988 = CARTESIAN_POINT('',(150.43189796677,440.09307897519,
    14.470787300765));
#1989 = CARTESIAN_POINT('',(150.43564735747,439.88548496685,
    20.667310901326));
#1990 = ORIENTED_EDGE('',*,*,#1991,.F.);
#1991 = EDGE_CURVE('',#1992,#1985,#1994,.T.);
#1992 = VERTEX_POINT('',#1993);
#1993 = CARTESIAN_POINT('',(151.33499258878,390.09107933505,
    12.853167906745));
#1994 = B_SPLINE_CURVE_WITH_KNOTS('',4,(#1995,#1996,#1997,#1998,#1999),
  .UNSPECIFIED.,.F.,.F.,(5,5),(0.,1.),.PIECEWISE_BEZIER_KNOTS.);
#1995 = CARTESIAN_POINT('',(151.33499259961,390.09107873548,
    12.853167886659));
#1996 = CARTESIAN_POINT('',(151.1092276228,402.591098129,13.271924747436
    ));
#1997 = CARTESIAN_POINT('',(150.88346264615,415.09111751338,
    13.69068188061));
#1998 = CARTESIAN_POINT('',(150.65769766967,427.59113688862,
    14.1094392861));
#1999 = CARTESIAN_POINT('',(150.43193269335,440.09115625474,
    14.528196963825));
#2000 = ORIENTED_EDGE('',*,*,#2001,.T.);
#2001 = EDGE_CURVE('',#1992,#2002,#2004,.T.);
#2002 = VERTEX_POINT('',#2003);
#2003 = CARTESIAN_POINT('',(151.33638465848,390.01400405758,
    15.153806444717));
#2004 = B_SPLINE_CURVE_WITH_KNOTS('',1,(#2005,#2006),.UNSPECIFIED.,.F.,
  .F.,(2,2),(0.,1.),.PIECEWISE_BEZIER_KNOTS.);
#2005 = CARTESIAN_POINT('',(151.33495748493,390.09302294373,
    12.7951526627));
#2006 = CARTESIAN_POINT('',(151.33870687563,389.88542893538,
    18.991676263261));
#2007 = ORIENTED_EDGE('',*,*,#2008,.F.);
#2008 = EDGE_CURVE('',#2009,#2002,#2011,.T.);
#2009 = VERTEX_POINT('',#2010);
#2010 = CARTESIAN_POINT('',(151.34721353432,389.41443737547,
    15.133743259121));
#2011 = B_SPLINE_CURVE_WITH_KNOTS('',4,(#2012,#2013,#2014,#2015,#2016,
    #2017,#2018,#2019),.UNSPECIFIED.,.F.,.F.,(5,3,5),(0.,0.499999981244,
    1.),.UNSPECIFIED.);
#2012 = CARTESIAN_POINT('',(155.86276682106,139.4,6.767829638552));
#2013 = CARTESIAN_POINT('',(155.06988144156,183.30000061372,
    8.236750806137));
#2014 = CARTESIAN_POINT('',(154.27699607601,227.20000045537,
    9.705695036014));
#2015 = CARTESIAN_POINT('',(153.48411072413,271.09999953942,
    11.174661894675));
#2016 = CARTESIAN_POINT('',(151.89833998778,358.89999951262,
    14.112640178936));
#2017 = CARTESIAN_POINT('',(151.10545460331,402.80000040179,
    15.581651604427));
#2018 = CARTESIAN_POINT('',(150.31256923203,446.70000056011,
    17.050684857718));
#2019 = CARTESIAN_POINT('',(149.51968387373,490.6,18.519739568097));
#2020 = ORIENTED_EDGE('',*,*,#2021,.F.);
#2021 = EDGE_CURVE('',#2022,#2009,#2024,.T.);
#2022 = VERTEX_POINT('',#2023);
#2023 = CARTESIAN_POINT('',(151.34619289163,389.47094770596,
    13.446952781019));
#2024 = B_SPLINE_CURVE_WITH_KNOTS('',1,(#2025,#2026),.UNSPECIFIED.,.F.,
  .F.,(2,2),(0.,1.),.PIECEWISE_BEZIER_KNOTS.);
#2025 = CARTESIAN_POINT('',(151.34614918698,389.47336751897,
    13.374723198973));
#2026 = CARTESIAN_POINT('',(151.34917288916,389.30595299612,
    18.371919651039));
#2027 = ORIENTED_EDGE('',*,*,#2028,.F.);
#2028 = EDGE_CURVE('',#2029,#2022,#2031,.T.);
#2029 = VERTEX_POINT('',#2030);
#2030 = CARTESIAN_POINT('',(152.22759514451,340.66999810742,
    11.812248392901));
#2031 = B_SPLINE_CURVE_WITH_KNOTS('',4,(#2032,#2033,#2034,#2035,#2036),
  .UNSPECIFIED.,.F.,.F.,(5,5),(0.,1.),.PIECEWISE_BEZIER_KNOTS.);
#2032 = CARTESIAN_POINT('',(152.22759515534,340.66999750786,
    11.812248372817));
#2033 = CARTESIAN_POINT('',(152.00724458641,352.87023522399,
    12.220923981637));
#2034 = CARTESIAN_POINT('',(151.78689401767,365.07047292897,
    12.629599922726));
#2035 = CARTESIAN_POINT('',(151.56654344914,377.27071062282,
    13.038276195932));
#2036 = CARTESIAN_POINT('',(151.3461928808,389.47094830552,
    13.446952801102));
#2037 = ORIENTED_EDGE('',*,*,#2038,.T.);
#2038 = EDGE_CURVE('',#2029,#2039,#2041,.T.);
#2039 = VERTEX_POINT('',#2040);
#2040 = CARTESIAN_POINT('',(152.22861681338,340.61343096047,
    13.500734799256));
#2041 = B_SPLINE_CURVE_WITH_KNOTS('',1,(#2042,#2043),.UNSPECIFIED.,.F.,
  .F.,(2,2),(0.,1.),.PIECEWISE_BEZIER_KNOTS.);
#2042 = CARTESIAN_POINT('',(152.22755098957,340.67244285153,
    11.739274636857));
#2043 = CARTESIAN_POINT('',(152.23057469175,340.50502832867,
    16.736471088923));
#2044 = ORIENTED_EDGE('',*,*,#2045,.F.);
#2045 = EDGE_CURVE('',#2046,#2039,#2048,.T.);
#2046 = VERTEX_POINT('',#2047);
#2047 = CARTESIAN_POINT('',(152.23944568938,340.01386426986,
    13.480671867277));
#2048 = B_SPLINE_CURVE_WITH_KNOTS('',4,(#2049,#2050,#2051,#2052,#2053,
    #2054,#2055,#2056),.UNSPECIFIED.,.F.,.F.,(5,3,5),(0.,0.499999981244,
    1.),.UNSPECIFIED.);
#2049 = CARTESIAN_POINT('',(155.86276682106,139.4,6.767829638552));
#2050 = CARTESIAN_POINT('',(155.06988144156,183.30000061372,
    8.236750806137));
#2051 = CARTESIAN_POINT('',(154.27699607601,227.20000045537,
    9.705695036014));
#2052 = CARTESIAN_POINT('',(153.48411072413,271.09999953942,
    11.174661894675));
#2053 = CARTESIAN_POINT('',(151.89833998778,358.89999951262,
    14.112640178936));
#2054 = CARTESIAN_POINT('',(151.10545460331,402.80000040179,
    15.581651604427));
#2055 = CARTESIAN_POINT('',(150.31256923203,446.70000056011,
    17.050684857718));
#2056 = CARTESIAN_POINT('',(149.51968387373,490.6,18.519739568097));
#2057 = ORIENTED_EDGE('',*,*,#2058,.F.);
#2058 = EDGE_CURVE('',#2059,#2046,#2061,.T.);
#2059 = VERTEX_POINT('',#2060);
#2060 = CARTESIAN_POINT('',(152.23805247536,340.09100290541,
    11.178142138523));
#2061 = B_SPLINE_CURVE_WITH_KNOTS('',1,(#2062,#2063),.UNSPECIFIED.,.F.,
  .F.,(2,2),(0.,1.),.PIECEWISE_BEZIER_KNOTS.);
#2062 = CARTESIAN_POINT('',(152.2380170031,340.09296691226,
    11.119518024635));
#2063 = CARTESIAN_POINT('',(152.2417663938,339.88537290392,
    17.316041625196));
#2064 = ORIENTED_EDGE('',*,*,#2065,.F.);
#2065 = EDGE_CURVE('',#2066,#2059,#2068,.T.);
#2066 = VERTEX_POINT('',#2067);
#2067 = CARTESIAN_POINT('',(153.14111236391,290.0909263662,
    9.503119641034));
#2068 = B_SPLINE_CURVE_WITH_KNOTS('',4,(#2069,#2070,#2071,#2072,#2073),
  .UNSPECIFIED.,.F.,.F.,(5,5),(0.,1.),.PIECEWISE_BEZIER_KNOTS.);
#2069 = CARTESIAN_POINT('',(153.14111237474,290.09092576664,
    9.503119620948));
#2070 = CARTESIAN_POINT('',(152.91534739694,302.59094521494,
    9.921874846359));
#2071 = CARTESIAN_POINT('',(152.68958241931,315.0909646541,
    10.340630344494));
#2072 = CARTESIAN_POINT('',(152.46381744183,327.59098408411,
    10.759386115271));
#2073 = CARTESIAN_POINT('',(152.23805246453,340.09100350498,
    11.178142158609));
#2074 = ORIENTED_EDGE('',*,*,#2075,.T.);
#2075 = EDGE_CURVE('',#2066,#2076,#2078,.T.);
#2076 = VERTEX_POINT('',#2077);
#2077 = CARTESIAN_POINT('',(153.14250673329,290.01372376131,
    11.807558805999));
#2078 = B_SPLINE_CURVE_WITH_KNOTS('',1,(#2079,#2080),.UNSPECIFIED.,.F.,
  .F.,(2,2),(0.,1.),.PIECEWISE_BEZIER_KNOTS.);
#2079 = CARTESIAN_POINT('',(153.14107652126,290.09291088079,
    9.44388338657));
#2080 = CARTESIAN_POINT('',(153.14482591196,289.88531687245,
    15.640406987131));
#2081 = ORIENTED_EDGE('',*,*,#2082,.F.);
#2082 = EDGE_CURVE('',#2083,#2076,#2085,.T.);
#2083 = VERTEX_POINT('',#2084);
#2084 = CARTESIAN_POINT('',(153.15333560945,289.41415706191,
    11.787496136457));
#2085 = B_SPLINE_CURVE_WITH_KNOTS('',4,(#2086,#2087,#2088,#2089,#2090,
    #2091,#2092,#2093),.UNSPECIFIED.,.F.,.F.,(5,3,5),(0.,0.499999981244,
    1.),.UNSPECIFIED.);
#2086 = CARTESIAN_POINT('',(155.86276682106,139.4,6.767829638552));
#2087 = CARTESIAN_POINT('',(155.06988144156,183.30000061372,
    8.236750806137));
#2088 = CARTESIAN_POINT('',(154.27699607601,227.20000045537,
    9.705695036014));
#2089 = CARTESIAN_POINT('',(153.48411072413,271.09999953942,
    11.174661894675));
#2090 = CARTESIAN_POINT('',(151.89833998778,358.89999951262,
    14.112640178936));
#2091 = CARTESIAN_POINT('',(151.10545460331,402.80000040179,
    15.581651604427));
#2092 = CARTESIAN_POINT('',(150.31256923203,446.70000056011,
    17.050684857718));
#2093 = CARTESIAN_POINT('',(149.51968387373,490.6,18.519739568097));
#2094 = ORIENTED_EDGE('',*,*,#2095,.F.);
#2095 = EDGE_CURVE('',#2096,#2083,#2098,.T.);
#2096 = VERTEX_POINT('',#2097);
#2097 = CARTESIAN_POINT('',(153.15231285325,289.47078441206,
    10.097212710462));
#2098 = B_SPLINE_CURVE_WITH_KNOTS('',1,(#2099,#2100),.UNSPECIFIED.,.F.,
  .F.,(2,2),(0.,1.),.PIECEWISE_BEZIER_KNOTS.);
#2099 = CARTESIAN_POINT('',(153.1522682233,289.47325545604,
    10.023453922843));
#2100 = CARTESIAN_POINT('',(153.15529192548,289.30584093319,
    15.020650374909));
#2101 = ORIENTED_EDGE('',*,*,#2102,.F.);
#2102 = EDGE_CURVE('',#2103,#2096,#2105,.T.);
#2103 = VERTEX_POINT('',#2104);
#2104 = CARTESIAN_POINT('',(154.03371511108,240.66983453967,
    8.462516496729));
#2105 = B_SPLINE_CURVE_WITH_KNOTS('',4,(#2106,#2107,#2108,#2109,#2110),
  .UNSPECIFIED.,.F.,.F.,(5,5),(0.,1.),.PIECEWISE_BEZIER_KNOTS.);
#2106 = CARTESIAN_POINT('',(154.0337151219,240.6698339401,8.462516476645
    ));
#2107 = CARTESIAN_POINT('',(153.81336455173,252.87007172473,
    8.871190040925));
#2108 = CARTESIAN_POINT('',(153.59301398176,265.07030949818,
    9.279863938104));
#2109 = CARTESIAN_POINT('',(153.37266341199,277.27054726048,
    9.688538168029));
#2110 = CARTESIAN_POINT('',(153.15231284242,289.47078501162,
    10.097212730546));
#2111 = ORIENTED_EDGE('',*,*,#2112,.T.);
#2112 = EDGE_CURVE('',#2103,#2113,#2115,.T.);
#2113 = VERTEX_POINT('',#2114);
#2114 = CARTESIAN_POINT('',(154.03473891405,240.61314923257,
    10.154529893612));
#2115 = B_SPLINE_CURVE_WITH_KNOTS('',1,(#2116,#2117),.UNSPECIFIED.,.F.,
  .F.,(2,2),(0.,1.),.PIECEWISE_BEZIER_KNOTS.);
#2116 = CARTESIAN_POINT('',(154.0336700259,240.67233078859,
    8.388005360727));
#2117 = CARTESIAN_POINT('',(154.03669372808,240.50491626574,
    13.385201812793));
#2118 = ORIENTED_EDGE('',*,*,#2119,.F.);
#2119 = EDGE_CURVE('',#2120,#2113,#2122,.T.);
#2120 = VERTEX_POINT('',#2121);
#2121 = CARTESIAN_POINT('',(154.04556779037,240.0135825245,
    10.134467482949));
#2122 = B_SPLINE_CURVE_WITH_KNOTS('',4,(#2123,#2124,#2125,#2126,#2127,
    #2128,#2129,#2130),.UNSPECIFIED.,.F.,.F.,(5,3,5),(0.,0.499999981244,
    1.),.UNSPECIFIED.);
#2123 = CARTESIAN_POINT('',(155.86276682106,139.4,6.767829638552));
#2124 = CARTESIAN_POINT('',(155.06988144156,183.30000061372,
    8.236750806137));
#2125 = CARTESIAN_POINT('',(154.27699607601,227.20000045537,
    9.705695036014));
#2126 = CARTESIAN_POINT('',(153.48411072413,271.09999953942,
    11.174661894675));
#2127 = CARTESIAN_POINT('',(151.89833998778,358.89999951262,
    14.112640178936));
#2128 = CARTESIAN_POINT('',(151.10545460331,402.80000040179,
    15.581651604427));
#2129 = CARTESIAN_POINT('',(150.31256923203,446.70000056011,
    17.050684857718));
#2130 = CARTESIAN_POINT('',(149.51968387373,490.6,18.519739568097));
#2131 = ORIENTED_EDGE('',*,*,#2132,.F.);
#2132 = EDGE_CURVE('',#2133,#2120,#2135,.T.);
#2133 = VERTEX_POINT('',#2134);
#2134 = CARTESIAN_POINT('',(154.04417225445,240.09084971735,
    7.828100416247));
#2135 = B_SPLINE_CURVE_WITH_KNOTS('',1,(#2136,#2137),.UNSPECIFIED.,.F.,
  .F.,(2,2),(0.,1.),.PIECEWISE_BEZIER_KNOTS.);
#2136 = CARTESIAN_POINT('',(154.04413603942,240.09285484933,
    7.768248748505));
#2137 = CARTESIAN_POINT('',(154.04788543012,239.88526084099,
    13.964772349066));
#2138 = ORIENTED_EDGE('',*,*,#2139,.F.);
#2139 = EDGE_CURVE('',#2140,#2133,#2142,.T.);
#2140 = VERTEX_POINT('',#2141);
#2141 = CARTESIAN_POINT('',(154.94723214697,190.0907729588,
    6.153084466145));
#2142 = B_SPLINE_CURVE_WITH_KNOTS('',4,(#2143,#2144,#2145,#2146,#2147),
  .UNSPECIFIED.,.F.,.F.,(5,5),(0.,1.),.PIECEWISE_BEZIER_KNOTS.);
#2143 = CARTESIAN_POINT('',(154.9472321578,190.09077235923,
    6.153084446059));
#2144 = CARTESIAN_POINT('',(154.72146717901,202.59079186239,
    6.571838034127));
#2145 = CARTESIAN_POINT('',(154.49570220038,215.09081135639,
    6.99059189525));
#2146 = CARTESIAN_POINT('',(154.26993722192,227.59083084123,
    7.409346029346));
#2147 = CARTESIAN_POINT('',(154.04417224362,240.09085031692,
    7.828100436333));
#2148 = ORIENTED_EDGE('',*,*,#2149,.T.);
#2149 = EDGE_CURVE('',#2140,#2150,#2152,.T.);
#2150 = VERTEX_POINT('',#2151);
#2151 = CARTESIAN_POINT('',(154.94862886073,190.01344055181,
    8.461398125217));
#2152 = B_SPLINE_CURVE_WITH_KNOTS('',1,(#2153,#2154),.UNSPECIFIED.,.F.,
  .F.,(2,2),(0.,1.),.PIECEWISE_BEZIER_KNOTS.);
#2153 = CARTESIAN_POINT('',(154.94719555758,190.09279881786,
    6.09261411044));
#2154 = CARTESIAN_POINT('',(154.95094494828,189.88520480952,
    12.289137711002));
#2155 = ORIENTED_EDGE('',*,*,#2156,.F.);
#2156 = EDGE_CURVE('',#2157,#2150,#2159,.T.);
#2157 = VERTEX_POINT('',#2158);
#2158 = CARTESIAN_POINT('',(154.9594577372,189.41387383475,
    8.441335982505));
#2159 = B_SPLINE_CURVE_WITH_KNOTS('',4,(#2160,#2161,#2162,#2163,#2164,
    #2165,#2166,#2167),.UNSPECIFIED.,.F.,.F.,(5,3,5),(0.,0.499999981244,
    1.),.UNSPECIFIED.);
#2160 = CARTESIAN_POINT('',(155.86276682106,139.4,6.767829638552));
#2161 = CARTESIAN_POINT('',(155.06988144156,183.30000061372,
    8.236750806137));
#2162 = CARTESIAN_POINT('',(154.27699607601,227.20000045537,
    9.705695036014));
#2163 = CARTESIAN_POINT('',(153.48411072413,271.09999953942,
    11.174661894675));
#2164 = CARTESIAN_POINT('',(151.89833998778,358.89999951262,
    14.112640178936));
#2165 = CARTESIAN_POINT('',(151.10545460331,402.80000040179,
    15.581651604427));
#2166 = CARTESIAN_POINT('',(150.31256923203,446.70000056011,
    17.050684857718));
#2167 = CARTESIAN_POINT('',(149.51968387373,490.6,18.519739568097));
#2168 = ORIENTED_EDGE('',*,*,#2169,.F.);
#2169 = EDGE_CURVE('',#2170,#2157,#2172,.T.);
#2170 = VERTEX_POINT('',#2171);
#2171 = CARTESIAN_POINT('',(154.95843282501,189.47062055671,
    6.747489398535));
#2172 = B_SPLINE_CURVE_WITH_KNOTS('',1,(#2173,#2174),.UNSPECIFIED.,.F.,
  .F.,(2,2),(0.,1.),.PIECEWISE_BEZIER_KNOTS.);
#2173 = CARTESIAN_POINT('',(154.95838725963,189.47314339311,
    6.672184646714));
#2174 = CARTESIAN_POINT('',(154.96141096181,189.30572887026,
    11.669381098779));
#2175 = ORIENTED_EDGE('',*,*,#2176,.F.);
#2176 = EDGE_CURVE('',#2177,#2170,#2179,.T.);
#2177 = VERTEX_POINT('',#2178);
#2178 = CARTESIAN_POINT('',(155.85066395124,140.07010441407,
    5.092717705598));
#2179 = B_SPLINE_CURVE_WITH_KNOTS('',4,(#2180,#2181,#2182,#2183,#2184),
  .UNSPECIFIED.,.F.,.F.,(5,5),(0.,1.),.PIECEWISE_BEZIER_KNOTS.);
#2180 = CARTESIAN_POINT('',(155.85066396207,140.0701038145,
    5.092717685515));
#2181 = CARTESIAN_POINT('',(155.62760617479,152.42023316714,
    5.506410106269));
#2182 = CARTESIAN_POINT('',(155.40454838771,164.77036250831,
    5.920102868813));
#2183 = CARTESIAN_POINT('',(155.18149060084,177.12049183802,
    6.333795972983));
#2184 = CARTESIAN_POINT('',(154.95843281418,189.47062115628,
    6.747489418619));
#2185 = ORIENTED_EDGE('',*,*,#2186,.T.);
#2186 = EDGE_CURVE('',#2177,#1919,#2187,.T.);
#2187 = B_SPLINE_CURVE_WITH_KNOTS('',1,(#2188,#2189),.UNSPECIFIED.,.F.,
  .F.,(2,2),(0.,1.),.PIECEWISE_BEZIER_KNOTS.);
#2188 = CARTESIAN_POINT('',(155.85061792001,140.07265304365,
    5.016643046623));
#2189 = CARTESIAN_POINT('',(155.85364162219,139.9052385208,
    10.013839498689));
#2190 = B_SPLINE_SURFACE_WITH_KNOTS('',1,1,(
    (#2191,#2192)
    ,(#2193,#2194
    )),.UNSPECIFIED.,.F.,.F.,.F.,(2,2),(2,2),(0.,148.32),(0.,1.),
  .PIECEWISE_BEZIER_KNOTS.);
#2191 = CARTESIAN_POINT('',(155.86276682106,139.4,81.675611728845));
#2192 = CARTESIAN_POINT('',(149.51968387373,490.6,93.405041050956));
#2193 = CARTESIAN_POINT('',(155.86276682106,139.4,-66.64438827115));
#2194 = CARTESIAN_POINT('',(149.51968387373,490.6,-54.91495894904));
#2195 = ADVANCED_FACE('',(#2196),#2221,.T.);
#2196 = FACE_BOUND('',#2197,.T.);
#2197 = EDGE_LOOP('',(#2198,#2199,#2207,#2215));
#2198 = ORIENTED_EDGE('',*,*,#970,.T.);
#2199 = ORIENTED_EDGE('',*,*,#2200,.T.);
#2200 = EDGE_CURVE('',#973,#2201,#2203,.T.);
#2201 = VERTEX_POINT('',#2202);
#2202 = CARTESIAN_POINT('',(119.38949608423,221.25,5.661926323286));
#2203 = LINE('',#2204,#2205);
#2204 = CARTESIAN_POINT('',(119.38949608423,221.25,-0.338073676714));
#2205 = VECTOR('',#2206,1.);
#2206 = DIRECTION('',(0.,0.,1.));
#2207 = ORIENTED_EDGE('',*,*,#2208,.T.);
#2208 = EDGE_CURVE('',#2201,#2209,#2211,.T.);
#2209 = VERTEX_POINT('',#2210);
#2210 = CARTESIAN_POINT('',(123.88949608423,221.25,5.661926323286));
#2211 = LINE('',#2212,#2213);
#2212 = CARTESIAN_POINT('',(91.889496084235,221.25,5.661926323286));
#2213 = VECTOR('',#2214,1.);
#2214 = DIRECTION('',(1.,0.,0.));
#2215 = ORIENTED_EDGE('',*,*,#2216,.F.);
#2216 = EDGE_CURVE('',#971,#2209,#2217,.T.);
#2217 = LINE('',#2218,#2219);
#2218 = CARTESIAN_POINT('',(123.88949608423,221.25,-0.338073676714));
#2219 = VECTOR('',#2220,1.);
#2220 = DIRECTION('',(0.,0.,1.));
#2221 = PLANE('',#2222);
#2222 = AXIS2_PLACEMENT_3D('',#2223,#2224,#2225);
#2223 = CARTESIAN_POINT('',(91.889496084235,221.25,-0.338073676714));
#2224 = DIRECTION('',(0.,1.,0.));
#2225 = DIRECTION('',(0.,0.,1.));
#2226 = ADVANCED_FACE('',(#2227),#2245,.F.);
#2227 = FACE_BOUND('',#2228,.F.);
#2228 = EDGE_LOOP('',(#2229,#2237,#2238,#2239));
#2229 = ORIENTED_EDGE('',*,*,#2230,.F.);
#2230 = EDGE_CURVE('',#2209,#2231,#2233,.T.);
#2231 = VERTEX_POINT('',#2232);
#2232 = CARTESIAN_POINT('',(123.88949608423,225.75,5.661926323286));
#2233 = LINE('',#2234,#2235);
#2234 = CARTESIAN_POINT('',(123.88949608423,221.25,5.661926323286));
#2235 = VECTOR('',#2236,1.);
#2236 = DIRECTION('',(0.,1.,0.));
#2237 = ORIENTED_EDGE('',*,*,#2216,.F.);
#2238 = ORIENTED_EDGE('',*,*,#1158,.T.);
#2239 = ORIENTED_EDGE('',*,*,#2240,.T.);
#2240 = EDGE_CURVE('',#1138,#2231,#2241,.T.);
#2241 = LINE('',#2242,#2243);
#2242 = CARTESIAN_POINT('',(123.88949608423,225.75,-0.338073676714));
#2243 = VECTOR('',#2244,1.);
#2244 = DIRECTION('',(0.,0.,1.));
#2245 = PLANE('',#2246);
#2246 = AXIS2_PLACEMENT_3D('',#2247,#2248,#2249);
#2247 = CARTESIAN_POINT('',(123.88949608423,221.25,-0.338073676714));
#2248 = DIRECTION('',(1.,0.,0.));
#2249 = DIRECTION('',(0.,0.,1.));
#2250 = ADVANCED_FACE('',(#2251),#2285,.T.);
#2251 = FACE_BOUND('',#2252,.T.);
#2252 = EDGE_LOOP('',(#2253,#2254,#2255,#2263,#2271,#2279));
#2253 = ORIENTED_EDGE('',*,*,#1137,.T.);
#2254 = ORIENTED_EDGE('',*,*,#2240,.T.);
#2255 = ORIENTED_EDGE('',*,*,#2256,.T.);
#2256 = EDGE_CURVE('',#2231,#2257,#2259,.T.);
#2257 = VERTEX_POINT('',#2258);
#2258 = CARTESIAN_POINT('',(119.38949608423,225.75,5.661926323286));
#2259 = LINE('',#2260,#2261);
#2260 = CARTESIAN_POINT('',(99.889496084235,225.75,5.661926323286));
#2261 = VECTOR('',#2262,1.);
#2262 = DIRECTION('',(-1.,0.,0.));
#2263 = ORIENTED_EDGE('',*,*,#2264,.T.);
#2264 = EDGE_CURVE('',#2257,#2265,#2267,.T.);
#2265 = VERTEX_POINT('',#2266);
#2266 = CARTESIAN_POINT('',(119.38949608423,225.75,11.661926323286));
#2267 = LINE('',#2268,#2269);
#2268 = CARTESIAN_POINT('',(119.38949608423,225.75,-0.338073676714));
#2269 = VECTOR('',#2270,1.);
#2270 = DIRECTION('',(0.,0.,1.));
#2271 = ORIENTED_EDGE('',*,*,#2272,.T.);
#2272 = EDGE_CURVE('',#2265,#2273,#2275,.T.);
#2273 = VERTEX_POINT('',#2274);
#2274 = CARTESIAN_POINT('',(131.88949608423,225.75,11.661926323286));
#2275 = LINE('',#2276,#2277);
#2276 = CARTESIAN_POINT('',(107.88949608423,225.75,11.661926323286));
#2277 = VECTOR('',#2278,1.);
#2278 = DIRECTION('',(1.,0.,0.));
#2279 = ORIENTED_EDGE('',*,*,#2280,.F.);
#2280 = EDGE_CURVE('',#1128,#2273,#2281,.T.);
#2281 = LINE('',#2282,#2283);
#2282 = CARTESIAN_POINT('',(131.88949608423,225.75,-0.338073676714));
#2283 = VECTOR('',#2284,1.);
#2284 = DIRECTION('',(0.,0.,1.));
#2285 = PLANE('',#2286);
#2286 = AXIS2_PLACEMENT_3D('',#2287,#2288,#2289);
#2287 = CARTESIAN_POINT('',(107.88949608423,225.75,-0.338073676714));
#2288 = DIRECTION('',(0.,1.,0.));
#2289 = DIRECTION('',(0.,0.,1.));
#2290 = ADVANCED_FACE('',(#2291),#2309,.F.);
#2291 = FACE_BOUND('',#2292,.F.);
#2292 = EDGE_LOOP('',(#2293,#2294,#2295,#2303));
#2293 = ORIENTED_EDGE('',*,*,#2280,.F.);
#2294 = ORIENTED_EDGE('',*,*,#1127,.T.);
#2295 = ORIENTED_EDGE('',*,*,#2296,.T.);
#2296 = EDGE_CURVE('',#1107,#2297,#2299,.T.);
#2297 = VERTEX_POINT('',#2298);
#2298 = CARTESIAN_POINT('',(131.88949608423,229.25,11.661926323286));
#2299 = LINE('',#2300,#2301);
#2300 = CARTESIAN_POINT('',(131.88949608423,229.25,-0.338073676714));
#2301 = VECTOR('',#2302,1.);
#2302 = DIRECTION('',(0.,0.,1.));
#2303 = ORIENTED_EDGE('',*,*,#2304,.F.);
#2304 = EDGE_CURVE('',#2273,#2297,#2305,.T.);
#2305 = LINE('',#2306,#2307);
#2306 = CARTESIAN_POINT('',(131.88949608423,225.75,11.661926323286));
#2307 = VECTOR('',#2308,1.);
#2308 = DIRECTION('',(0.,1.,0.));
#2309 = PLANE('',#2310);
#2310 = AXIS2_PLACEMENT_3D('',#2311,#2312,#2313);
#2311 = CARTESIAN_POINT('',(131.88949608423,225.75,-0.338073676714));
#2312 = DIRECTION('',(1.,0.,0.));
#2313 = DIRECTION('',(0.,0.,1.));
#2314 = ADVANCED_FACE('',(#2315),#2349,.F.);
#2315 = FACE_BOUND('',#2316,.F.);
#2316 = EDGE_LOOP('',(#2317,#2318,#2326,#2334,#2342,#2348));
#2317 = ORIENTED_EDGE('',*,*,#1106,.T.);
#2318 = ORIENTED_EDGE('',*,*,#2319,.T.);
#2319 = EDGE_CURVE('',#1097,#2320,#2322,.T.);
#2320 = VERTEX_POINT('',#2321);
#2321 = CARTESIAN_POINT('',(123.88949608423,229.25,5.661926323286));
#2322 = LINE('',#2323,#2324);
#2323 = CARTESIAN_POINT('',(123.88949608423,229.25,-0.338073676714));
#2324 = VECTOR('',#2325,1.);
#2325 = DIRECTION('',(0.,0.,1.));
#2326 = ORIENTED_EDGE('',*,*,#2327,.T.);
#2327 = EDGE_CURVE('',#2320,#2328,#2330,.T.);
#2328 = VERTEX_POINT('',#2329);
#2329 = CARTESIAN_POINT('',(119.38949608423,229.25,5.661926323286));
#2330 = LINE('',#2331,#2332);
#2331 = CARTESIAN_POINT('',(99.889496084235,229.25,5.661926323286));
#2332 = VECTOR('',#2333,1.);
#2333 = DIRECTION('',(-1.,0.,0.));
#2334 = ORIENTED_EDGE('',*,*,#2335,.T.);
#2335 = EDGE_CURVE('',#2328,#2336,#2338,.T.);
#2336 = VERTEX_POINT('',#2337);
#2337 = CARTESIAN_POINT('',(119.38949608423,229.25,11.661926323286));
#2338 = LINE('',#2339,#2340);
#2339 = CARTESIAN_POINT('',(119.38949608423,229.25,-0.338073676714));
#2340 = VECTOR('',#2341,1.);
#2341 = DIRECTION('',(0.,0.,1.));
#2342 = ORIENTED_EDGE('',*,*,#2343,.T.);
#2343 = EDGE_CURVE('',#2336,#2297,#2344,.T.);
#2344 = LINE('',#2345,#2346);
#2345 = CARTESIAN_POINT('',(107.88949608423,229.25,11.661926323286));
#2346 = VECTOR('',#2347,1.);
#2347 = DIRECTION('',(1.,0.,0.));
#2348 = ORIENTED_EDGE('',*,*,#2296,.F.);
#2349 = PLANE('',#2350);
#2350 = AXIS2_PLACEMENT_3D('',#2351,#2352,#2353);
#2351 = CARTESIAN_POINT('',(107.88949608423,229.25,-0.338073676714));
#2352 = DIRECTION('',(0.,1.,0.));
#2353 = DIRECTION('',(0.,0.,1.));
#2354 = ADVANCED_FACE('',(#2355),#2373,.F.);
#2355 = FACE_BOUND('',#2356,.F.);
#2356 = EDGE_LOOP('',(#2357,#2365,#2366,#2367));
#2357 = ORIENTED_EDGE('',*,*,#2358,.F.);
#2358 = EDGE_CURVE('',#2320,#2359,#2361,.T.);
#2359 = VERTEX_POINT('',#2360);
#2360 = CARTESIAN_POINT('',(123.88949608423,233.75,5.661926323286));
#2361 = LINE('',#2362,#2363);
#2362 = CARTESIAN_POINT('',(123.88949608423,221.25,5.661926323286));
#2363 = VECTOR('',#2364,1.);
#2364 = DIRECTION('',(0.,1.,0.));
#2365 = ORIENTED_EDGE('',*,*,#2319,.F.);
#2366 = ORIENTED_EDGE('',*,*,#1096,.T.);
#2367 = ORIENTED_EDGE('',*,*,#2368,.T.);
#2368 = EDGE_CURVE('',#1087,#2359,#2369,.T.);
#2369 = LINE('',#2370,#2371);
#2370 = CARTESIAN_POINT('',(123.88949608423,233.75,-0.338073676714));
#2371 = VECTOR('',#2372,1.);
#2372 = DIRECTION('',(0.,0.,1.));
#2373 = PLANE('',#2374);
#2374 = AXIS2_PLACEMENT_3D('',#2375,#2376,#2377);
#2375 = CARTESIAN_POINT('',(123.88949608423,221.25,-0.338073676714));
#2376 = DIRECTION('',(1.,0.,0.));
#2377 = DIRECTION('',(0.,0.,1.));
#2378 = ADVANCED_FACE('',(#2379),#2397,.F.);
#2379 = FACE_BOUND('',#2380,.F.);
#2380 = EDGE_LOOP('',(#2381,#2382,#2390,#2396));
#2381 = ORIENTED_EDGE('',*,*,#1086,.T.);
#2382 = ORIENTED_EDGE('',*,*,#2383,.T.);
#2383 = EDGE_CURVE('',#1062,#2384,#2386,.T.);
#2384 = VERTEX_POINT('',#2385);
#2385 = CARTESIAN_POINT('',(119.38949608423,233.75,5.661926323286));
#2386 = LINE('',#2387,#2388);
#2387 = CARTESIAN_POINT('',(119.38949608423,233.75,-0.338073676714));
#2388 = VECTOR('',#2389,1.);
#2389 = DIRECTION('',(0.,0.,1.));
#2390 = ORIENTED_EDGE('',*,*,#2391,.T.);
#2391 = EDGE_CURVE('',#2384,#2359,#2392,.T.);
#2392 = LINE('',#2393,#2394);
#2393 = CARTESIAN_POINT('',(91.889496084235,233.75,5.661926323286));
#2394 = VECTOR('',#2395,1.);
#2395 = DIRECTION('',(1.,0.,0.));
#2396 = ORIENTED_EDGE('',*,*,#2368,.F.);
#2397 = PLANE('',#2398);
#2398 = AXIS2_PLACEMENT_3D('',#2399,#2400,#2401);
#2399 = CARTESIAN_POINT('',(91.889496084235,233.75,-0.338073676714));
#2400 = DIRECTION('',(0.,1.,0.));
#2401 = DIRECTION('',(0.,0.,1.));
#2402 = ADVANCED_FACE('',(#2403),#2421,.F.);
#2403 = FACE_BOUND('',#2404,.F.);
#2404 = EDGE_LOOP('',(#2405,#2406,#2414,#2420));
#2405 = ORIENTED_EDGE('',*,*,#1061,.T.);
#2406 = ORIENTED_EDGE('',*,*,#2407,.T.);
#2407 = EDGE_CURVE('',#1049,#2408,#2410,.T.);
#2408 = VERTEX_POINT('',#2409);
#2409 = CARTESIAN_POINT('',(96.389496084235,233.75,5.661926323286));
#2410 = LINE('',#2411,#2412);
#2411 = CARTESIAN_POINT('',(96.389496084235,233.75,-0.338073676714));
#2412 = VECTOR('',#2413,1.);
#2413 = DIRECTION('',(0.,0.,1.));
#2414 = ORIENTED_EDGE('',*,*,#2415,.T.);
#2415 = EDGE_CURVE('',#2408,#2384,#2416,.T.);
#2416 = LINE('',#2417,#2418);
#2417 = CARTESIAN_POINT('',(91.889496084235,233.75,5.661926323286));
#2418 = VECTOR('',#2419,1.);
#2419 = DIRECTION('',(1.,0.,0.));
#2420 = ORIENTED_EDGE('',*,*,#2383,.F.);
#2421 = PLANE('',#2422);
#2422 = AXIS2_PLACEMENT_3D('',#2423,#2424,#2425);
#2423 = CARTESIAN_POINT('',(96.389496084235,233.75,-0.338073676714));
#2424 = DIRECTION('',(0.,1.,0.));
#2425 = DIRECTION('',(0.,0.,1.));
#2426 = ADVANCED_FACE('',(#2427),#2445,.F.);
#2427 = FACE_BOUND('',#2428,.F.);
#2428 = EDGE_LOOP('',(#2429,#2430,#2438,#2444));
#2429 = ORIENTED_EDGE('',*,*,#1048,.T.);
#2430 = ORIENTED_EDGE('',*,*,#2431,.T.);
#2431 = EDGE_CURVE('',#1032,#2432,#2434,.T.);
#2432 = VERTEX_POINT('',#2433);
#2433 = CARTESIAN_POINT('',(91.889496084235,233.75,5.661926323286));
#2434 = LINE('',#2435,#2436);
#2435 = CARTESIAN_POINT('',(91.889496084235,233.75,-0.338073676714));
#2436 = VECTOR('',#2437,1.);
#2437 = DIRECTION('',(0.,0.,1.));
#2438 = ORIENTED_EDGE('',*,*,#2439,.T.);
#2439 = EDGE_CURVE('',#2432,#2408,#2440,.T.);
#2440 = LINE('',#2441,#2442);
#2441 = CARTESIAN_POINT('',(91.889496084235,233.75,5.661926323286));
#2442 = VECTOR('',#2443,1.);
#2443 = DIRECTION('',(1.,0.,0.));
#2444 = ORIENTED_EDGE('',*,*,#2407,.F.);
#2445 = PLANE('',#2446);
#2446 = AXIS2_PLACEMENT_3D('',#2447,#2448,#2449);
#2447 = CARTESIAN_POINT('',(91.889496084235,233.75,-0.338073676714));
#2448 = DIRECTION('',(0.,1.,0.));
#2449 = DIRECTION('',(0.,0.,1.));
#2450 = ADVANCED_FACE('',(#2451),#2469,.T.);
#2451 = FACE_BOUND('',#2452,.T.);
#2452 = EDGE_LOOP('',(#2453,#2461,#2462,#2463));
#2453 = ORIENTED_EDGE('',*,*,#2454,.F.);
#2454 = EDGE_CURVE('',#1018,#2455,#2457,.T.);
#2455 = VERTEX_POINT('',#2456);
#2456 = CARTESIAN_POINT('',(91.889496084235,221.25,5.661926323286));
#2457 = LINE('',#2458,#2459);
#2458 = CARTESIAN_POINT('',(91.889496084235,221.25,-0.338073676714));
#2459 = VECTOR('',#2460,1.);
#2460 = DIRECTION('',(0.,0.,1.));
#2461 = ORIENTED_EDGE('',*,*,#1031,.T.);
#2462 = ORIENTED_EDGE('',*,*,#2431,.T.);
#2463 = ORIENTED_EDGE('',*,*,#2464,.F.);
#2464 = EDGE_CURVE('',#2455,#2432,#2465,.T.);
#2465 = LINE('',#2466,#2467);
#2466 = CARTESIAN_POINT('',(91.889496084235,221.25,5.661926323286));
#2467 = VECTOR('',#2468,1.);
#2468 = DIRECTION('',(0.,1.,0.));
#2469 = PLANE('',#2470);
#2470 = AXIS2_PLACEMENT_3D('',#2471,#2472,#2473);
#2471 = CARTESIAN_POINT('',(91.889496084235,221.25,-0.338073676714));
#2472 = DIRECTION('',(1.,0.,0.));
#2473 = DIRECTION('',(0.,0.,1.));
#2474 = ADVANCED_FACE('',(#2475),#2493,.T.);
#2475 = FACE_BOUND('',#2476,.T.);
#2476 = EDGE_LOOP('',(#2477,#2478,#2479,#2487));
#2477 = ORIENTED_EDGE('',*,*,#1017,.T.);
#2478 = ORIENTED_EDGE('',*,*,#2454,.T.);
#2479 = ORIENTED_EDGE('',*,*,#2480,.T.);
#2480 = EDGE_CURVE('',#2455,#2481,#2483,.T.);
#2481 = VERTEX_POINT('',#2482);
#2482 = CARTESIAN_POINT('',(96.389496084235,221.25,5.661926323286));
#2483 = LINE('',#2484,#2485);
#2484 = CARTESIAN_POINT('',(91.889496084235,221.25,5.661926323286));
#2485 = VECTOR('',#2486,1.);
#2486 = DIRECTION('',(1.,0.,0.));
#2487 = ORIENTED_EDGE('',*,*,#2488,.F.);
#2488 = EDGE_CURVE('',#983,#2481,#2489,.T.);
#2489 = LINE('',#2490,#2491);
#2490 = CARTESIAN_POINT('',(96.389496084235,221.25,-0.338073676714));
#2491 = VECTOR('',#2492,1.);
#2492 = DIRECTION('',(0.,0.,1.));
#2493 = PLANE('',#2494);
#2494 = AXIS2_PLACEMENT_3D('',#2495,#2496,#2497);
#2495 = CARTESIAN_POINT('',(91.889496084235,221.25,-0.338073676714));
#2496 = DIRECTION('',(0.,1.,0.));
#2497 = DIRECTION('',(0.,0.,1.));
#2498 = ADVANCED_FACE('',(#2499),#2539,.T.);
#2499 = FACE_BOUND('',#2500,.T.);
#2500 = EDGE_LOOP('',(#2501,#2502,#2503,#2511,#2518,#2525,#2532,#2538));
#2501 = ORIENTED_EDGE('',*,*,#982,.T.);
#2502 = ORIENTED_EDGE('',*,*,#2488,.T.);
#2503 = ORIENTED_EDGE('',*,*,#2504,.T.);
#2504 = EDGE_CURVE('',#2481,#2505,#2507,.T.);
#2505 = VERTEX_POINT('',#2506);
#2506 = CARTESIAN_POINT('',(100.83870317874,221.25,5.661926323286));
#2507 = LINE('',#2508,#2509);
#2508 = CARTESIAN_POINT('',(91.889496084235,221.25,5.661926323286));
#2509 = VECTOR('',#2510,1.);
#2510 = DIRECTION('',(1.,0.,0.));
#2511 = ORIENTED_EDGE('',*,*,#2512,.F.);
#2512 = EDGE_CURVE('',#2513,#2505,#2515,.T.);
#2513 = VERTEX_POINT('',#2514);
#2514 = CARTESIAN_POINT('',(100.83870317874,221.25,3.448365165776));
#2515 = B_SPLINE_CURVE_WITH_KNOTS('',1,(#2516,#2517),.UNSPECIFIED.,.F.,
  .F.,(2,2),(0.,1.),.PIECEWISE_BEZIER_KNOTS.);
#2516 = CARTESIAN_POINT('',(100.83870317874,221.25,3.448365165776));
#2517 = CARTESIAN_POINT('',(100.83870317874,221.25,5.661926323286));
#2518 = ORIENTED_EDGE('',*,*,#2519,.F.);
#2519 = EDGE_CURVE('',#2520,#2513,#2522,.T.);
#2520 = VERTEX_POINT('',#2521);
#2521 = CARTESIAN_POINT('',(114.83870317874,221.25,3.448365165776));
#2522 = B_SPLINE_CURVE_WITH_KNOTS('',1,(#2523,#2524),.UNSPECIFIED.,.F.,
  .F.,(2,2),(0.,1.),.PIECEWISE_BEZIER_KNOTS.);
#2523 = CARTESIAN_POINT('',(114.83870317874,221.25,3.448365165776));
#2524 = CARTESIAN_POINT('',(100.83870317874,221.25,3.448365165776));
#2525 = ORIENTED_EDGE('',*,*,#2526,.F.);
#2526 = EDGE_CURVE('',#2527,#2520,#2529,.T.);
#2527 = VERTEX_POINT('',#2528);
#2528 = CARTESIAN_POINT('',(114.83870317874,221.25,5.661926323286));
#2529 = B_SPLINE_CURVE_WITH_KNOTS('',1,(#2530,#2531),.UNSPECIFIED.,.F.,
  .F.,(2,2),(0.,1.),.PIECEWISE_BEZIER_KNOTS.);
#2530 = CARTESIAN_POINT('',(114.83870317874,221.25,5.661926323286));
#2531 = CARTESIAN_POINT('',(114.83870317874,221.25,3.448365165776));
#2532 = ORIENTED_EDGE('',*,*,#2533,.T.);
#2533 = EDGE_CURVE('',#2527,#2201,#2534,.T.);
#2534 = LINE('',#2535,#2536);
#2535 = CARTESIAN_POINT('',(91.889496084235,221.25,5.661926323286));
#2536 = VECTOR('',#2537,1.);
#2537 = DIRECTION('',(1.,0.,0.));
#2538 = ORIENTED_EDGE('',*,*,#2200,.F.);
#2539 = PLANE('',#2540);
#2540 = AXIS2_PLACEMENT_3D('',#2541,#2542,#2543);
#2541 = CARTESIAN_POINT('',(96.389496084235,221.25,-0.338073676714));
#2542 = DIRECTION('',(0.,1.,0.));
#2543 = DIRECTION('',(0.,0.,1.));
#2544 = ADVANCED_FACE('',(#2545),#2566,.F.);
#2545 = FACE_BOUND('',#2546,.F.);
#2546 = EDGE_LOOP('',(#2547,#2552,#2553,#2560,#2565));
#2547 = ORIENTED_EDGE('',*,*,#2548,.F.);
#2548 = EDGE_CURVE('',#2520,#1500,#2549,.T.);
#2549 = B_SPLINE_CURVE_WITH_KNOTS('',1,(#2550,#2551),.UNSPECIFIED.,.F.,
  .F.,(2,2),(0.,1.),.PIECEWISE_BEZIER_KNOTS.);
#2550 = CARTESIAN_POINT('',(114.88949608423,227.5,3.661926323286));
#2551 = CARTESIAN_POINT('',(113.,-5.,-4.282548736086));
#2552 = ORIENTED_EDGE('',*,*,#2526,.F.);
#2553 = ORIENTED_EDGE('',*,*,#2554,.F.);
#2554 = EDGE_CURVE('',#2555,#2527,#2557,.T.);
#2555 = VERTEX_POINT('',#2556);
#2556 = CARTESIAN_POINT('',(114.83870317874,221.25,8.448365165776));
#2557 = B_SPLINE_CURVE_WITH_KNOTS('',1,(#2558,#2559),.UNSPECIFIED.,.F.,
  .F.,(2,2),(0.,1.),.PIECEWISE_BEZIER_KNOTS.);
#2558 = CARTESIAN_POINT('',(114.83870317874,221.25,8.448365165776));
#2559 = CARTESIAN_POINT('',(114.83870317874,221.25,5.661926323286));
#2560 = ORIENTED_EDGE('',*,*,#2561,.T.);
#2561 = EDGE_CURVE('',#2555,#1498,#2562,.T.);
#2562 = B_SPLINE_CURVE_WITH_KNOTS('',1,(#2563,#2564),.UNSPECIFIED.,.F.,
  .F.,(2,2),(0.,1.),.PIECEWISE_BEZIER_KNOTS.);
#2563 = CARTESIAN_POINT('',(114.88949608423,227.5,8.661926323286));
#2564 = CARTESIAN_POINT('',(113.,-5.,0.717451263914));
#2565 = ORIENTED_EDGE('',*,*,#1497,.T.);
#2566 = B_SPLINE_SURFACE_WITH_KNOTS('',1,1,(
    (#2567,#2568)
    ,(#2569,#2570
    )),.UNSPECIFIED.,.F.,.F.,.F.,(2,2),(2,2),(0.,5.),(0.,1.),
  .PIECEWISE_BEZIER_KNOTS.);
#2567 = CARTESIAN_POINT('',(114.88949608423,227.5,3.661926323286));
#2568 = CARTESIAN_POINT('',(113.,-5.,-4.282548736086));
#2569 = CARTESIAN_POINT('',(114.88949608423,227.5,8.661926323286));
#2570 = CARTESIAN_POINT('',(113.,-5.,0.717451263914));
#2571 = ADVANCED_FACE('',(#2572),#2582,.F.);
#2572 = FACE_BOUND('',#2573,.F.);
#2573 = EDGE_LOOP('',(#2574,#2579,#2580,#2581));
#2574 = ORIENTED_EDGE('',*,*,#2575,.F.);
#2575 = EDGE_CURVE('',#2513,#1514,#2576,.T.);
#2576 = B_SPLINE_CURVE_WITH_KNOTS('',1,(#2577,#2578),.UNSPECIFIED.,.F.,
  .F.,(2,2),(0.,1.),.PIECEWISE_BEZIER_KNOTS.);
#2577 = CARTESIAN_POINT('',(100.88949608423,227.5,3.661926323286));
#2578 = CARTESIAN_POINT('',(99.,-5.,-4.282548736086));
#2579 = ORIENTED_EDGE('',*,*,#2519,.F.);
#2580 = ORIENTED_EDGE('',*,*,#2548,.T.);
#2581 = ORIENTED_EDGE('',*,*,#1520,.T.);
#2582 = B_SPLINE_SURFACE_WITH_KNOTS('',1,1,(
    (#2583,#2584)
    ,(#2585,#2586
    )),.UNSPECIFIED.,.F.,.F.,.F.,(2,2),(2,2),(0.,14.),(0.,1.),
  .PIECEWISE_BEZIER_KNOTS.);
#2583 = CARTESIAN_POINT('',(100.88949608423,227.5,3.661926323286));
#2584 = CARTESIAN_POINT('',(99.,-5.,-4.282548736086));
#2585 = CARTESIAN_POINT('',(114.88949608423,227.5,3.661926323286));
#2586 = CARTESIAN_POINT('',(113.,-5.,-4.282548736086));
#2587 = ADVANCED_FACE('',(#2588),#2605,.F.);
#2588 = FACE_BOUND('',#2589,.F.);
#2589 = EDGE_LOOP('',(#2590,#2597,#2602,#2603,#2604));
#2590 = ORIENTED_EDGE('',*,*,#2591,.F.);
#2591 = EDGE_CURVE('',#2592,#1507,#2594,.T.);
#2592 = VERTEX_POINT('',#2593);
#2593 = CARTESIAN_POINT('',(100.83870317874,221.25,8.448365165776));
#2594 = B_SPLINE_CURVE_WITH_KNOTS('',1,(#2595,#2596),.UNSPECIFIED.,.F.,
  .F.,(2,2),(0.,1.),.PIECEWISE_BEZIER_KNOTS.);
#2595 = CARTESIAN_POINT('',(100.88949608423,227.5,8.661926323286));
#2596 = CARTESIAN_POINT('',(99.,-5.,0.717451263914));
#2597 = ORIENTED_EDGE('',*,*,#2598,.F.);
#2598 = EDGE_CURVE('',#2505,#2592,#2599,.T.);
#2599 = B_SPLINE_CURVE_WITH_KNOTS('',1,(#2600,#2601),.UNSPECIFIED.,.F.,
  .F.,(2,2),(0.,1.),.PIECEWISE_BEZIER_KNOTS.);
#2600 = CARTESIAN_POINT('',(100.83870317874,221.25,5.661926323286));
#2601 = CARTESIAN_POINT('',(100.83870317874,221.25,8.448365165776));
#2602 = ORIENTED_EDGE('',*,*,#2512,.F.);
#2603 = ORIENTED_EDGE('',*,*,#2575,.T.);
#2604 = ORIENTED_EDGE('',*,*,#1513,.T.);
#2605 = B_SPLINE_SURFACE_WITH_KNOTS('',1,1,(
    (#2606,#2607)
    ,(#2608,#2609
    )),.UNSPECIFIED.,.F.,.F.,.F.,(2,2),(2,2),(0.,5.),(0.,1.),
  .PIECEWISE_BEZIER_KNOTS.);
#2606 = CARTESIAN_POINT('',(100.88949608423,227.5,8.661926323286));
#2607 = CARTESIAN_POINT('',(99.,-5.,0.717451263914));
#2608 = CARTESIAN_POINT('',(100.88949608423,227.5,3.661926323286));
#2609 = CARTESIAN_POINT('',(99.,-5.,-4.282548736086));
#2610 = ADVANCED_FACE('',(#2611),#2621,.F.);
#2611 = FACE_BOUND('',#2612,.F.);
#2612 = EDGE_LOOP('',(#2613,#2614,#2619,#2620));
#2613 = ORIENTED_EDGE('',*,*,#2561,.F.);
#2614 = ORIENTED_EDGE('',*,*,#2615,.F.);
#2615 = EDGE_CURVE('',#2592,#2555,#2616,.T.);
#2616 = B_SPLINE_CURVE_WITH_KNOTS('',1,(#2617,#2618),.UNSPECIFIED.,.F.,
  .F.,(2,2),(0.,1.),.PIECEWISE_BEZIER_KNOTS.);
#2617 = CARTESIAN_POINT('',(100.83870317874,221.25,8.448365165776));
#2618 = CARTESIAN_POINT('',(114.83870317874,221.25,8.448365165776));
#2619 = ORIENTED_EDGE('',*,*,#2591,.T.);
#2620 = ORIENTED_EDGE('',*,*,#1506,.T.);
#2621 = B_SPLINE_SURFACE_WITH_KNOTS('',1,1,(
    (#2622,#2623)
    ,(#2624,#2625
    )),.UNSPECIFIED.,.F.,.F.,.F.,(2,2),(2,2),(0.,14.),(0.,1.),
  .PIECEWISE_BEZIER_KNOTS.);
#2622 = CARTESIAN_POINT('',(114.88949608423,227.5,8.661926323286));
#2623 = CARTESIAN_POINT('',(113.,-5.,0.717451263914));
#2624 = CARTESIAN_POINT('',(100.88949608423,227.5,8.661926323286));
#2625 = CARTESIAN_POINT('',(99.,-5.,0.717451263914));
#2626 = ADVANCED_FACE('',(#2627),#2697,.F.);
#2627 = FACE_BOUND('',#2628,.F.);
#2628 = EDGE_LOOP('',(#2629,#2638,#2646,#2653,#2654,#2655,#2663,#2670,
    #2671,#2672,#2673,#2680,#2681,#2688,#2689,#2696));
#2629 = ORIENTED_EDGE('',*,*,#2630,.F.);
#2630 = EDGE_CURVE('',#2631,#2157,#2633,.T.);
#2631 = VERTEX_POINT('',#2632);
#2632 = CARTESIAN_POINT('',(155.56747808742,189.36861583044,
    10.120618451046));
#2633 = CIRCLE('',#2634,0.95);
#2634 = AXIS2_PLACEMENT_3D('',#2635,#2636,#2637);
#2635 = CARTESIAN_POINT('',(155.56747808742,189.40043498988,
    9.171151473689));
#2636 = DIRECTION('',(-1.81099551976E-02,0.999275016864,
    3.348835909615E-02));
#2637 = DIRECTION('',(2.168404344971E-19,-3.349385204389E-02,
    0.999438923534));
#2638 = ORIENTED_EDGE('',*,*,#2639,.F.);
#2639 = EDGE_CURVE('',#2640,#2631,#2642,.T.);
#2640 = VERTEX_POINT('',#2641);
#2641 = CARTESIAN_POINT('',(156.46276682106,139.96818084055,
    8.465078706202));
#2642 = LINE('',#2643,#2644);
#2643 = CARTESIAN_POINT('',(156.82496592502,119.98268050328,
    7.795311524279));
#2644 = VECTOR('',#2645,1.);
#2645 = DIRECTION('',(-1.81099551976E-02,0.999275016864,
    3.348835909615E-02));
#2646 = ORIENTED_EDGE('',*,*,#2647,.T.);
#2647 = EDGE_CURVE('',#2640,#1919,#2648,.T.);
#2648 = CIRCLE('',#2649,0.95);
#2649 = AXIS2_PLACEMENT_3D('',#2650,#2651,#2652);
#2650 = CARTESIAN_POINT('',(156.46276682106,140.,7.515611728845));
#2651 = DIRECTION('',(-1.81099551976E-02,0.999275016864,
    3.348835909615E-02));
#2652 = DIRECTION('',(2.168404344971E-19,-3.349385204389E-02,
    0.999438923534));
#2653 = ORIENTED_EDGE('',*,*,#1918,.F.);
#2654 = ORIENTED_EDGE('',*,*,#1543,.F.);
#2655 = ORIENTED_EDGE('',*,*,#2656,.F.);
#2656 = EDGE_CURVE('',#2657,#1544,#2659,.T.);
#2657 = VERTEX_POINT('',#2658);
#2658 = CARTESIAN_POINT('',(156.82496592502,119.98268050328,
    7.795311524279));
#2659 = LINE('',#2660,#2661);
#2660 = CARTESIAN_POINT('',(156.82496592502,119.98268050328,
    7.795311524279));
#2661 = VECTOR('',#2662,1.);
#2662 = DIRECTION('',(-1.81099551976E-02,0.999275016864,
    3.348835909615E-02));
#2663 = ORIENTED_EDGE('',*,*,#2664,.T.);
#2664 = EDGE_CURVE('',#2657,#2657,#2665,.T.);
#2665 = CIRCLE('',#2666,0.95);
#2666 = AXIS2_PLACEMENT_3D('',#2667,#2668,#2669);
#2667 = CARTESIAN_POINT('',(156.82496592502,120.01449966272,
    6.845844546922));
#2668 = DIRECTION('',(-1.81099551976E-02,0.999275016864,
    3.348835909615E-02));
#2669 = DIRECTION('',(2.168404344971E-19,-3.349385204389E-02,
    0.999438923534));
#2670 = ORIENTED_EDGE('',*,*,#2656,.T.);
#2671 = ORIENTED_EDGE('',*,*,#1552,.F.);
#2672 = ORIENTED_EDGE('',*,*,#1577,.T.);
#2673 = ORIENTED_EDGE('',*,*,#2674,.T.);
#2674 = EDGE_CURVE('',#1578,#2640,#2675,.T.);
#2675 = CIRCLE('',#2676,0.95);
#2676 = AXIS2_PLACEMENT_3D('',#2677,#2678,#2679);
#2677 = CARTESIAN_POINT('',(156.46276682106,140.,7.515611728845));
#2678 = DIRECTION('',(-1.81099551976E-02,0.999275016864,
    3.348835909615E-02));
#2679 = DIRECTION('',(2.168404344971E-19,-3.349385204389E-02,
    0.999438923534));
#2680 = ORIENTED_EDGE('',*,*,#2639,.T.);
#2681 = ORIENTED_EDGE('',*,*,#2682,.F.);
#2682 = EDGE_CURVE('',#1608,#2631,#2683,.T.);
#2683 = CIRCLE('',#2684,0.95);
#2684 = AXIS2_PLACEMENT_3D('',#2685,#2686,#2687);
#2685 = CARTESIAN_POINT('',(155.56747808742,189.40043498988,
    9.171151473689));
#2686 = DIRECTION('',(-1.81099551976E-02,0.999275016864,
    3.348835909615E-02));
#2687 = DIRECTION('',(2.168404344971E-19,-3.349385204389E-02,
    0.999438923534));
#2688 = ORIENTED_EDGE('',*,*,#1614,.T.);
#2689 = ORIENTED_EDGE('',*,*,#2690,.F.);
#2690 = EDGE_CURVE('',#2150,#1615,#2691,.T.);
#2691 = CIRCLE('',#2692,0.95);
#2692 = AXIS2_PLACEMENT_3D('',#2693,#2694,#2695);
#2693 = CARTESIAN_POINT('',(155.5566121143,190.,9.191244489146));
#2694 = DIRECTION('',(-1.81099551976E-02,0.999275016864,
    3.348835909615E-02));
#2695 = DIRECTION('',(2.168404344971E-19,-3.349385204389E-02,
    0.999438923534));
#2696 = ORIENTED_EDGE('',*,*,#2156,.F.);
#2697 = CYLINDRICAL_SURFACE('',#2698,0.95);
#2698 = AXIS2_PLACEMENT_3D('',#2699,#2700,#2701);
#2699 = CARTESIAN_POINT('',(156.82496592502,120.01449966272,
    6.845844546922));
#2700 = DIRECTION('',(-1.81099551976E-02,0.999275016864,
    3.348835909615E-02));
#2701 = DIRECTION('',(1.084202172486E-19,-3.349385204389E-02,
    0.999438923534));
#2702 = ADVANCED_FACE('',(#2703),#2765,.F.);
#2703 = FACE_BOUND('',#2704,.F.);
#2704 = EDGE_LOOP('',(#2705,#2706,#2712,#2713,#2714,#2723,#2731,#2738,
    #2739,#2746,#2747,#2754,#2755,#2762,#2763,#2764));
#2705 = ORIENTED_EDGE('',*,*,#1901,.F.);
#2706 = ORIENTED_EDGE('',*,*,#2707,.F.);
#2707 = EDGE_CURVE('',#1874,#1902,#2708,.T.);
#2708 = LINE('',#2709,#2710);
#2709 = CARTESIAN_POINT('',(156.82496592502,119.98268050328,
    7.795311524279));
#2710 = VECTOR('',#2711,1.);
#2711 = DIRECTION('',(-1.81099551976E-02,0.999275016864,
    3.348835909615E-02));
#2712 = ORIENTED_EDGE('',*,*,#1873,.T.);
#2713 = ORIENTED_EDGE('',*,*,#1934,.F.);
#2714 = ORIENTED_EDGE('',*,*,#2715,.F.);
#2715 = EDGE_CURVE('',#2716,#1935,#2718,.T.);
#2716 = VERTEX_POINT('',#2717);
#2717 = CARTESIAN_POINT('',(150.11968387373,489.96818084055,
    20.194508028314));
#2718 = CIRCLE('',#2719,0.95);
#2719 = AXIS2_PLACEMENT_3D('',#2720,#2721,#2722);
#2720 = CARTESIAN_POINT('',(150.11968387373,490.,19.245041050956));
#2721 = DIRECTION('',(-1.81099551976E-02,0.999275016864,
    3.348835909615E-02));
#2722 = DIRECTION('',(2.168404344971E-19,-3.349385204389E-02,
    0.999438923534));
#2723 = ORIENTED_EDGE('',*,*,#2724,.F.);
#2724 = EDGE_CURVE('',#2725,#2716,#2727,.T.);
#2725 = VERTEX_POINT('',#2726);
#2726 = CARTESIAN_POINT('',(151.01497260738,440.56774585067,
    18.53896828347));
#2727 = LINE('',#2728,#2729);
#2728 = CARTESIAN_POINT('',(156.82496592502,119.98268050328,
    7.795311524279));
#2729 = VECTOR('',#2730,1.);
#2730 = DIRECTION('',(-1.81099551976E-02,0.999275016864,
    3.348835909615E-02));
#2731 = ORIENTED_EDGE('',*,*,#2732,.T.);
#2732 = EDGE_CURVE('',#2725,#1965,#2733,.T.);
#2733 = CIRCLE('',#2734,0.95);
#2734 = AXIS2_PLACEMENT_3D('',#2735,#2736,#2737);
#2735 = CARTESIAN_POINT('',(151.01497260738,440.59956501011,
    17.589501306112));
#2736 = DIRECTION('',(-1.81099551976E-02,0.999275016864,
    3.348835909615E-02));
#2737 = DIRECTION('',(2.168404344971E-19,-3.349385204389E-02,
    0.999438923534));
#2738 = ORIENTED_EDGE('',*,*,#1971,.F.);
#2739 = ORIENTED_EDGE('',*,*,#2740,.T.);
#2740 = EDGE_CURVE('',#1972,#1793,#2741,.T.);
#2741 = CIRCLE('',#2742,0.95);
#2742 = AXIS2_PLACEMENT_3D('',#2743,#2744,#2745);
#2743 = CARTESIAN_POINT('',(151.02583858049,440.,17.569408290655));
#2744 = DIRECTION('',(-1.81099551976E-02,0.999275016864,
    3.348835909615E-02));
#2745 = DIRECTION('',(2.168404344971E-19,-3.349385204389E-02,
    0.999438923534));
#2746 = ORIENTED_EDGE('',*,*,#1799,.T.);
#2747 = ORIENTED_EDGE('',*,*,#2748,.T.);
#2748 = EDGE_CURVE('',#1800,#2725,#2749,.T.);
#2749 = CIRCLE('',#2750,0.95);
#2750 = AXIS2_PLACEMENT_3D('',#2751,#2752,#2753);
#2751 = CARTESIAN_POINT('',(151.01497260738,440.59956501011,
    17.589501306112));
#2752 = DIRECTION('',(-1.81099551976E-02,0.999275016864,
    3.348835909615E-02));
#2753 = DIRECTION('',(2.168404344971E-19,-3.349385204389E-02,
    0.999438923534));
#2754 = ORIENTED_EDGE('',*,*,#2724,.T.);
#2755 = ORIENTED_EDGE('',*,*,#2756,.F.);
#2756 = EDGE_CURVE('',#1830,#2716,#2757,.T.);
#2757 = CIRCLE('',#2758,0.95);
#2758 = AXIS2_PLACEMENT_3D('',#2759,#2760,#2761);
#2759 = CARTESIAN_POINT('',(150.11968387373,490.,19.245041050956));
#2760 = DIRECTION('',(-1.81099551976E-02,0.999275016864,
    3.348835909615E-02));
#2761 = DIRECTION('',(2.168404344971E-19,-3.349385204389E-02,
    0.999438923534));
#2762 = ORIENTED_EDGE('',*,*,#1836,.T.);
#2763 = ORIENTED_EDGE('',*,*,#1882,.T.);
#2764 = ORIENTED_EDGE('',*,*,#2707,.T.);
#2765 = CYLINDRICAL_SURFACE('',#2766,0.95);
#2766 = AXIS2_PLACEMENT_3D('',#2767,#2768,#2769);
#2767 = CARTESIAN_POINT('',(156.82496592502,120.01449966272,
    6.845844546922));
#2768 = DIRECTION('',(-1.81099551976E-02,0.999275016864,
    3.348835909615E-02));
#2769 = DIRECTION('',(1.084202172486E-19,-3.349385204389E-02,
    0.999438923534));
#2770 = ADVANCED_FACE('',(#2771),#2793,.T.);
#2771 = FACE_BOUND('',#2772,.T.);
#2772 = EDGE_LOOP('',(#2773,#2774,#2783,#2790,#2791,#2792));
#2773 = ORIENTED_EDGE('',*,*,#1829,.T.);
#2774 = ORIENTED_EDGE('',*,*,#2775,.T.);
#2775 = EDGE_CURVE('',#1820,#2776,#2778,.T.);
#2776 = VERTEX_POINT('',#2777);
#2777 = CARTESIAN_POINT('',(150.11968387373,489.91626536989,
    21.743638359792));
#2778 = CIRCLE('',#2779,2.5);
#2779 = AXIS2_PLACEMENT_3D('',#2780,#2781,#2782);
#2780 = CARTESIAN_POINT('',(150.11968387373,490.,19.245041050956));
#2781 = DIRECTION('',(-1.81099551976E-02,0.999275016864,
    3.348835909615E-02));
#2782 = DIRECTION('',(2.168404344971E-19,-3.349385204389E-02,
    0.999438923534));
#2783 = ORIENTED_EDGE('',*,*,#2784,.T.);
#2784 = EDGE_CURVE('',#2776,#1948,#2785,.T.);
#2785 = CIRCLE('',#2786,2.5);
#2786 = AXIS2_PLACEMENT_3D('',#2787,#2788,#2789);
#2787 = CARTESIAN_POINT('',(150.11968387373,490.,19.245041050956));
#2788 = DIRECTION('',(-1.81099551976E-02,0.999275016864,
    3.348835909615E-02));
#2789 = DIRECTION('',(2.168404344971E-19,-3.349385204389E-02,
    0.999438923534));
#2790 = ORIENTED_EDGE('',*,*,#1947,.T.);
#2791 = ORIENTED_EDGE('',*,*,#2715,.F.);
#2792 = ORIENTED_EDGE('',*,*,#2756,.F.);
#2793 = PLANE('',#2794);
#2794 = AXIS2_PLACEMENT_3D('',#2795,#2796,#2797);
#2795 = CARTESIAN_POINT('',(150.11968387373,490.,19.245041050956));
#2796 = DIRECTION('',(-1.81099551976E-02,0.999275016864,
    3.348835909615E-02));
#2797 = DIRECTION('',(1.084202172486E-19,-3.349385204389E-02,
    0.999438923534));
#2798 = ADVANCED_FACE('',(#2799),#2818,.T.);
#2799 = FACE_BOUND('',#2800,.T.);
#2800 = EDGE_LOOP('',(#2801,#2809,#2810,#2811));
#2801 = ORIENTED_EDGE('',*,*,#2802,.T.);
#2802 = EDGE_CURVE('',#2803,#2776,#2805,.T.);
#2803 = VERTEX_POINT('',#2804);
#2804 = CARTESIAN_POINT('',(151.01497260738,440.51583038,20.088098614948
    ));
#2805 = LINE('',#2806,#2807);
#2806 = CARTESIAN_POINT('',(151.01497260738,440.51583038,20.088098614948
    ));
#2807 = VECTOR('',#2808,1.);
#2808 = DIRECTION('',(-1.81099551976E-02,0.999275016864,
    3.348835909615E-02));
#2809 = ORIENTED_EDGE('',*,*,#2775,.F.);
#2810 = ORIENTED_EDGE('',*,*,#1819,.F.);
#2811 = ORIENTED_EDGE('',*,*,#2812,.T.);
#2812 = EDGE_CURVE('',#1813,#2803,#2813,.T.);
#2813 = CIRCLE('',#2814,2.5);
#2814 = AXIS2_PLACEMENT_3D('',#2815,#2816,#2817);
#2815 = CARTESIAN_POINT('',(151.01497260738,440.59956501011,
    17.589501306112));
#2816 = DIRECTION('',(-1.81099551976E-02,0.999275016864,
    3.348835909615E-02));
#2817 = DIRECTION('',(2.168404344971E-19,-3.349385204389E-02,
    0.999438923534));
#2818 = CYLINDRICAL_SURFACE('',#2819,2.5);
#2819 = AXIS2_PLACEMENT_3D('',#2820,#2821,#2822);
#2820 = CARTESIAN_POINT('',(151.01497260738,440.59956501011,
    17.589501306112));
#2821 = DIRECTION('',(-1.81099551976E-02,0.999275016864,
    3.348835909615E-02));
#2822 = DIRECTION('',(1.084202172486E-19,-3.349385204389E-02,
    0.999438923534));
#2823 = ADVANCED_FACE('',(#2824),#2838,.F.);
#2824 = FACE_BOUND('',#2825,.F.);
#2825 = EDGE_LOOP('',(#2826,#2827,#2828,#2835,#2836,#2837));
#2826 = ORIENTED_EDGE('',*,*,#1812,.T.);
#2827 = ORIENTED_EDGE('',*,*,#2812,.T.);
#2828 = ORIENTED_EDGE('',*,*,#2829,.T.);
#2829 = EDGE_CURVE('',#2803,#1955,#2830,.T.);
#2830 = CIRCLE('',#2831,2.5);
#2831 = AXIS2_PLACEMENT_3D('',#2832,#2833,#2834);
#2832 = CARTESIAN_POINT('',(151.01497260738,440.59956501011,
    17.589501306112));
#2833 = DIRECTION('',(-1.81099551976E-02,0.999275016864,
    3.348835909615E-02));
#2834 = DIRECTION('',(2.168404344971E-19,-3.349385204389E-02,
    0.999438923534));
#2835 = ORIENTED_EDGE('',*,*,#1964,.T.);
#2836 = ORIENTED_EDGE('',*,*,#2732,.F.);
#2837 = ORIENTED_EDGE('',*,*,#2748,.F.);
#2838 = PLANE('',#2839);
#2839 = AXIS2_PLACEMENT_3D('',#2840,#2841,#2842);
#2840 = CARTESIAN_POINT('',(151.01497260738,440.59956501011,
    17.589501306112));
#2841 = DIRECTION('',(-1.81099551976E-02,0.999275016864,
    3.348835909615E-02));
#2842 = DIRECTION('',(1.084202172486E-19,-3.349385204389E-02,
    0.999438923534));
#2843 = ADVANCED_FACE('',(#2844),#2856,.F.);
#2844 = FACE_BOUND('',#2845,.F.);
#2845 = EDGE_LOOP('',(#2846,#2847,#2854,#2855));
#2846 = ORIENTED_EDGE('',*,*,#1984,.F.);
#2847 = ORIENTED_EDGE('',*,*,#2848,.T.);
#2848 = EDGE_CURVE('',#1985,#1783,#2849,.T.);
#2849 = CIRCLE('',#2850,3.1);
#2850 = AXIS2_PLACEMENT_3D('',#2851,#2852,#2853);
#2851 = CARTESIAN_POINT('',(151.02583858049,440.,17.569408290655));
#2852 = DIRECTION('',(-1.81099551976E-02,0.999275016864,
    3.348835909615E-02));
#2853 = DIRECTION('',(2.168404344971E-19,-3.349385204389E-02,
    0.999438923534));
#2854 = ORIENTED_EDGE('',*,*,#1792,.F.);
#2855 = ORIENTED_EDGE('',*,*,#2740,.F.);
#2856 = PLANE('',#2857);
#2857 = AXIS2_PLACEMENT_3D('',#2858,#2859,#2860);
#2858 = CARTESIAN_POINT('',(151.02583858049,440.,17.569408290655));
#2859 = DIRECTION('',(-1.81099551976E-02,0.999275016864,
    3.348835909615E-02));
#2860 = DIRECTION('',(1.084202172486E-19,-3.349385204389E-02,
    0.999438923534));
#2861 = ADVANCED_FACE('',(#2862),#2874,.F.);
#2862 = FACE_BOUND('',#2863,.F.);
#2863 = EDGE_LOOP('',(#2864,#2865,#2866,#2873));
#2864 = ORIENTED_EDGE('',*,*,#2848,.F.);
#2865 = ORIENTED_EDGE('',*,*,#1991,.F.);
#2866 = ORIENTED_EDGE('',*,*,#2867,.T.);
#2867 = EDGE_CURVE('',#1992,#1776,#2868,.T.);
#2868 = CIRCLE('',#2869,3.1);
#2869 = AXIS2_PLACEMENT_3D('',#2870,#2871,#2872);
#2870 = CARTESIAN_POINT('',(151.93199328726,390.,15.893775530353));
#2871 = DIRECTION('',(-1.81099551976E-02,0.999275016864,
    3.348835909615E-02));
#2872 = DIRECTION('',(2.168404344971E-19,-3.349385204389E-02,
    0.999438923534));
#2873 = ORIENTED_EDGE('',*,*,#1782,.T.);
#2874 = CYLINDRICAL_SURFACE('',#2875,3.1);
#2875 = AXIS2_PLACEMENT_3D('',#2876,#2877,#2878);
#2876 = CARTESIAN_POINT('',(151.93199328726,390.,15.893775530353));
#2877 = DIRECTION('',(-1.81099551976E-02,0.999275016864,
    3.348835909615E-02));
#2878 = DIRECTION('',(1.084202172486E-19,-3.349385204389E-02,
    0.999438923534));
#2879 = ADVANCED_FACE('',(#2880),#2892,.T.);
#2880 = FACE_BOUND('',#2881,.T.);
#2881 = EDGE_LOOP('',(#2882,#2883,#2884,#2885));
#2882 = ORIENTED_EDGE('',*,*,#2001,.F.);
#2883 = ORIENTED_EDGE('',*,*,#2867,.T.);
#2884 = ORIENTED_EDGE('',*,*,#1775,.F.);
#2885 = ORIENTED_EDGE('',*,*,#2886,.F.);
#2886 = EDGE_CURVE('',#2002,#1763,#2887,.T.);
#2887 = CIRCLE('',#2888,0.95);
#2888 = AXIS2_PLACEMENT_3D('',#2889,#2890,#2891);
#2889 = CARTESIAN_POINT('',(151.93199328726,390.,15.893775530353));
#2890 = DIRECTION('',(-1.81099551976E-02,0.999275016864,
    3.348835909615E-02));
#2891 = DIRECTION('',(2.168404344971E-19,-3.349385204389E-02,
    0.999438923534));
#2892 = PLANE('',#2893);
#2893 = AXIS2_PLACEMENT_3D('',#2894,#2895,#2896);
#2894 = CARTESIAN_POINT('',(151.93199328726,390.,15.893775530353));
#2895 = DIRECTION('',(-1.81099551976E-02,0.999275016864,
    3.348835909615E-02));
#2896 = DIRECTION('',(1.084202172486E-19,-3.349385204389E-02,
    0.999438923534));
#2897 = ADVANCED_FACE('',(#2898),#2951,.F.);
#2898 = FACE_BOUND('',#2899,.F.);
#2899 = EDGE_LOOP('',(#2900,#2909,#2917,#2924,#2925,#2932,#2933,#2940,
    #2941,#2948,#2949,#2950));
#2900 = ORIENTED_EDGE('',*,*,#2901,.F.);
#2901 = EDGE_CURVE('',#2902,#2009,#2904,.T.);
#2902 = VERTEX_POINT('',#2903);
#2903 = CARTESIAN_POINT('',(151.94285926037,389.36861583044,
    16.823149492253));
#2904 = CIRCLE('',#2905,0.95);
#2905 = AXIS2_PLACEMENT_3D('',#2906,#2907,#2908);
#2906 = CARTESIAN_POINT('',(151.94285926037,389.40043498988,
    15.873682514895));
#2907 = DIRECTION('',(-1.81099551976E-02,0.999275016864,
    3.348835909615E-02));
#2908 = DIRECTION('',(2.168404344971E-19,-3.349385204389E-02,
    0.999438923534));
#2909 = ORIENTED_EDGE('',*,*,#2910,.F.);
#2910 = EDGE_CURVE('',#2911,#2902,#2913,.T.);
#2911 = VERTEX_POINT('',#2912);
#2912 = CARTESIAN_POINT('',(152.8272820209,340.56774585067,
    15.187702762867));
#2913 = LINE('',#2914,#2915);
#2914 = CARTESIAN_POINT('',(156.82496592502,119.98268050328,
    7.795311524279));
#2915 = VECTOR('',#2916,1.);
#2916 = DIRECTION('',(-1.81099551976E-02,0.999275016864,
    3.348835909615E-02));
#2917 = ORIENTED_EDGE('',*,*,#2918,.T.);
#2918 = EDGE_CURVE('',#2911,#2039,#2919,.T.);
#2919 = CIRCLE('',#2920,0.95);
#2920 = AXIS2_PLACEMENT_3D('',#2921,#2922,#2923);
#2921 = CARTESIAN_POINT('',(152.8272820209,340.59956501011,
    14.238235785509));
#2922 = DIRECTION('',(-1.81099551976E-02,0.999275016864,
    3.348835909615E-02));
#2923 = DIRECTION('',(2.168404344971E-19,-3.349385204389E-02,
    0.999438923534));
#2924 = ORIENTED_EDGE('',*,*,#2045,.F.);
#2925 = ORIENTED_EDGE('',*,*,#2926,.T.);
#2926 = EDGE_CURVE('',#2046,#1719,#2927,.T.);
#2927 = CIRCLE('',#2928,0.95);
#2928 = AXIS2_PLACEMENT_3D('',#2929,#2930,#2931);
#2929 = CARTESIAN_POINT('',(152.83814799402,340.,14.218142770051));
#2930 = DIRECTION('',(-1.81099551976E-02,0.999275016864,
    3.348835909615E-02));
#2931 = DIRECTION('',(2.168404344971E-19,-3.349385204389E-02,
    0.999438923534));
#2932 = ORIENTED_EDGE('',*,*,#1725,.T.);
#2933 = ORIENTED_EDGE('',*,*,#2934,.T.);
#2934 = EDGE_CURVE('',#1726,#2911,#2935,.T.);
#2935 = CIRCLE('',#2936,0.95);
#2936 = AXIS2_PLACEMENT_3D('',#2937,#2938,#2939);
#2937 = CARTESIAN_POINT('',(152.8272820209,340.59956501011,
    14.238235785509));
#2938 = DIRECTION('',(-1.81099551976E-02,0.999275016864,
    3.348835909615E-02));
#2939 = DIRECTION('',(2.168404344971E-19,-3.349385204389E-02,
    0.999438923534));
#2940 = ORIENTED_EDGE('',*,*,#2910,.T.);
#2941 = ORIENTED_EDGE('',*,*,#2942,.F.);
#2942 = EDGE_CURVE('',#1756,#2902,#2943,.T.);
#2943 = CIRCLE('',#2944,0.95);
#2944 = AXIS2_PLACEMENT_3D('',#2945,#2946,#2947);
#2945 = CARTESIAN_POINT('',(151.94285926037,389.40043498988,
    15.873682514895));
#2946 = DIRECTION('',(-1.81099551976E-02,0.999275016864,
    3.348835909615E-02));
#2947 = DIRECTION('',(2.168404344971E-19,-3.349385204389E-02,
    0.999438923534));
#2948 = ORIENTED_EDGE('',*,*,#1762,.T.);
#2949 = ORIENTED_EDGE('',*,*,#2886,.F.);
#2950 = ORIENTED_EDGE('',*,*,#2008,.F.);
#2951 = CYLINDRICAL_SURFACE('',#2952,0.95);
#2952 = AXIS2_PLACEMENT_3D('',#2953,#2954,#2955);
#2953 = CARTESIAN_POINT('',(156.82496592502,120.01449966272,
    6.845844546922));
#2954 = DIRECTION('',(-1.81099551976E-02,0.999275016864,
    3.348835909615E-02));
#2955 = DIRECTION('',(1.084202172486E-19,-3.349385204389E-02,
    0.999438923534));
#2956 = ADVANCED_FACE('',(#2957),#2979,.T.);
#2957 = FACE_BOUND('',#2958,.T.);
#2958 = EDGE_LOOP('',(#2959,#2960,#2969,#2976,#2977,#2978));
#2959 = ORIENTED_EDGE('',*,*,#1755,.T.);
#2960 = ORIENTED_EDGE('',*,*,#2961,.T.);
#2961 = EDGE_CURVE('',#1746,#2962,#2964,.T.);
#2962 = VERTEX_POINT('',#2963);
#2963 = CARTESIAN_POINT('',(151.94285926037,389.31670035977,
    18.372279823731));
#2964 = CIRCLE('',#2965,2.5);
#2965 = AXIS2_PLACEMENT_3D('',#2966,#2967,#2968);
#2966 = CARTESIAN_POINT('',(151.94285926037,389.40043498988,
    15.873682514895));
#2967 = DIRECTION('',(-1.81099551976E-02,0.999275016864,
    3.348835909615E-02));
#2968 = DIRECTION('',(2.168404344971E-19,-3.349385204389E-02,
    0.999438923534));
#2969 = ORIENTED_EDGE('',*,*,#2970,.T.);
#2970 = EDGE_CURVE('',#2962,#2022,#2971,.T.);
#2971 = CIRCLE('',#2972,2.5);
#2972 = AXIS2_PLACEMENT_3D('',#2973,#2974,#2975);
#2973 = CARTESIAN_POINT('',(151.94285926037,389.40043498988,
    15.873682514895));
#2974 = DIRECTION('',(-1.81099551976E-02,0.999275016864,
    3.348835909615E-02));
#2975 = DIRECTION('',(2.168404344971E-19,-3.349385204389E-02,
    0.999438923534));
#2976 = ORIENTED_EDGE('',*,*,#2021,.T.);
#2977 = ORIENTED_EDGE('',*,*,#2901,.F.);
#2978 = ORIENTED_EDGE('',*,*,#2942,.F.);
#2979 = PLANE('',#2980);
#2980 = AXIS2_PLACEMENT_3D('',#2981,#2982,#2983);
#2981 = CARTESIAN_POINT('',(151.94285926037,389.40043498988,
    15.873682514895));
#2982 = DIRECTION('',(-1.81099551976E-02,0.999275016864,
    3.348835909615E-02));
#2983 = DIRECTION('',(1.084202172486E-19,-3.349385204389E-02,
    0.999438923534));
#2984 = ADVANCED_FACE('',(#2985),#3004,.T.);
#2985 = FACE_BOUND('',#2986,.T.);
#2986 = EDGE_LOOP('',(#2987,#2995,#2996,#2997));
#2987 = ORIENTED_EDGE('',*,*,#2988,.T.);
#2988 = EDGE_CURVE('',#2989,#2962,#2991,.T.);
#2989 = VERTEX_POINT('',#2990);
#2990 = CARTESIAN_POINT('',(152.8272820209,340.51583038,16.736833094345)
  );
#2991 = LINE('',#2992,#2993);
#2992 = CARTESIAN_POINT('',(152.8272820209,340.51583038,16.736833094345)
  );
#2993 = VECTOR('',#2994,1.);
#2994 = DIRECTION('',(-1.81099551976E-02,0.999275016864,
    3.348835909615E-02));
#2995 = ORIENTED_EDGE('',*,*,#2961,.F.);
#2996 = ORIENTED_EDGE('',*,*,#1745,.F.);
#2997 = ORIENTED_EDGE('',*,*,#2998,.T.);
#2998 = EDGE_CURVE('',#1739,#2989,#2999,.T.);
#2999 = CIRCLE('',#3000,2.5);
#3000 = AXIS2_PLACEMENT_3D('',#3001,#3002,#3003);
#3001 = CARTESIAN_POINT('',(152.8272820209,340.59956501011,
    14.238235785509));
#3002 = DIRECTION('',(-1.81099551976E-02,0.999275016864,
    3.348835909615E-02));
#3003 = DIRECTION('',(2.168404344971E-19,-3.349385204389E-02,
    0.999438923534));
#3004 = CYLINDRICAL_SURFACE('',#3005,2.5);
#3005 = AXIS2_PLACEMENT_3D('',#3006,#3007,#3008);
#3006 = CARTESIAN_POINT('',(152.8272820209,340.59956501011,
    14.238235785509));
#3007 = DIRECTION('',(-1.81099551976E-02,0.999275016864,
    3.348835909615E-02));
#3008 = DIRECTION('',(1.084202172486E-19,-3.349385204389E-02,
    0.999438923534));
#3009 = ADVANCED_FACE('',(#3010),#3024,.F.);
#3010 = FACE_BOUND('',#3011,.F.);
#3011 = EDGE_LOOP('',(#3012,#3013,#3014,#3021,#3022,#3023));
#3012 = ORIENTED_EDGE('',*,*,#1738,.T.);
#3013 = ORIENTED_EDGE('',*,*,#2998,.T.);
#3014 = ORIENTED_EDGE('',*,*,#3015,.T.);
#3015 = EDGE_CURVE('',#2989,#2029,#3016,.T.);
#3016 = CIRCLE('',#3017,2.5);
#3017 = AXIS2_PLACEMENT_3D('',#3018,#3019,#3020);
#3018 = CARTESIAN_POINT('',(152.8272820209,340.59956501011,
    14.238235785509));
#3019 = DIRECTION('',(-1.81099551976E-02,0.999275016864,
    3.348835909615E-02));
#3020 = DIRECTION('',(2.168404344971E-19,-3.349385204389E-02,
    0.999438923534));
#3021 = ORIENTED_EDGE('',*,*,#2038,.T.);
#3022 = ORIENTED_EDGE('',*,*,#2918,.F.);
#3023 = ORIENTED_EDGE('',*,*,#2934,.F.);
#3024 = PLANE('',#3025);
#3025 = AXIS2_PLACEMENT_3D('',#3026,#3027,#3028);
#3026 = CARTESIAN_POINT('',(152.8272820209,340.59956501011,
    14.238235785509));
#3027 = DIRECTION('',(-1.81099551976E-02,0.999275016864,
    3.348835909615E-02));
#3028 = DIRECTION('',(1.084202172486E-19,-3.349385204389E-02,
    0.999438923534));
#3029 = ADVANCED_FACE('',(#3030),#3042,.F.);
#3030 = FACE_BOUND('',#3031,.F.);
#3031 = EDGE_LOOP('',(#3032,#3033,#3040,#3041));
#3032 = ORIENTED_EDGE('',*,*,#2058,.F.);
#3033 = ORIENTED_EDGE('',*,*,#3034,.T.);
#3034 = EDGE_CURVE('',#2059,#1709,#3035,.T.);
#3035 = CIRCLE('',#3036,3.1);
#3036 = AXIS2_PLACEMENT_3D('',#3037,#3038,#3039);
#3037 = CARTESIAN_POINT('',(152.83814799402,340.,14.218142770051));
#3038 = DIRECTION('',(-1.81099551976E-02,0.999275016864,
    3.348835909615E-02));
#3039 = DIRECTION('',(2.168404344971E-19,-3.349385204389E-02,
    0.999438923534));
#3040 = ORIENTED_EDGE('',*,*,#1718,.F.);
#3041 = ORIENTED_EDGE('',*,*,#2926,.F.);
#3042 = PLANE('',#3043);
#3043 = AXIS2_PLACEMENT_3D('',#3044,#3045,#3046);
#3044 = CARTESIAN_POINT('',(152.83814799402,340.,14.218142770051));
#3045 = DIRECTION('',(-1.81099551976E-02,0.999275016864,
    3.348835909615E-02));
#3046 = DIRECTION('',(1.084202172486E-19,-3.349385204389E-02,
    0.999438923534));
#3047 = ADVANCED_FACE('',(#3048),#3060,.F.);
#3048 = FACE_BOUND('',#3049,.F.);
#3049 = EDGE_LOOP('',(#3050,#3051,#3052,#3059));
#3050 = ORIENTED_EDGE('',*,*,#3034,.F.);
#3051 = ORIENTED_EDGE('',*,*,#2065,.F.);
#3052 = ORIENTED_EDGE('',*,*,#3053,.T.);
#3053 = EDGE_CURVE('',#2066,#1702,#3054,.T.);
#3054 = CIRCLE('',#3055,3.1);
#3055 = AXIS2_PLACEMENT_3D('',#3056,#3057,#3058);
#3056 = CARTESIAN_POINT('',(153.74430270078,290.,12.54251000975));
#3057 = DIRECTION('',(-1.81099551976E-02,0.999275016864,
    3.348835909615E-02));
#3058 = DIRECTION('',(2.168404344971E-19,-3.349385204389E-02,
    0.999438923534));
#3059 = ORIENTED_EDGE('',*,*,#1708,.T.);
#3060 = CYLINDRICAL_SURFACE('',#3061,3.1);
#3061 = AXIS2_PLACEMENT_3D('',#3062,#3063,#3064);
#3062 = CARTESIAN_POINT('',(153.74430270078,290.,12.54251000975));
#3063 = DIRECTION('',(-1.81099551976E-02,0.999275016864,
    3.348835909615E-02));
#3064 = DIRECTION('',(1.084202172486E-19,-3.349385204389E-02,
    0.999438923534));
#3065 = ADVANCED_FACE('',(#3066),#3078,.T.);
#3066 = FACE_BOUND('',#3067,.T.);
#3067 = EDGE_LOOP('',(#3068,#3069,#3070,#3071));
#3068 = ORIENTED_EDGE('',*,*,#2075,.F.);
#3069 = ORIENTED_EDGE('',*,*,#3053,.T.);
#3070 = ORIENTED_EDGE('',*,*,#1701,.F.);
#3071 = ORIENTED_EDGE('',*,*,#3072,.F.);
#3072 = EDGE_CURVE('',#2076,#1689,#3073,.T.);
#3073 = CIRCLE('',#3074,0.95);
#3074 = AXIS2_PLACEMENT_3D('',#3075,#3076,#3077);
#3075 = CARTESIAN_POINT('',(153.74430270078,290.,12.54251000975));
#3076 = DIRECTION('',(-1.81099551976E-02,0.999275016864,
    3.348835909615E-02));
#3077 = DIRECTION('',(2.168404344971E-19,-3.349385204389E-02,
    0.999438923534));
#3078 = PLANE('',#3079);
#3079 = AXIS2_PLACEMENT_3D('',#3080,#3081,#3082);
#3080 = CARTESIAN_POINT('',(153.74430270078,290.,12.54251000975));
#3081 = DIRECTION('',(-1.81099551976E-02,0.999275016864,
    3.348835909615E-02));
#3082 = DIRECTION('',(1.084202172486E-19,-3.349385204389E-02,
    0.999438923534));
#3083 = ADVANCED_FACE('',(#3084),#3137,.F.);
#3084 = FACE_BOUND('',#3085,.F.);
#3085 = EDGE_LOOP('',(#3086,#3095,#3103,#3110,#3111,#3118,#3119,#3126,
    #3127,#3134,#3135,#3136));
#3086 = ORIENTED_EDGE('',*,*,#3087,.F.);
#3087 = EDGE_CURVE('',#3088,#2083,#3090,.T.);
#3088 = VERTEX_POINT('',#3089);
#3089 = CARTESIAN_POINT('',(153.7551686739,289.36861583044,
    13.47188397165));
#3090 = CIRCLE('',#3091,0.95);
#3091 = AXIS2_PLACEMENT_3D('',#3092,#3093,#3094);
#3092 = CARTESIAN_POINT('',(153.7551686739,289.40043498988,
    12.522416994292));
#3093 = DIRECTION('',(-1.81099551976E-02,0.999275016864,
    3.348835909615E-02));
#3094 = DIRECTION('',(2.168404344971E-19,-3.349385204389E-02,
    0.999438923534));
#3095 = ORIENTED_EDGE('',*,*,#3096,.F.);
#3096 = EDGE_CURVE('',#3097,#3088,#3099,.T.);
#3097 = VERTEX_POINT('',#3098);
#3098 = CARTESIAN_POINT('',(154.63959143442,240.56774585067,
    11.836437242263));
#3099 = LINE('',#3100,#3101);
#3100 = CARTESIAN_POINT('',(156.82496592502,119.98268050328,
    7.795311524279));
#3101 = VECTOR('',#3102,1.);
#3102 = DIRECTION('',(-1.81099551976E-02,0.999275016864,
    3.348835909615E-02));
#3103 = ORIENTED_EDGE('',*,*,#3104,.T.);
#3104 = EDGE_CURVE('',#3097,#2113,#3105,.T.);
#3105 = CIRCLE('',#3106,0.95);
#3106 = AXIS2_PLACEMENT_3D('',#3107,#3108,#3109);
#3107 = CARTESIAN_POINT('',(154.63959143442,240.59956501011,
    10.886970264906));
#3108 = DIRECTION('',(-1.81099551976E-02,0.999275016864,
    3.348835909615E-02));
#3109 = DIRECTION('',(2.168404344971E-19,-3.349385204389E-02,
    0.999438923534));
#3110 = ORIENTED_EDGE('',*,*,#2119,.F.);
#3111 = ORIENTED_EDGE('',*,*,#3112,.T.);
#3112 = EDGE_CURVE('',#2120,#1645,#3113,.T.);
#3113 = CIRCLE('',#3114,0.95);
#3114 = AXIS2_PLACEMENT_3D('',#3115,#3116,#3117);
#3115 = CARTESIAN_POINT('',(154.65045740754,240.,10.866877249448));
#3116 = DIRECTION('',(-1.81099551976E-02,0.999275016864,
    3.348835909615E-02));
#3117 = DIRECTION('',(2.168404344971E-19,-3.349385204389E-02,
    0.999438923534));
#3118 = ORIENTED_EDGE('',*,*,#1651,.T.);
#3119 = ORIENTED_EDGE('',*,*,#3120,.T.);
#3120 = EDGE_CURVE('',#1652,#3097,#3121,.T.);
#3121 = CIRCLE('',#3122,0.95);
#3122 = AXIS2_PLACEMENT_3D('',#3123,#3124,#3125);
#3123 = CARTESIAN_POINT('',(154.63959143442,240.59956501011,
    10.886970264906));
#3124 = DIRECTION('',(-1.81099551976E-02,0.999275016864,
    3.348835909615E-02));
#3125 = DIRECTION('',(2.168404344971E-19,-3.349385204389E-02,
    0.999438923534));
#3126 = ORIENTED_EDGE('',*,*,#3096,.T.);
#3127 = ORIENTED_EDGE('',*,*,#3128,.F.);
#3128 = EDGE_CURVE('',#1682,#3088,#3129,.T.);
#3129 = CIRCLE('',#3130,0.95);
#3130 = AXIS2_PLACEMENT_3D('',#3131,#3132,#3133);
#3131 = CARTESIAN_POINT('',(153.7551686739,289.40043498988,
    12.522416994292));
#3132 = DIRECTION('',(-1.81099551976E-02,0.999275016864,
    3.348835909615E-02));
#3133 = DIRECTION('',(2.168404344971E-19,-3.349385204389E-02,
    0.999438923534));
#3134 = ORIENTED_EDGE('',*,*,#1688,.T.);
#3135 = ORIENTED_EDGE('',*,*,#3072,.F.);
#3136 = ORIENTED_EDGE('',*,*,#2082,.F.);
#3137 = CYLINDRICAL_SURFACE('',#3138,0.95);
#3138 = AXIS2_PLACEMENT_3D('',#3139,#3140,#3141);
#3139 = CARTESIAN_POINT('',(156.82496592502,120.01449966272,
    6.845844546922));
#3140 = DIRECTION('',(-1.81099551976E-02,0.999275016864,
    3.348835909615E-02));
#3141 = DIRECTION('',(1.084202172486E-19,-3.349385204389E-02,
    0.999438923534));
#3142 = ADVANCED_FACE('',(#3143),#3165,.T.);
#3143 = FACE_BOUND('',#3144,.T.);
#3144 = EDGE_LOOP('',(#3145,#3146,#3155,#3162,#3163,#3164));
#3145 = ORIENTED_EDGE('',*,*,#1681,.T.);
#3146 = ORIENTED_EDGE('',*,*,#3147,.T.);
#3147 = EDGE_CURVE('',#1672,#3148,#3150,.T.);
#3148 = VERTEX_POINT('',#3149);
#3149 = CARTESIAN_POINT('',(153.7551686739,289.31670035977,
    15.021014303128));
#3150 = CIRCLE('',#3151,2.5);
#3151 = AXIS2_PLACEMENT_3D('',#3152,#3153,#3154);
#3152 = CARTESIAN_POINT('',(153.7551686739,289.40043498988,
    12.522416994292));
#3153 = DIRECTION('',(-1.81099551976E-02,0.999275016864,
    3.348835909615E-02));
#3154 = DIRECTION('',(2.168404344971E-19,-3.349385204389E-02,
    0.999438923534));
#3155 = ORIENTED_EDGE('',*,*,#3156,.T.);
#3156 = EDGE_CURVE('',#3148,#2096,#3157,.T.);
#3157 = CIRCLE('',#3158,2.5);
#3158 = AXIS2_PLACEMENT_3D('',#3159,#3160,#3161);
#3159 = CARTESIAN_POINT('',(153.7551686739,289.40043498988,
    12.522416994292));
#3160 = DIRECTION('',(-1.81099551976E-02,0.999275016864,
    3.348835909615E-02));
#3161 = DIRECTION('',(2.168404344971E-19,-3.349385204389E-02,
    0.999438923534));
#3162 = ORIENTED_EDGE('',*,*,#2095,.T.);
#3163 = ORIENTED_EDGE('',*,*,#3087,.F.);
#3164 = ORIENTED_EDGE('',*,*,#3128,.F.);
#3165 = PLANE('',#3166);
#3166 = AXIS2_PLACEMENT_3D('',#3167,#3168,#3169);
#3167 = CARTESIAN_POINT('',(153.7551686739,289.40043498988,
    12.522416994292));
#3168 = DIRECTION('',(-1.81099551976E-02,0.999275016864,
    3.348835909615E-02));
#3169 = DIRECTION('',(1.084202172486E-19,-3.349385204389E-02,
    0.999438923534));
#3170 = ADVANCED_FACE('',(#3171),#3190,.T.);
#3171 = FACE_BOUND('',#3172,.T.);
#3172 = EDGE_LOOP('',(#3173,#3181,#3182,#3183));
#3173 = ORIENTED_EDGE('',*,*,#3174,.T.);
#3174 = EDGE_CURVE('',#3175,#3148,#3177,.T.);
#3175 = VERTEX_POINT('',#3176);
#3176 = CARTESIAN_POINT('',(154.63959143442,240.51583038,13.385567573741
    ));
#3177 = LINE('',#3178,#3179);
#3178 = CARTESIAN_POINT('',(154.63959143442,240.51583038,13.385567573741
    ));
#3179 = VECTOR('',#3180,1.);
#3180 = DIRECTION('',(-1.81099551976E-02,0.999275016864,
    3.348835909615E-02));
#3181 = ORIENTED_EDGE('',*,*,#3147,.F.);
#3182 = ORIENTED_EDGE('',*,*,#1671,.F.);
#3183 = ORIENTED_EDGE('',*,*,#3184,.T.);
#3184 = EDGE_CURVE('',#1665,#3175,#3185,.T.);
#3185 = CIRCLE('',#3186,2.5);
#3186 = AXIS2_PLACEMENT_3D('',#3187,#3188,#3189);
#3187 = CARTESIAN_POINT('',(154.63959143442,240.59956501011,
    10.886970264906));
#3188 = DIRECTION('',(-1.81099551976E-02,0.999275016864,
    3.348835909615E-02));
#3189 = DIRECTION('',(2.168404344971E-19,-3.349385204389E-02,
    0.999438923534));
#3190 = CYLINDRICAL_SURFACE('',#3191,2.5);
#3191 = AXIS2_PLACEMENT_3D('',#3192,#3193,#3194);
#3192 = CARTESIAN_POINT('',(154.63959143442,240.59956501011,
    10.886970264906));
#3193 = DIRECTION('',(-1.81099551976E-02,0.999275016864,
    3.348835909615E-02));
#3194 = DIRECTION('',(1.084202172486E-19,-3.349385204389E-02,
    0.999438923534));
#3195 = ADVANCED_FACE('',(#3196),#3210,.F.);
#3196 = FACE_BOUND('',#3197,.F.);
#3197 = EDGE_LOOP('',(#3198,#3199,#3200,#3207,#3208,#3209));
#3198 = ORIENTED_EDGE('',*,*,#1664,.T.);
#3199 = ORIENTED_EDGE('',*,*,#3184,.T.);
#3200 = ORIENTED_EDGE('',*,*,#3201,.T.);
#3201 = EDGE_CURVE('',#3175,#2103,#3202,.T.);
#3202 = CIRCLE('',#3203,2.5);
#3203 = AXIS2_PLACEMENT_3D('',#3204,#3205,#3206);
#3204 = CARTESIAN_POINT('',(154.63959143442,240.59956501011,
    10.886970264906));
#3205 = DIRECTION('',(-1.81099551976E-02,0.999275016864,
    3.348835909615E-02));
#3206 = DIRECTION('',(2.168404344971E-19,-3.349385204389E-02,
    0.999438923534));
#3207 = ORIENTED_EDGE('',*,*,#2112,.T.);
#3208 = ORIENTED_EDGE('',*,*,#3104,.F.);
#3209 = ORIENTED_EDGE('',*,*,#3120,.F.);
#3210 = PLANE('',#3211);
#3211 = AXIS2_PLACEMENT_3D('',#3212,#3213,#3214);
#3212 = CARTESIAN_POINT('',(154.63959143442,240.59956501011,
    10.886970264906));
#3213 = DIRECTION('',(-1.81099551976E-02,0.999275016864,
    3.348835909615E-02));
#3214 = DIRECTION('',(1.084202172486E-19,-3.349385204389E-02,
    0.999438923534));
#3215 = ADVANCED_FACE('',(#3216),#3228,.F.);
#3216 = FACE_BOUND('',#3217,.F.);
#3217 = EDGE_LOOP('',(#3218,#3219,#3226,#3227));
#3218 = ORIENTED_EDGE('',*,*,#2132,.F.);
#3219 = ORIENTED_EDGE('',*,*,#3220,.T.);
#3220 = EDGE_CURVE('',#2133,#1635,#3221,.T.);
#3221 = CIRCLE('',#3222,3.1);
#3222 = AXIS2_PLACEMENT_3D('',#3223,#3224,#3225);
#3223 = CARTESIAN_POINT('',(154.65045740754,240.,10.866877249448));
#3224 = DIRECTION('',(-1.81099551976E-02,0.999275016864,
    3.348835909615E-02));
#3225 = DIRECTION('',(2.168404344971E-19,-3.349385204389E-02,
    0.999438923534));
#3226 = ORIENTED_EDGE('',*,*,#1644,.F.);
#3227 = ORIENTED_EDGE('',*,*,#3112,.F.);
#3228 = PLANE('',#3229);
#3229 = AXIS2_PLACEMENT_3D('',#3230,#3231,#3232);
#3230 = CARTESIAN_POINT('',(154.65045740754,240.,10.866877249448));
#3231 = DIRECTION('',(-1.81099551976E-02,0.999275016864,
    3.348835909615E-02));
#3232 = DIRECTION('',(1.084202172486E-19,-3.349385204389E-02,
    0.999438923534));
#3233 = ADVANCED_FACE('',(#3234),#3246,.F.);
#3234 = FACE_BOUND('',#3235,.F.);
#3235 = EDGE_LOOP('',(#3236,#3237,#3238,#3245));
#3236 = ORIENTED_EDGE('',*,*,#3220,.F.);
#3237 = ORIENTED_EDGE('',*,*,#2139,.F.);
#3238 = ORIENTED_EDGE('',*,*,#3239,.T.);
#3239 = EDGE_CURVE('',#2140,#1628,#3240,.T.);
#3240 = CIRCLE('',#3241,3.1);
#3241 = AXIS2_PLACEMENT_3D('',#3242,#3243,#3244);
#3242 = CARTESIAN_POINT('',(155.5566121143,190.,9.191244489146));
#3243 = DIRECTION('',(-1.81099551976E-02,0.999275016864,
    3.348835909615E-02));
#3244 = DIRECTION('',(2.168404344971E-19,-3.349385204389E-02,
    0.999438923534));
#3245 = ORIENTED_EDGE('',*,*,#1634,.T.);
#3246 = CYLINDRICAL_SURFACE('',#3247,3.1);
#3247 = AXIS2_PLACEMENT_3D('',#3248,#3249,#3250);
#3248 = CARTESIAN_POINT('',(155.5566121143,190.,9.191244489146));
#3249 = DIRECTION('',(-1.81099551976E-02,0.999275016864,
    3.348835909615E-02));
#3250 = DIRECTION('',(1.084202172486E-19,-3.349385204389E-02,
    0.999438923534));
#3251 = ADVANCED_FACE('',(#3252),#3258,.T.);
#3252 = FACE_BOUND('',#3253,.T.);
#3253 = EDGE_LOOP('',(#3254,#3255,#3256,#3257));
#3254 = ORIENTED_EDGE('',*,*,#2149,.F.);
#3255 = ORIENTED_EDGE('',*,*,#3239,.T.);
#3256 = ORIENTED_EDGE('',*,*,#1627,.F.);
#3257 = ORIENTED_EDGE('',*,*,#2690,.F.);
#3258 = PLANE('',#3259);
#3259 = AXIS2_PLACEMENT_3D('',#3260,#3261,#3262);
#3260 = CARTESIAN_POINT('',(155.5566121143,190.,9.191244489146));
#3261 = DIRECTION('',(-1.81099551976E-02,0.999275016864,
    3.348835909615E-02));
#3262 = DIRECTION('',(1.084202172486E-19,-3.349385204389E-02,
    0.999438923534));
#3263 = ADVANCED_FACE('',(#3264),#3286,.T.);
#3264 = FACE_BOUND('',#3265,.T.);
#3265 = EDGE_LOOP('',(#3266,#3267,#3276,#3283,#3284,#3285));
#3266 = ORIENTED_EDGE('',*,*,#1607,.T.);
#3267 = ORIENTED_EDGE('',*,*,#3268,.T.);
#3268 = EDGE_CURVE('',#1598,#3269,#3271,.T.);
#3269 = VERTEX_POINT('',#3270);
#3270 = CARTESIAN_POINT('',(155.56747808742,189.31670035977,
    11.669748782524));
#3271 = CIRCLE('',#3272,2.5);
#3272 = AXIS2_PLACEMENT_3D('',#3273,#3274,#3275);
#3273 = CARTESIAN_POINT('',(155.56747808742,189.40043498988,
    9.171151473689));
#3274 = DIRECTION('',(-1.81099551976E-02,0.999275016864,
    3.348835909615E-02));
#3275 = DIRECTION('',(2.168404344971E-19,-3.349385204389E-02,
    0.999438923534));
#3276 = ORIENTED_EDGE('',*,*,#3277,.T.);
#3277 = EDGE_CURVE('',#3269,#2170,#3278,.T.);
#3278 = CIRCLE('',#3279,2.5);
#3279 = AXIS2_PLACEMENT_3D('',#3280,#3281,#3282);
#3280 = CARTESIAN_POINT('',(155.56747808742,189.40043498988,
    9.171151473689));
#3281 = DIRECTION('',(-1.81099551976E-02,0.999275016864,
    3.348835909615E-02));
#3282 = DIRECTION('',(2.168404344971E-19,-3.349385204389E-02,
    0.999438923534));
#3283 = ORIENTED_EDGE('',*,*,#2169,.T.);
#3284 = ORIENTED_EDGE('',*,*,#2630,.F.);
#3285 = ORIENTED_EDGE('',*,*,#2682,.F.);
#3286 = PLANE('',#3287);
#3287 = AXIS2_PLACEMENT_3D('',#3288,#3289,#3290);
#3288 = CARTESIAN_POINT('',(155.56747808742,189.40043498988,
    9.171151473689));
#3289 = DIRECTION('',(-1.81099551976E-02,0.999275016864,
    3.348835909615E-02));
#3290 = DIRECTION('',(1.084202172486E-19,-3.349385204389E-02,
    0.999438923534));
#3291 = ADVANCED_FACE('',(#3292),#3311,.T.);
#3292 = FACE_BOUND('',#3293,.T.);
#3293 = EDGE_LOOP('',(#3294,#3302,#3303,#3304));
#3294 = ORIENTED_EDGE('',*,*,#3295,.T.);
#3295 = EDGE_CURVE('',#3296,#3269,#3298,.T.);
#3296 = VERTEX_POINT('',#3297);
#3297 = CARTESIAN_POINT('',(156.46276682106,139.91626536989,
    10.01420903768));
#3298 = LINE('',#3299,#3300);
#3299 = CARTESIAN_POINT('',(156.46276682106,139.91626536989,
    10.01420903768));
#3300 = VECTOR('',#3301,1.);
#3301 = DIRECTION('',(-1.81099551976E-02,0.999275016864,
    3.348835909615E-02));
#3302 = ORIENTED_EDGE('',*,*,#3268,.F.);
#3303 = ORIENTED_EDGE('',*,*,#1597,.F.);
#3304 = ORIENTED_EDGE('',*,*,#3305,.T.);
#3305 = EDGE_CURVE('',#1591,#3296,#3306,.T.);
#3306 = CIRCLE('',#3307,2.5);
#3307 = AXIS2_PLACEMENT_3D('',#3308,#3309,#3310);
#3308 = CARTESIAN_POINT('',(156.46276682106,140.,7.515611728845));
#3309 = DIRECTION('',(-1.81099551976E-02,0.999275016864,
    3.348835909615E-02));
#3310 = DIRECTION('',(2.168404344971E-19,-3.349385204389E-02,
    0.999438923534));
#3311 = CYLINDRICAL_SURFACE('',#3312,2.5);
#3312 = AXIS2_PLACEMENT_3D('',#3313,#3314,#3315);
#3313 = CARTESIAN_POINT('',(156.46276682106,140.,7.515611728845));
#3314 = DIRECTION('',(-1.81099551976E-02,0.999275016864,
    3.348835909615E-02));
#3315 = DIRECTION('',(1.084202172486E-19,-3.349385204389E-02,
    0.999438923534));
#3316 = ADVANCED_FACE('',(#3317),#3331,.F.);
#3317 = FACE_BOUND('',#3318,.F.);
#3318 = EDGE_LOOP('',(#3319,#3320,#3321,#3328,#3329,#3330));
#3319 = ORIENTED_EDGE('',*,*,#1590,.T.);
#3320 = ORIENTED_EDGE('',*,*,#3305,.T.);
#3321 = ORIENTED_EDGE('',*,*,#3322,.T.);
#3322 = EDGE_CURVE('',#3296,#2177,#3323,.T.);
#3323 = CIRCLE('',#3324,2.5);
#3324 = AXIS2_PLACEMENT_3D('',#3325,#3326,#3327);
#3325 = CARTESIAN_POINT('',(156.46276682106,140.,7.515611728845));
#3326 = DIRECTION('',(-1.81099551976E-02,0.999275016864,
    3.348835909615E-02));
#3327 = DIRECTION('',(2.168404344971E-19,-3.349385204389E-02,
    0.999438923534));
#3328 = ORIENTED_EDGE('',*,*,#2186,.T.);
#3329 = ORIENTED_EDGE('',*,*,#2647,.F.);
#3330 = ORIENTED_EDGE('',*,*,#2674,.F.);
#3331 = PLANE('',#3332);
#3332 = AXIS2_PLACEMENT_3D('',#3333,#3334,#3335);
#3333 = CARTESIAN_POINT('',(156.46276682106,140.,7.515611728845));
#3334 = DIRECTION('',(-1.81099551976E-02,0.999275016864,
    3.348835909615E-02));
#3335 = DIRECTION('',(1.084202172486E-19,-3.349385204389E-02,
    0.999438923534));
#3336 = ADVANCED_FACE('',(#3337),#3343,.T.);
#3337 = FACE_BOUND('',#3338,.T.);
#3338 = EDGE_LOOP('',(#3339,#3340,#3341,#3342));
#3339 = ORIENTED_EDGE('',*,*,#3277,.F.);
#3340 = ORIENTED_EDGE('',*,*,#3295,.F.);
#3341 = ORIENTED_EDGE('',*,*,#3322,.T.);
#3342 = ORIENTED_EDGE('',*,*,#2176,.T.);
#3343 = CYLINDRICAL_SURFACE('',#3344,2.5);
#3344 = AXIS2_PLACEMENT_3D('',#3345,#3346,#3347);
#3345 = CARTESIAN_POINT('',(156.46276682106,140.,7.515611728845));
#3346 = DIRECTION('',(-1.81099551976E-02,0.999275016864,
    3.348835909615E-02));
#3347 = DIRECTION('',(1.084202172486E-19,-3.349385204389E-02,
    0.999438923534));
#3348 = ADVANCED_FACE('',(#3349),#3355,.T.);
#3349 = FACE_BOUND('',#3350,.T.);
#3350 = EDGE_LOOP('',(#3351,#3352,#3353,#3354));
#3351 = ORIENTED_EDGE('',*,*,#3156,.F.);
#3352 = ORIENTED_EDGE('',*,*,#3174,.F.);
#3353 = ORIENTED_EDGE('',*,*,#3201,.T.);
#3354 = ORIENTED_EDGE('',*,*,#2102,.T.);
#3355 = CYLINDRICAL_SURFACE('',#3356,2.5);
#3356 = AXIS2_PLACEMENT_3D('',#3357,#3358,#3359);
#3357 = CARTESIAN_POINT('',(154.63959143442,240.59956501011,
    10.886970264906));
#3358 = DIRECTION('',(-1.81099551976E-02,0.999275016864,
    3.348835909615E-02));
#3359 = DIRECTION('',(1.084202172486E-19,-3.349385204389E-02,
    0.999438923534));
#3360 = ADVANCED_FACE('',(#3361),#3367,.T.);
#3361 = FACE_BOUND('',#3362,.T.);
#3362 = EDGE_LOOP('',(#3363,#3364,#3365,#3366));
#3363 = ORIENTED_EDGE('',*,*,#2970,.F.);
#3364 = ORIENTED_EDGE('',*,*,#2988,.F.);
#3365 = ORIENTED_EDGE('',*,*,#3015,.T.);
#3366 = ORIENTED_EDGE('',*,*,#2028,.T.);
#3367 = CYLINDRICAL_SURFACE('',#3368,2.5);
#3368 = AXIS2_PLACEMENT_3D('',#3369,#3370,#3371);
#3369 = CARTESIAN_POINT('',(152.8272820209,340.59956501011,
    14.238235785509));
#3370 = DIRECTION('',(-1.81099551976E-02,0.999275016864,
    3.348835909615E-02));
#3371 = DIRECTION('',(1.084202172486E-19,-3.349385204389E-02,
    0.999438923534));
#3372 = ADVANCED_FACE('',(#3373),#3379,.T.);
#3373 = FACE_BOUND('',#3374,.T.);
#3374 = EDGE_LOOP('',(#3375,#3376,#3377,#3378));
#3375 = ORIENTED_EDGE('',*,*,#2784,.F.);
#3376 = ORIENTED_EDGE('',*,*,#2802,.F.);
#3377 = ORIENTED_EDGE('',*,*,#2829,.T.);
#3378 = ORIENTED_EDGE('',*,*,#1954,.T.);
#3379 = CYLINDRICAL_SURFACE('',#3380,2.5);
#3380 = AXIS2_PLACEMENT_3D('',#3381,#3382,#3383);
#3381 = CARTESIAN_POINT('',(151.01497260738,440.59956501011,
    17.589501306112));
#3382 = DIRECTION('',(-1.81099551976E-02,0.999275016864,
    3.348835909615E-02));
#3383 = DIRECTION('',(1.084202172486E-19,-3.349385204389E-02,
    0.999438923534));
#3384 = ADVANCED_FACE('',(#3385),#3396,.F.);
#3385 = FACE_BOUND('',#3386,.F.);
#3386 = EDGE_LOOP('',(#3387,#3388,#3394,#3395));
#3387 = ORIENTED_EDGE('',*,*,#2256,.T.);
#3388 = ORIENTED_EDGE('',*,*,#3389,.T.);
#3389 = EDGE_CURVE('',#2257,#2201,#3390,.T.);
#3390 = LINE('',#3391,#3392);
#3391 = CARTESIAN_POINT('',(119.38949608423,221.25,5.661926323286));
#3392 = VECTOR('',#3393,1.);
#3393 = DIRECTION('',(0.,-1.,0.));
#3394 = ORIENTED_EDGE('',*,*,#2208,.T.);
#3395 = ORIENTED_EDGE('',*,*,#2230,.T.);
#3396 = PLANE('',#3397);
#3397 = AXIS2_PLACEMENT_3D('',#3398,#3399,#3400);
#3398 = CARTESIAN_POINT('',(91.889496084235,221.25,5.661926323286));
#3399 = DIRECTION('',(0.,0.,1.));
#3400 = DIRECTION('',(1.,0.,0.));
#3401 = ADVANCED_FACE('',(#3402),#3413,.F.);
#3402 = FACE_BOUND('',#3403,.F.);
#3403 = EDGE_LOOP('',(#3404,#3405,#3411,#3412));
#3404 = ORIENTED_EDGE('',*,*,#2343,.F.);
#3405 = ORIENTED_EDGE('',*,*,#3406,.T.);
#3406 = EDGE_CURVE('',#2336,#2265,#3407,.T.);
#3407 = LINE('',#3408,#3409);
#3408 = CARTESIAN_POINT('',(119.38949608423,223.5,11.661926323286));
#3409 = VECTOR('',#3410,1.);
#3410 = DIRECTION('',(0.,-1.,0.));
#3411 = ORIENTED_EDGE('',*,*,#2272,.T.);
#3412 = ORIENTED_EDGE('',*,*,#2304,.T.);
#3413 = PLANE('',#3414);
#3414 = AXIS2_PLACEMENT_3D('',#3415,#3416,#3417);
#3415 = CARTESIAN_POINT('',(107.88949608423,225.75,11.661926323286));
#3416 = DIRECTION('',(0.,0.,1.));
#3417 = DIRECTION('',(1.,0.,0.));
#3418 = ADVANCED_FACE('',(#3419),#3453,.F.);
#3419 = FACE_BOUND('',#3420,.F.);
#3420 = EDGE_LOOP('',(#3421,#3429,#3430,#3431,#3432,#3433,#3439,#3447));
#3421 = ORIENTED_EDGE('',*,*,#3422,.F.);
#3422 = EDGE_CURVE('',#2201,#3423,#3425,.T.);
#3423 = VERTEX_POINT('',#3424);
#3424 = CARTESIAN_POINT('',(119.38949608423,221.25,15.661926323286));
#3425 = LINE('',#3426,#3427);
#3426 = CARTESIAN_POINT('',(119.38949608423,221.25,-0.338073676714));
#3427 = VECTOR('',#3428,1.);
#3428 = DIRECTION('',(0.,0.,1.));
#3429 = ORIENTED_EDGE('',*,*,#3389,.F.);
#3430 = ORIENTED_EDGE('',*,*,#2264,.T.);
#3431 = ORIENTED_EDGE('',*,*,#3406,.F.);
#3432 = ORIENTED_EDGE('',*,*,#2335,.F.);
#3433 = ORIENTED_EDGE('',*,*,#3434,.F.);
#3434 = EDGE_CURVE('',#2384,#2328,#3435,.T.);
#3435 = LINE('',#3436,#3437);
#3436 = CARTESIAN_POINT('',(119.38949608423,221.25,5.661926323286));
#3437 = VECTOR('',#3438,1.);
#3438 = DIRECTION('',(0.,-1.,0.));
#3439 = ORIENTED_EDGE('',*,*,#3440,.T.);
#3440 = EDGE_CURVE('',#2384,#3441,#3443,.T.);
#3441 = VERTEX_POINT('',#3442);
#3442 = CARTESIAN_POINT('',(119.38949608423,233.75,15.661926323286));
#3443 = LINE('',#3444,#3445);
#3444 = CARTESIAN_POINT('',(119.38949608423,233.75,-0.338073676714));
#3445 = VECTOR('',#3446,1.);
#3446 = DIRECTION('',(0.,0.,1.));
#3447 = ORIENTED_EDGE('',*,*,#3448,.F.);
#3448 = EDGE_CURVE('',#3423,#3441,#3449,.T.);
#3449 = LINE('',#3450,#3451);
#3450 = CARTESIAN_POINT('',(119.38949608423,221.25,15.661926323286));
#3451 = VECTOR('',#3452,1.);
#3452 = DIRECTION('',(0.,1.,0.));
#3453 = PLANE('',#3454);
#3454 = AXIS2_PLACEMENT_3D('',#3455,#3456,#3457);
#3455 = CARTESIAN_POINT('',(119.38949608423,221.25,-0.338073676714));
#3456 = DIRECTION('',(1.,0.,0.));
#3457 = DIRECTION('',(0.,0.,1.));
#3458 = ADVANCED_FACE('',(#3459),#3465,.F.);
#3459 = FACE_BOUND('',#3460,.F.);
#3460 = EDGE_LOOP('',(#3461,#3462,#3463,#3464));
#3461 = ORIENTED_EDGE('',*,*,#2391,.F.);
#3462 = ORIENTED_EDGE('',*,*,#3434,.T.);
#3463 = ORIENTED_EDGE('',*,*,#2327,.F.);
#3464 = ORIENTED_EDGE('',*,*,#2358,.T.);
#3465 = PLANE('',#3466);
#3466 = AXIS2_PLACEMENT_3D('',#3467,#3468,#3469);
#3467 = CARTESIAN_POINT('',(91.889496084235,221.25,5.661926323286));
#3468 = DIRECTION('',(0.,0.,1.));
#3469 = DIRECTION('',(1.,0.,0.));
#3470 = ADVANCED_FACE('',(#3471),#3489,.F.);
#3471 = FACE_BOUND('',#3472,.F.);
#3472 = EDGE_LOOP('',(#3473,#3474,#3482,#3488));
#3473 = ORIENTED_EDGE('',*,*,#2415,.F.);
#3474 = ORIENTED_EDGE('',*,*,#3475,.T.);
#3475 = EDGE_CURVE('',#2408,#3476,#3478,.T.);
#3476 = VERTEX_POINT('',#3477);
#3477 = CARTESIAN_POINT('',(96.389496084235,233.75,15.661926323286));
#3478 = LINE('',#3479,#3480);
#3479 = CARTESIAN_POINT('',(96.389496084235,233.75,-0.338073676714));
#3480 = VECTOR('',#3481,1.);
#3481 = DIRECTION('',(0.,0.,1.));
#3482 = ORIENTED_EDGE('',*,*,#3483,.T.);
#3483 = EDGE_CURVE('',#3476,#3441,#3484,.T.);
#3484 = LINE('',#3485,#3486);
#3485 = CARTESIAN_POINT('',(96.389496084235,233.75,15.661926323286));
#3486 = VECTOR('',#3487,1.);
#3487 = DIRECTION('',(1.,0.,0.));
#3488 = ORIENTED_EDGE('',*,*,#3440,.F.);
#3489 = PLANE('',#3490);
#3490 = AXIS2_PLACEMENT_3D('',#3491,#3492,#3493);
#3491 = CARTESIAN_POINT('',(96.389496084235,233.75,-0.338073676714));
#3492 = DIRECTION('',(0.,1.,0.));
#3493 = DIRECTION('',(0.,0.,1.));
#3494 = ADVANCED_FACE('',(#3495),#3506,.F.);
#3495 = FACE_BOUND('',#3496,.F.);
#3496 = EDGE_LOOP('',(#3497,#3498,#3499,#3500));
#3497 = ORIENTED_EDGE('',*,*,#2439,.F.);
#3498 = ORIENTED_EDGE('',*,*,#2464,.F.);
#3499 = ORIENTED_EDGE('',*,*,#2480,.T.);
#3500 = ORIENTED_EDGE('',*,*,#3501,.F.);
#3501 = EDGE_CURVE('',#2408,#2481,#3502,.T.);
#3502 = LINE('',#3503,#3504);
#3503 = CARTESIAN_POINT('',(96.389496084235,221.25,5.661926323286));
#3504 = VECTOR('',#3505,1.);
#3505 = DIRECTION('',(0.,-1.,0.));
#3506 = PLANE('',#3507);
#3507 = AXIS2_PLACEMENT_3D('',#3508,#3509,#3510);
#3508 = CARTESIAN_POINT('',(91.889496084235,221.25,5.661926323286));
#3509 = DIRECTION('',(0.,0.,1.));
#3510 = DIRECTION('',(1.,0.,0.));
#3511 = ADVANCED_FACE('',(#3512),#3534,.T.);
#3512 = FACE_BOUND('',#3513,.T.);
#3513 = EDGE_LOOP('',(#3514,#3515,#3523,#3529,#3530,#3531,#3532,#3533));
#3514 = ORIENTED_EDGE('',*,*,#2504,.F.);
#3515 = ORIENTED_EDGE('',*,*,#3516,.T.);
#3516 = EDGE_CURVE('',#2481,#3517,#3519,.T.);
#3517 = VERTEX_POINT('',#3518);
#3518 = CARTESIAN_POINT('',(96.389496084235,221.25,15.661926323286));
#3519 = LINE('',#3520,#3521);
#3520 = CARTESIAN_POINT('',(96.389496084235,221.25,-0.338073676714));
#3521 = VECTOR('',#3522,1.);
#3522 = DIRECTION('',(0.,0.,1.));
#3523 = ORIENTED_EDGE('',*,*,#3524,.T.);
#3524 = EDGE_CURVE('',#3517,#3423,#3525,.T.);
#3525 = LINE('',#3526,#3527);
#3526 = CARTESIAN_POINT('',(96.389496084235,221.25,15.661926323286));
#3527 = VECTOR('',#3528,1.);
#3528 = DIRECTION('',(1.,0.,0.));
#3529 = ORIENTED_EDGE('',*,*,#3422,.F.);
#3530 = ORIENTED_EDGE('',*,*,#2533,.F.);
#3531 = ORIENTED_EDGE('',*,*,#2554,.F.);
#3532 = ORIENTED_EDGE('',*,*,#2615,.F.);
#3533 = ORIENTED_EDGE('',*,*,#2598,.F.);
#3534 = PLANE('',#3535);
#3535 = AXIS2_PLACEMENT_3D('',#3536,#3537,#3538);
#3536 = CARTESIAN_POINT('',(96.389496084235,221.25,-0.338073676714));
#3537 = DIRECTION('',(0.,1.,0.));
#3538 = DIRECTION('',(0.,0.,1.));
#3539 = ADVANCED_FACE('',(#3540),#3543,.T.);
#3540 = FACE_BOUND('',#3541,.F.);
#3541 = EDGE_LOOP('',(#3542));
#3542 = ORIENTED_EDGE('',*,*,#2664,.F.);
#3543 = PLANE('',#3544);
#3544 = AXIS2_PLACEMENT_3D('',#3545,#3546,#3547);
#3545 = CARTESIAN_POINT('',(156.82496592502,120.01449966272,
    6.845844546922));
#3546 = DIRECTION('',(-1.81099551976E-02,0.999275016864,
    3.348835909615E-02));
#3547 = DIRECTION('',(1.084202172486E-19,-3.349385204389E-02,
    0.999438923534));
#3548 = ADVANCED_FACE('',(#3549),#3560,.F.);
#3549 = FACE_BOUND('',#3550,.F.);
#3550 = EDGE_LOOP('',(#3551,#3557,#3558,#3559));
#3551 = ORIENTED_EDGE('',*,*,#3552,.F.);
#3552 = EDGE_CURVE('',#3517,#3476,#3553,.T.);
#3553 = LINE('',#3554,#3555);
#3554 = CARTESIAN_POINT('',(96.389496084235,221.25,15.661926323286));
#3555 = VECTOR('',#3556,1.);
#3556 = DIRECTION('',(0.,1.,0.));
#3557 = ORIENTED_EDGE('',*,*,#3524,.T.);
#3558 = ORIENTED_EDGE('',*,*,#3448,.T.);
#3559 = ORIENTED_EDGE('',*,*,#3483,.F.);
#3560 = PLANE('',#3561);
#3561 = AXIS2_PLACEMENT_3D('',#3562,#3563,#3564);
#3562 = CARTESIAN_POINT('',(96.389496084235,221.25,15.661926323286));
#3563 = DIRECTION('',(0.,0.,1.));
#3564 = DIRECTION('',(1.,0.,0.));
#3565 = ADVANCED_FACE('',(#3566),#3572,.T.);
#3566 = FACE_BOUND('',#3567,.T.);
#3567 = EDGE_LOOP('',(#3568,#3569,#3570,#3571));
#3568 = ORIENTED_EDGE('',*,*,#3516,.F.);
#3569 = ORIENTED_EDGE('',*,*,#3501,.F.);
#3570 = ORIENTED_EDGE('',*,*,#3475,.T.);
#3571 = ORIENTED_EDGE('',*,*,#3552,.F.);
#3572 = PLANE('',#3573);
#3573 = AXIS2_PLACEMENT_3D('',#3574,#3575,#3576);
#3574 = CARTESIAN_POINT('',(96.389496084235,221.25,-0.338073676714));
#3575 = DIRECTION('',(1.,0.,0.));
#3576 = DIRECTION('',(0.,0.,1.));
#3577 = MANIFOLD_SOLID_BREP('',#3578);
#3578 = CLOSED_SHELL('',(#3579,#4211,#4842,#4890,#5199,#5241,#5502,#5519
    ,#5537,#5556,#5621,#5639,#5657,#5675,#5734,#5762,#5787,#5807,#5819,
    #5844,#5862,#5921,#5949,#5974,#5994,#6012,#6030,#6042,#6070,#6095,
    #6115,#6133,#6144,#6156,#6168));
#3579 = ADVANCED_FACE('',(#3580),#3886,.F.);
#3580 = FACE_BOUND('',#3581,.F.);
#3581 = EDGE_LOOP('',(#3582,#3591,#3717,#3748));
#3582 = ORIENTED_EDGE('',*,*,#3583,.F.);
#3583 = EDGE_CURVE('',#3584,#3586,#3588,.T.);
#3584 = VERTEX_POINT('',#3585);
#3585 = CARTESIAN_POINT('',(205.77929218106,140.,5.136827568845));
#3586 = VERTEX_POINT('',#3587);
#3587 = CARTESIAN_POINT('',(190.18310863373,490.,17.312580490956));
#3588 = B_SPLINE_CURVE_WITH_KNOTS('',1,(#3589,#3590),.UNSPECIFIED.,.F.,
  .F.,(2,2),(0.,1.),.PIECEWISE_BEZIER_KNOTS.);
#3589 = CARTESIAN_POINT('',(212.0177656,0.,0.2665264));
#3590 = CARTESIAN_POINT('',(180.82539850533,700.,24.618032244223));
#3591 = ORIENTED_EDGE('',*,*,#3592,.F.);
#3592 = EDGE_CURVE('',#3593,#3584,#3595,.T.);
#3593 = VERTEX_POINT('',#3594);
#3594 = CARTESIAN_POINT('',(160.31562847978,140.,13.193250651073));
#3595 = B_SPLINE_CURVE_WITH_KNOTS('',8,(#3596,#3597,#3598,#3599,#3600,
    #3601,#3602,#3603,#3604,#3605,#3606,#3607,#3608,#3609,#3610,#3611,
    #3612,#3613,#3614,#3615,#3616,#3617,#3618,#3619,#3620,#3621,#3622,
    #3623,#3624,#3625,#3626,#3627,#3628,#3629,#3630,#3631,#3632,#3633,
    #3634,#3635,#3636,#3637,#3638,#3639,#3640,#3641,#3642,#3643,#3644,
    #3645,#3646,#3647,#3648,#3649,#3650,#3651,#3652,#3653,#3654,#3655,
    #3656,#3657,#3658,#3659,#3660,#3661,#3662,#3663,#3664,#3665,#3666,
    #3667,#3668,#3669,#3670,#3671,#3672,#3673,#3674,#3675,#3676,#3677,
    #3678,#3679,#3680,#3681,#3682,#3683,#3684,#3685,#3686,#3687,#3688,
    #3689,#3690,#3691,#3692,#3693,#3694,#3695,#3696,#3697,#3698,#3699,
    #3700,#3701,#3702,#3703,#3704,#3705,#3706,#3707,#3708,#3709,#3710,
    #3711,#3712,#3713,#3714,#3715,#3716),.UNSPECIFIED.,.F.,.F.,(9,7,7,7,
    7,7,7,7,7,7,7,7,7,7,7,7,7,9),(0.,5.81910766399E-02,0.109279572183,
    0.151853318206,0.190169689753,0.258287679688,0.364722030013,
    0.475413747951,0.543531725647,0.624421821482,0.705311915032,
    0.743628274166,0.786202006559,0.858577350496,0.896893708632,
    0.935210066544,0.977783795972,1.),.UNSPECIFIED.);
#3596 = CARTESIAN_POINT('',(110.22962994475,140.,18.937287286987));
#3597 = CARTESIAN_POINT('',(110.91612637519,140.,18.883230098826));
#3598 = CARTESIAN_POINT('',(111.60255451591,140.,18.828305897816));
#3599 = CARTESIAN_POINT('',(112.28891368129,140.,18.772521392197));
#3600 = CARTESIAN_POINT('',(112.97520345979,140.,18.715887774192));
#3601 = CARTESIAN_POINT('',(113.66142336964,140.,18.658414731814));
#3602 = CARTESIAN_POINT('',(114.34757273456,140.,18.600108252313));
#3603 = CARTESIAN_POINT('',(115.0336507796,140.,18.540972217262));
#3604 = CARTESIAN_POINT('',(116.32193181546,140.,18.428373658575));
#3605 = CARTESIAN_POINT('',(116.92415126049,140.,18.375099640383));
#3606 = CARTESIAN_POINT('',(117.52631477779,140.,18.321195230276));
#3607 = CARTESIAN_POINT('',(118.12842200436,140.,18.266664913468));
#3608 = CARTESIAN_POINT('',(118.73047266813,140.,18.211513789332));
#3609 = CARTESIAN_POINT('',(119.33246653744,140.,18.15574719591));
#3610 = CARTESIAN_POINT('',(119.93440337065,140.,18.099370334426));
#3611 = CARTESIAN_POINT('',(121.03784910833,140.,17.994902526894));
#3612 = CARTESIAN_POINT('',(121.53937554989,140.,17.946997007688));
#3613 = CARTESIAN_POINT('',(122.04086199814,140.,17.898673634825));
#3614 = CARTESIAN_POINT('',(122.54230822282,140.,17.849934199655));
#3615 = CARTESIAN_POINT('',(123.0437139717,140.,17.800780198403));
#3616 = CARTESIAN_POINT('',(123.54507898666,140.,17.751213044345));
#3617 = CARTESIAN_POINT('',(124.04640301973,140.,17.701234279979));
#3618 = CARTESIAN_POINT('',(124.99884039732,140.,17.605496147355));
#3619 = CARTESIAN_POINT('',(125.44996152731,140.,17.559814298157));
#3620 = CARTESIAN_POINT('',(125.90104914202,140.,17.513801985831));
#3621 = CARTESIAN_POINT('',(126.35210314777,140.,17.467460984354));
#3622 = CARTESIAN_POINT('',(126.80312345443,140.,17.42079309746));
#3623 = CARTESIAN_POINT('',(127.25410997545,140.,17.373800158636));
#3624 = CARTESIAN_POINT('',(127.70506262778,140.,17.326484031125));
#3625 = CARTESIAN_POINT('',(128.95761453766,140.,17.194157860447));
#3626 = CARTESIAN_POINT('',(129.75914050299,140.,17.108454131134));
#3627 = CARTESIAN_POINT('',(130.56055868119,140.,17.021744623044));
#3628 = CARTESIAN_POINT('',(131.36186801993,140.,16.934033262228));
#3629 = CARTESIAN_POINT('',(132.16306741655,140.,16.845323388674));
#3630 = CARTESIAN_POINT('',(132.96415597948,140.,16.7556202615));
#3631 = CARTESIAN_POINT('',(133.76513309595,140.,16.664931378408));
#3632 = CARTESIAN_POINT('',(135.81735009145,140.,16.430035294856));
#3633 = CARTESIAN_POINT('',(137.06842849872,140.,16.284416872843));
#3634 = CARTESIAN_POINT('',(138.31923180964,140.,16.13644399804));
#3635 = CARTESIAN_POINT('',(139.56975755596,140.,15.986134934776));
#3636 = CARTESIAN_POINT('',(140.81999982486,140.,15.833489989062));
#3637 = CARTESIAN_POINT('',(142.06995734296,140.,15.678535629758));
#3638 = CARTESIAN_POINT('',(143.31962948961,140.,15.52130790584));
#3639 = CARTESIAN_POINT('',(145.86837022864,140.,15.195939603493));
#3640 = CARTESIAN_POINT('',(147.1674150283,140.,15.027612576423));
#3641 = CARTESIAN_POINT('',(148.46614344155,140.,14.856849984997));
#3642 = CARTESIAN_POINT('',(149.76454706306,140.,14.683630498363));
#3643 = CARTESIAN_POINT('',(151.06262997272,140.,14.508022540504));
#3644 = CARTESIAN_POINT('',(152.36038272049,140.,14.329999060522));
#3645 = CARTESIAN_POINT('',(153.65780527727,140.,14.149594807628));
#3646 = CARTESIAN_POINT('',(155.75310022712,140.,13.854330989315));
#3647 = CARTESIAN_POINT('',(156.55118083799,140.,13.740948499112));
#3648 = CARTESIAN_POINT('',(157.34913341058,140.,13.626666042083));
#3649 = CARTESIAN_POINT('',(158.14695647534,140.,13.511481860201));
#3650 = CARTESIAN_POINT('',(158.94464886257,140.,13.395396196124));
#3651 = CARTESIAN_POINT('',(159.74220989677,140.,13.278412646133));
#3652 = CARTESIAN_POINT('',(160.53963908374,140.,13.160536035879));
#3653 = CARTESIAN_POINT('',(162.28372450458,140.,12.900728378527));
#3654 = CARTESIAN_POINT('',(163.23032621594,140.,12.758431275946));
#3655 = CARTESIAN_POINT('',(164.17673824688,140.,12.61487435814));
#3656 = CARTESIAN_POINT('',(165.12295823418,140.,12.470055188529));
#3657 = CARTESIAN_POINT('',(166.06898404634,140.,12.323972903896));
#3658 = CARTESIAN_POINT('',(167.01481385352,140.,12.176628717426));
#3659 = CARTESIAN_POINT('',(167.96044584995,140.,12.028024067933));
#3660 = CARTESIAN_POINT('',(169.85130938106,140.,11.728288766811));
#3661 = CARTESIAN_POINT('',(170.7965408726,140.,11.577157964007));
#3662 = CARTESIAN_POINT('',(171.74157047261,140.,11.424766139638));
#3663 = CARTESIAN_POINT('',(172.68639486398,140.,11.271105573504));
#3664 = CARTESIAN_POINT('',(173.63101285623,140.,11.116181067737));
#3665 = CARTESIAN_POINT('',(174.57542261889,140.,10.95999379028));
#3666 = CARTESIAN_POINT('',(175.51961942148,140.,10.802528010349));
#3667 = CARTESIAN_POINT('',(176.91075010738,140.,10.568586743964));
#3668 = CARTESIAN_POINT('',(177.35785097221,140.,10.49310428199));
#3669 = CARTESIAN_POINT('',(177.80490327243,140.,10.417334372371));
#3670 = CARTESIAN_POINT('',(178.25190687102,140.,10.341277490766));
#3671 = CARTESIAN_POINT('',(178.69886167649,140.,10.264934377648));
#3672 = CARTESIAN_POINT('',(179.14576753746,140.,10.188305436044));
#3673 = CARTESIAN_POINT('',(179.59262413722,140.,10.111390129256));
#3674 = CARTESIAN_POINT('',(180.53588283406,140.,9.948404433377));
#3675 = CARTESIAN_POINT('',(181.03227326754,140.,9.862266529253));
#3676 = CARTESIAN_POINT('',(181.52860161643,140.,9.775771184919));
#3677 = CARTESIAN_POINT('',(182.0248670199,140.,9.688915185515));
#3678 = CARTESIAN_POINT('',(182.52106892806,140.,9.601697127916));
#3679 = CARTESIAN_POINT('',(183.01720724975,140.,9.514118306369));
#3680 = CARTESIAN_POINT('',(183.51328204869,140.,9.426180938496));
#3681 = CARTESIAN_POINT('',(184.85251103157,140.,9.187778482329));
#3682 = CARTESIAN_POINT('',(185.6955444626,140.,9.036635077734));
#3683 = CARTESIAN_POINT('',(186.53839102726,140.,8.884450820905));
#3684 = CARTESIAN_POINT('',(187.38104671963,140.,8.731211744915));
#3685 = CARTESIAN_POINT('',(188.22350653435,140.,8.576899312864));
#3686 = CARTESIAN_POINT('',(189.0657752638,140.,8.421548493966));
#3687 = CARTESIAN_POINT('',(189.90784523345,140.,8.265126397207));
#3688 = CARTESIAN_POINT('',(191.19541027202,140.,8.024253542948));
#3689 = CARTESIAN_POINT('',(191.64104959642,140.,7.940573726355));
#3690 = CARTESIAN_POINT('',(192.08663228308,140.,7.856592484888));
#3691 = CARTESIAN_POINT('',(192.53215793985,140.,7.772309058315));
#3692 = CARTESIAN_POINT('',(192.97762618294,140.,7.687722732667));
#3693 = CARTESIAN_POINT('',(193.42303666231,140.,7.602832974116));
#3694 = CARTESIAN_POINT('',(193.86838908714,140.,7.517639562844));
#3695 = CARTESIAN_POINT('',(194.75897741266,140.,7.346645891506));
#3696 = CARTESIAN_POINT('',(195.20421336764,140.,7.260845880956));
#3697 = CARTESIAN_POINT('',(195.64939078278,140.,7.174742294948));
#3698 = CARTESIAN_POINT('',(196.09450897517,140.,7.0883329223));
#3699 = CARTESIAN_POINT('',(196.53956712106,140.,7.001614830214));
#3700 = CARTESIAN_POINT('',(196.9845644646,140.,6.914585453502));
#3701 = CARTESIAN_POINT('',(197.42950052647,140.,6.827243683825));
#3702 = CARTESIAN_POINT('',(198.36868061222,140.,6.64219904599));
#3703 = CARTESIAN_POINT('',(198.86291010505,140.,6.544422426969));
#3704 = CARTESIAN_POINT('',(199.3570627498,140.,6.446257568494));
#3705 = CARTESIAN_POINT('',(199.85114073137,140.,6.347717269601));
#3706 = CARTESIAN_POINT('',(200.34514361211,140.,6.248801276112));
#3707 = CARTESIAN_POINT('',(200.83906738983,140.,6.149491466785));
#3708 = CARTESIAN_POINT('',(201.33290846278,140.,6.049771611247));
#3709 = CARTESIAN_POINT('',(202.08433286563,140.,5.89743666911));
#3710 = CARTESIAN_POINT('',(202.51239779844,140.,5.810520474445));
#3711 = CARTESIAN_POINT('',(203.0777533275,140.,5.695594685036));
#3712 = CARTESIAN_POINT('',(203.73888352604,140.,5.559927222834));
#3713 = CARTESIAN_POINT('',(204.44805152861,140.,5.414328892918));
#3714 = CARTESIAN_POINT('',(205.1539593795,140.,5.267233060309));
#3715 = CARTESIAN_POINT('',(205.73494869864,140.,5.146080382961));
#3716 = CARTESIAN_POINT('',(205.77929218106,140.,5.136827568845));
#3717 = ORIENTED_EDGE('',*,*,#3718,.F.);
#3718 = EDGE_CURVE('',#3719,#3593,#3721,.T.);
#3719 = VERTEX_POINT('',#3720);
#3720 = CARTESIAN_POINT('',(153.45110393388,490.,23.827619745405));
#3721 = B_SPLINE_CURVE_WITH_KNOTS('',4,(#3722,#3723,#3724,#3725,#3726,
    #3727,#3728,#3729,#3730,#3731,#3732,#3733,#3734,#3735,#3736,#3737,
    #3738,#3739,#3740,#3741,#3742,#3743,#3744,#3745,#3746,#3747),
  .UNSPECIFIED.,.F.,.F.,(5,3,3,3,3,3,3,3,5),(0.,0.12480121528,
    0.250001225022,0.375201229893,0.500001230514,0.625201227412,
    0.750001221054,0.875201211786,1.),.UNSPECIFIED.);
#3722 = CARTESIAN_POINT('',(153.45109571959,490.00042,23.827632539691));
#3723 = CARTESIAN_POINT('',(153.66527221902,479.08028905916,
    23.495837338656));
#3724 = CARTESIAN_POINT('',(153.87944864377,468.1601579316,
    23.16404202006));
#3725 = CARTESIAN_POINT('',(154.09362499696,457.24002663077,
    22.832246589132));
#3726 = CARTESIAN_POINT('',(154.52266195265,435.36486910943,
    22.167595280057));
#3727 = CARTESIAN_POINT('',(154.73752255473,424.40984288789,
    21.834739401222));
#3728 = CARTESIAN_POINT('',(154.95238309041,413.45481651486,
    21.501883418712));
#3729 = CARTESIAN_POINT('',(155.38210402567,391.54476391138,
    20.836171267655));
#3730 = CARTESIAN_POINT('',(155.59696442526,380.58973768095,
    20.503315099112));
#3731 = CARTESIAN_POINT('',(155.81182476352,369.63471131841,
    20.170458835264));
#3732 = CARTESIAN_POINT('',(156.2408588601,347.75965880073,
    19.505809574538));
#3733 = CARTESIAN_POINT('',(156.4550326188,336.83963264642,
    19.174016578247));
#3734 = CARTESIAN_POINT('',(156.6692063211,325.91960637716,
    18.842223494687));
#3735 = CARTESIAN_POINT('',(157.09824006458,304.04455386412,
    18.177573729952));
#3736 = CARTESIAN_POINT('',(157.31310010541,293.08952761964,
    17.844717048239));
#3737 = CARTESIAN_POINT('',(157.52796009361,282.13450127358,
    17.51186028541));
#3738 = CARTESIAN_POINT('',(157.95699350936,260.25944876059,
    16.847210052641));
#3739 = CARTESIAN_POINT('',(158.17116693725,249.33942259427,
    16.515416583199));
#3740 = CARTESIAN_POINT('',(158.38534031655,238.41939633902,
    16.183623039162));
#3741 = CARTESIAN_POINT('',(158.81437342935,216.54434382943,
    15.518972373916));
#3742 = CARTESIAN_POINT('',(159.02923316254,205.58931757457,
    15.186115252246));
#3743 = CARTESIAN_POINT('',(159.24409285023,194.63429124058,
    14.853258060956));
#3744 = CARTESIAN_POINT('',(159.6731236214,172.75934373089,
    14.188610182898));
#3745 = CARTESIAN_POINT('',(159.88729470517,161.83942255566,
    13.85681949656));
#3746 = CARTESIAN_POINT('',(160.10146574679,150.91950131074,
    13.525028745952));
#3747 = CARTESIAN_POINT('',(160.31563674765,139.99957999999,
    13.193237933294));
#3748 = ORIENTED_EDGE('',*,*,#3749,.T.);
#3749 = EDGE_CURVE('',#3719,#3586,#3750,.T.);
#3750 = B_SPLINE_CURVE_WITH_KNOTS('',8,(#3751,#3752,#3753,#3754,#3755,
    #3756,#3757,#3758,#3759,#3760,#3761,#3762,#3763,#3764,#3765,#3766,
    #3767,#3768,#3769,#3770,#3771,#3772,#3773,#3774,#3775,#3776,#3777,
    #3778,#3779,#3780,#3781,#3782,#3783,#3784,#3785,#3786,#3787,#3788,
    #3789,#3790,#3791,#3792,#3793,#3794,#3795,#3796,#3797,#3798,#3799,
    #3800,#3801,#3802,#3803,#3804,#3805,#3806,#3807,#3808,#3809,#3810,
    #3811,#3812,#3813,#3814,#3815,#3816,#3817,#3818,#3819,#3820,#3821,
    #3822,#3823,#3824,#3825,#3826,#3827,#3828,#3829,#3830,#3831,#3832,
    #3833,#3834,#3835,#3836,#3837,#3838,#3839,#3840,#3841,#3842,#3843,
    #3844,#3845,#3846,#3847,#3848,#3849,#3850,#3851,#3852,#3853,#3854,
    #3855,#3856,#3857,#3858,#3859,#3860,#3861,#3862,#3863,#3864,#3865,
    #3866,#3867,#3868,#3869,#3870,#3871,#3872,#3873,#3874,#3875,#3876,
    #3877,#3878,#3879,#3880,#3881,#3882,#3883,#3884,#3885),
  .UNSPECIFIED.,.F.,.F.,(9,7,7,7,7,7,7,7,7,7,7,7,7,7,7,7,7,7,7,9),(0.,
    6.250021626024E-02,0.119153975954,0.168253898153,0.213576902457,
    0.25134607255,0.319330578272,0.372207413451,0.451522664079,
    0.534614828812,0.595045492047,0.666806902776,0.738568311917,
    0.772560557679,0.810329719651,0.874537294236,0.908529539222,
    0.942521783588,0.980290942486,1.),.UNSPECIFIED.);
#3751 = CARTESIAN_POINT('',(102.80090943574,490.,29.193507431168));
#3752 = CARTESIAN_POINT('',(103.47704633803,490.,29.154238421683));
#3753 = CARTESIAN_POINT('',(104.15311501794,490.,29.113796200085));
#3754 = CARTESIAN_POINT('',(104.82911407612,490.,29.072195096365));
#3755 = CARTESIAN_POINT('',(105.50504173552,490.,29.029446147942));
#3756 = CARTESIAN_POINT('',(106.18089649763,490.,28.985562242077));
#3757 = CARTESIAN_POINT('',(106.85667734322,490.,28.940559704885));
#3758 = CARTESIAN_POINT('',(107.5323834777,490.,28.894456336938));
#3759 = CARTESIAN_POINT('',(108.82044330635,490.,28.804489788576));
#3760 = CARTESIAN_POINT('',(109.43281061157,490.,28.760821527949));
#3761 = CARTESIAN_POINT('',(110.04511472766,490.,28.716270270911));
#3762 = CARTESIAN_POINT('',(110.6573547119,490.,28.670843571303));
#3763 = CARTESIAN_POINT('',(111.26952958944,490.,28.624548335174));
#3764 = CARTESIAN_POINT('',(111.88163845491,490.,28.577391776485));
#3765 = CARTESIAN_POINT('',(112.49368057404,490.,28.529382372806));
#3766 = CARTESIAN_POINT('',(113.63603371068,490.,28.438192811946));
#3767 = CARTESIAN_POINT('',(114.16636142558,490.,28.395222032712));
#3768 = CARTESIAN_POINT('',(114.69663822489,490.,28.351624138468));
#3769 = CARTESIAN_POINT('',(115.2268637882,490.,28.307406494422));
#3770 = CARTESIAN_POINT('',(115.75703772633,490.,28.262574942613));
#3771 = CARTESIAN_POINT('',(116.28715954233,490.,28.217132946288));
#3772 = CARTESIAN_POINT('',(116.81722870702,490.,28.171083111863));
#3773 = CARTESIAN_POINT('',(117.83649050965,490.,28.081367683079));
#3774 = CARTESIAN_POINT('',(118.32569094449,490.,28.037790822657));
#3775 = CARTESIAN_POINT('',(118.81484579965,490.,27.993703708636));
#3776 = CARTESIAN_POINT('',(119.30395481216,490.,27.949110167003));
#3777 = CARTESIAN_POINT('',(119.7930177742,490.,27.904014396014));
#3778 = CARTESIAN_POINT('',(120.28203449745,490.,27.858420713883));
#3779 = CARTESIAN_POINT('',(120.77100477745,490.,27.812333306468));
#3780 = CARTESIAN_POINT('',(121.66736467337,490.,27.726941532186));
#3781 = CARTESIAN_POINT('',(122.0747685738,490.,27.687787059378));
#3782 = CARTESIAN_POINT('',(122.48213986236,490.,27.648293874695));
#3783 = CARTESIAN_POINT('',(122.88947834201,490.,27.608463294392));
#3784 = CARTESIAN_POINT('',(123.29678381561,490.,27.568296632814));
#3785 = CARTESIAN_POINT('',(123.70405608593,490.,27.527795202393));
#3786 = CARTESIAN_POINT('',(124.1112949556,490.,27.486960313647));
#3787 = CARTESIAN_POINT('',(125.25146971122,490.,27.371692606434));
#3788 = CARTESIAN_POINT('',(125.984330273,490.,27.296514994572));
#3789 = CARTESIAN_POINT('',(126.71708197858,490.,27.220279281282));
#3790 = CARTESIAN_POINT('',(127.44972214106,490.,27.142974396996));
#3791 = CARTESIAN_POINT('',(128.18225422466,490.,27.064655537026));
#3792 = CARTESIAN_POINT('',(128.91467366714,490.,26.985291379883));
#3793 = CARTESIAN_POINT('',(129.64698086871,490.,26.904902949465));
#3794 = CARTESIAN_POINT('',(130.94865832011,490.,26.760173568696));
#3795 = CARTESIAN_POINT('',(131.51807345129,490.,26.696236454331));
#3796 = CARTESIAN_POINT('',(132.08741941927,490.,26.631684404715));
#3797 = CARTESIAN_POINT('',(132.65669591232,490.,26.566521522015));
#3798 = CARTESIAN_POINT('',(133.22590266522,490.,26.500752280294));
#3799 = CARTESIAN_POINT('',(133.79503939221,490.,26.434380872016));
#3800 = CARTESIAN_POINT('',(134.36410572014,490.,26.367410554555));
#3801 = CARTESIAN_POINT('',(135.78659420034,490.,26.19849166266));
#3802 = CARTESIAN_POINT('',(136.63992774943,490.,26.095797173989));
#3803 = CARTESIAN_POINT('',(137.49310009059,490.,25.991765704277));
#3804 = CARTESIAN_POINT('',(138.34611009525,490.,25.886411247955));
#3805 = CARTESIAN_POINT('',(139.19895541802,490.,25.779728841362));
#3806 = CARTESIAN_POINT('',(140.0516380826,490.,25.671759197022));
#3807 = CARTESIAN_POINT('',(140.90415407194,490.,25.562486136755));
#3808 = CARTESIAN_POINT('',(142.64943816006,490.,25.336086084822));
#3809 = CARTESIAN_POINT('',(143.54218988411,490.,25.218832799196));
#3810 = CARTESIAN_POINT('',(144.43475472454,490.,25.100159970968));
#3811 = CARTESIAN_POINT('',(145.32713184485,490.,24.98008061504));
#3812 = CARTESIAN_POINT('',(146.21931944509,490.,24.858601583329));
#3813 = CARTESIAN_POINT('',(147.11131550754,490.,24.735727437058));
#3814 = CARTESIAN_POINT('',(148.0031188402,490.,24.611467049531));
#3815 = CARTESIAN_POINT('',(149.54316973729,490.,24.394446859459));
#3816 = CARTESIAN_POINT('',(150.19150905789,490.,24.302337960097));
#3817 = CARTESIAN_POINT('',(150.83974436411,490.,24.209497951707));
#3818 = CARTESIAN_POINT('',(151.48787446077,490.,24.115925406314));
#3819 = CARTESIAN_POINT('',(152.13589839667,490.,24.02162052119));
#3820 = CARTESIAN_POINT('',(152.78381562416,490.,23.9265862177));
#3821 = CARTESIAN_POINT('',(153.43162574365,490.,23.830826415801));
#3822 = CARTESIAN_POINT('',(154.84847404448,490.,23.619765630897));
#3823 = CARTESIAN_POINT('',(155.61746793121,490.,23.504167274504));
#3824 = CARTESIAN_POINT('',(156.38630772611,490.,23.387545478031));
#3825 = CARTESIAN_POINT('',(157.15499150944,490.,23.269898262058));
#3826 = CARTESIAN_POINT('',(157.92351754917,490.,23.151224925398));
#3827 = CARTESIAN_POINT('',(158.69188435855,490.,23.031526453657));
#3828 = CARTESIAN_POINT('',(159.46009047086,490.,22.910804015654));
#3829 = CARTESIAN_POINT('',(160.99617737531,490.,22.667307082493));
#3830 = CARTESIAN_POINT('',(161.76405813321,490.,22.544532464383));
#3831 = CARTESIAN_POINT('',(162.531774882,490.,22.420733425751));
#3832 = CARTESIAN_POINT('',(163.29932491784,490.,22.295903696401));
#3833 = CARTESIAN_POINT('',(164.06670727996,490.,22.17004717644));
#3834 = CARTESIAN_POINT('',(164.83392048717,490.,22.043164813723));
#3835 = CARTESIAN_POINT('',(165.60096068663,490.,21.915243830586));
#3836 = CARTESIAN_POINT('',(166.73107800369,490.,21.725196210333));
#3837 = CARTESIAN_POINT('',(167.0942907754,490.,21.663876279226));
#3838 = CARTESIAN_POINT('',(167.45746409451,490.,21.60232283335));
#3839 = CARTESIAN_POINT('',(167.82059784957,490.,21.540536259143));
#3840 = CARTESIAN_POINT('',(168.18369196626,490.,21.478517158142));
#3841 = CARTESIAN_POINT('',(168.54674632175,490.,21.416265857734));
#3842 = CARTESIAN_POINT('',(168.90976065884,490.,21.353781921901));
#3843 = CARTESIAN_POINT('',(169.67603876877,490.,21.221376706447));
#3844 = CARTESIAN_POINT('',(170.07929306577,490.,21.151400579532));
#3845 = CARTESIAN_POINT('',(170.48249692745,490.,21.081134077666));
#3846 = CARTESIAN_POINT('',(170.88564965416,490.,21.010574589243));
#3847 = CARTESIAN_POINT('',(171.28875079867,490.,20.939720974491));
#3848 = CARTESIAN_POINT('',(171.69180028686,490.,20.868574284835));
#3849 = CARTESIAN_POINT('',(172.09479817093,490.,20.797136321731));
#3850 = CARTESIAN_POINT('',(173.18275194228,490.,20.60346454894));
#3851 = CARTESIAN_POINT('',(173.86760960176,490.,20.480678988424));
#3852 = CARTESIAN_POINT('',(174.55231613322,490.,20.357051534027));
#3853 = CARTESIAN_POINT('',(175.23686605665,490.,20.232558795454));
#3854 = CARTESIAN_POINT('',(175.92125885259,490.,20.107204923499));
#3855 = CARTESIAN_POINT('',(176.60549486912,490.,19.980999116227));
#3856 = CARTESIAN_POINT('',(177.28957008896,490.,19.853926699413));
#3857 = CARTESIAN_POINT('',(178.33555345199,490.,19.658248041938));
#3858 = CARTESIAN_POINT('',(178.69757892796,490.,19.59026890819));
#3859 = CARTESIAN_POINT('',(179.05955837228,490.,19.52204479619));
#3860 = CARTESIAN_POINT('',(179.42149146629,490.,19.453575088364));
#3861 = CARTESIAN_POINT('',(179.78337791885,490.,19.38485931346));
#3862 = CARTESIAN_POINT('',(180.14521746633,490.,19.315897146556));
#3863 = CARTESIAN_POINT('',(180.5070098726,490.,19.246688409049));
#3864 = CARTESIAN_POINT('',(181.23049997889,490.,19.107777729551));
#3865 = CARTESIAN_POINT('',(181.59219774397,490.,19.038076098965));
#3866 = CARTESIAN_POINT('',(181.95384795417,490.,18.968127851555));
#3867 = CARTESIAN_POINT('',(182.31545005508,490.,18.897931190941));
#3868 = CARTESIAN_POINT('',(182.67700337758,490.,18.827483734582));
#3869 = CARTESIAN_POINT('',(183.03850730734,490.,18.756783398636));
#3870 = CARTESIAN_POINT('',(183.39996145442,490.,18.685829282827));
#3871 = CARTESIAN_POINT('',(184.16292621603,490.,18.535503972339));
#3872 = CARTESIAN_POINT('',(184.56442502583,490.,18.456072864452));
#3873 = CARTESIAN_POINT('',(184.96586140068,490.,18.376326362345));
#3874 = CARTESIAN_POINT('',(185.36723712145,490.,18.296274862443));
#3875 = CARTESIAN_POINT('',(185.76855183674,490.,18.215918157428));
#3876 = CARTESIAN_POINT('',(186.16980229264,490.,18.135241526611));
#3877 = CARTESIAN_POINT('',(186.57098555679,490.,18.054231786146));
#3878 = CARTESIAN_POINT('',(187.18142280053,490.,17.930478921783));
#3879 = CARTESIAN_POINT('',(187.52917114802,490.,17.859870561192));
#3880 = CARTESIAN_POINT('',(187.98845068141,490.,17.766507959422));
#3881 = CARTESIAN_POINT('',(188.52553508306,490.,17.656295361061));
#3882 = CARTESIAN_POINT('',(189.10164440297,490.,17.538015130502));
#3883 = CARTESIAN_POINT('',(189.67510514068,490.,17.418518393053));
#3884 = CARTESIAN_POINT('',(190.14708517177,490.,17.320097230263));
#3885 = CARTESIAN_POINT('',(190.18310863373,490.,17.312580490956));
#3886 = B_SPLINE_SURFACE_WITH_KNOTS('',3,1,(
    (#3887,#3888)
    ,(#3889,#3890)
    ,(#3891,#3892)
    ,(#3893,#3894)
    ,(#3895,#3896)
    ,(#3897,#3898)
    ,(#3899,#3900)
    ,(#3901,#3902)
    ,(#3903,#3904)
    ,(#3905,#3906)
    ,(#3907,#3908)
    ,(#3909,#3910)
    ,(#3911,#3912)
    ,(#3913,#3914)
    ,(#3915,#3916)
    ,(#3917,#3918)
    ,(#3919,#3920)
    ,(#3921,#3922)
    ,(#3923,#3924)
    ,(#3925,#3926)
    ,(#3927,#3928)
    ,(#3929,#3930)
    ,(#3931,#3932)
    ,(#3933,#3934)
    ,(#3935,#3936)
    ,(#3937,#3938)
    ,(#3939,#3940)
    ,(#3941,#3942)
    ,(#3943,#3944)
    ,(#3945,#3946)
    ,(#3947,#3948)
    ,(#3949,#3950)
    ,(#3951,#3952)
    ,(#3953,#3954)
    ,(#3955,#3956)
    ,(#3957,#3958)
    ,(#3959,#3960)
    ,(#3961,#3962)
    ,(#3963,#3964)
    ,(#3965,#3966)
    ,(#3967,#3968)
    ,(#3969,#3970)
    ,(#3971,#3972)
    ,(#3973,#3974)
    ,(#3975,#3976)
    ,(#3977,#3978)
    ,(#3979,#3980)
    ,(#3981,#3982)
    ,(#3983,#3984)
    ,(#3985,#3986)
    ,(#3987,#3988)
    ,(#3989,#3990)
    ,(#3991,#3992)
    ,(#3993,#3994)
    ,(#3995,#3996)
    ,(#3997,#3998)
    ,(#3999,#4000)
    ,(#4001,#4002)
    ,(#4003,#4004)
    ,(#4005,#4006)
    ,(#4007,#4008)
    ,(#4009,#4010)
    ,(#4011,#4012)
    ,(#4013,#4014)
    ,(#4015,#4016)
    ,(#4017,#4018)
    ,(#4019,#4020)
    ,(#4021,#4022)
    ,(#4023,#4024)
    ,(#4025,#4026)
    ,(#4027,#4028)
    ,(#4029,#4030)
    ,(#4031,#4032)
    ,(#4033,#4034)
    ,(#4035,#4036)
    ,(#4037,#4038)
    ,(#4039,#4040)
    ,(#4041,#4042)
    ,(#4043,#4044)
    ,(#4045,#4046)
    ,(#4047,#4048)
    ,(#4049,#4050)
    ,(#4051,#4052)
    ,(#4053,#4054)
    ,(#4055,#4056)
    ,(#4057,#4058)
    ,(#4059,#4060)
    ,(#4061,#4062)
    ,(#4063,#4064)
    ,(#4065,#4066)
    ,(#4067,#4068)
    ,(#4069,#4070)
    ,(#4071,#4072)
    ,(#4073,#4074)
    ,(#4075,#4076)
    ,(#4077,#4078)
    ,(#4079,#4080)
    ,(#4081,#4082)
    ,(#4083,#4084)
    ,(#4085,#4086)
    ,(#4087,#4088)
    ,(#4089,#4090)
    ,(#4091,#4092)
    ,(#4093,#4094)
    ,(#4095,#4096)
    ,(#4097,#4098)
    ,(#4099,#4100)
    ,(#4101,#4102)
    ,(#4103,#4104)
    ,(#4105,#4106)
    ,(#4107,#4108)
    ,(#4109,#4110)
    ,(#4111,#4112)
    ,(#4113,#4114)
    ,(#4115,#4116)
    ,(#4117,#4118)
    ,(#4119,#4120)
    ,(#4121,#4122)
    ,(#4123,#4124)
    ,(#4125,#4126)
    ,(#4127,#4128)
    ,(#4129,#4130)
    ,(#4131,#4132)
    ,(#4133,#4134)
    ,(#4135,#4136)
    ,(#4137,#4138)
    ,(#4139,#4140)
    ,(#4141,#4142)
    ,(#4143,#4144)
    ,(#4145,#4146)
    ,(#4147,#4148)
    ,(#4149,#4150)
    ,(#4151,#4152)
    ,(#4153,#4154)
    ,(#4155,#4156)
    ,(#4157,#4158)
    ,(#4159,#4160)
    ,(#4161,#4162)
    ,(#4163,#4164)
    ,(#4165,#4166)
    ,(#4167,#4168)
    ,(#4169,#4170)
    ,(#4171,#4172)
    ,(#4173,#4174)
    ,(#4175,#4176)
    ,(#4177,#4178)
    ,(#4179,#4180)
    ,(#4181,#4182)
    ,(#4183,#4184)
    ,(#4185,#4186)
    ,(#4187,#4188)
    ,(#4189,#4190)
    ,(#4191,#4192)
    ,(#4193,#4194)
    ,(#4195,#4196)
    ,(#4197,#4198)
    ,(#4199,#4200)
    ,(#4201,#4202)
    ,(#4203,#4204)
    ,(#4205,#4206)
    ,(#4207,#4208)
    ,(#4209,#4210
    )),.UNSPECIFIED.,.T.,.F.,.F.,(4,1,1,1,1,1,1,1,1,1,1,1,1,1,1,1,1,1,1,
    1,1,1,1,1,1,1,1,1,1,1,1,1,1,1,1,1,1,1,1,1,1,1,1,1,1,1,1,1,1,1,1,1,1,
    1,1,1,1,1,1,1,1,1,1,1,1,1,1,1,1,1,1,1,1,1,1,1,1,1,1,1,1,1,1,1,1,1,1,
    1,1,1,1,1,1,1,1,1,1,1,1,1,1,1,1,1,1,1,1,1,1,1,1,1,1,1,1,1,1,1,1,1,1,
    1,1,1,1,1,1,1,1,1,1,1,1,1,1,1,1,1,1,1,1,1,1,1,1,1,1,1,1,1,1,1,1,1,1,
    1,1,1,1,4),(2,2),(0.,8.482749724189E-02,0.339143082503,
    0.762546419043,1.354374507621,2.113656195341,3.039146235983,
    4.12937953038,5.382559821407,6.796713838166,8.369521732613,
    10.098492338873,11.980826724527,14.013514093232,16.193295459209,
    18.516697217166,20.979993804114,23.579266797642,26.310350342105,
    29.168903900949,32.150396417577,35.250077580163,38.463023986103,
    41.784149552005,45.208143098465,48.729600795261,52.34292131953,
    56.042401643089,59.82214769812,63.676143592166,67.598324114033,
    71.582433101715,75.622133992308,79.711047470659,83.842636716135,
    88.010390628888,92.207654622475,96.427765208354,100.66402590032,
    104.90972810434,109.15813916464,113.402518059,117.63616288696,
    121.85236445827,126.0445056285,130.22053694062,134.37823467622,
    138.49238441594,142.55655844644,146.56449007601,150.50992137387,
    154.38680988706,158.18918091631,161.91126488352,165.54741704142,
    169.09219361967,172.54030664683,175.88666238469,179.12641106955,
    182.25491804396,185.26773759402,188.16075089851,190.93005963143,
    193.5720538173,196.08350238049,198.46144099781,200.70334070712,
    202.80716892436,204.77129705347,206.59483433892,208.27758621654,
    209.82031756165,211.22505576705,212.49550705552,213.63767835823,
    214.66082717357,215.57869134701,216.41108699479,217.18502972965,
    217.93430174803,218.68356974511,219.45729241875,220.28877285102,
    221.20442744267,222.2233762053,223.35879222995,224.61935498268,
    226.01062042168,227.53580748261,229.19658774864,230.99337067938,
    232.92565971633,234.99232777291,237.19155897737,239.52114918997,
    241.9784943872,244.5606053204,247.26424120187,250.08587366833,
    253.02174873379,256.06787840147,259.22007435001,262.47393302537,
    265.82493020074,269.26831922792,272.79917962665,276.4125066712,
    280.10308816875,283.86557348218,287.69449821388,291.58431071202,
    295.52924607514,299.52352687708,303.56118934683,307.65495271564,
    311.79428390183,315.95823380773,320.14035257436,324.3341403748,
    328.53306550655,332.73057362095,336.92003920832,341.09489950802,
    345.24857240086,349.37449610058,353.46611126816,357.51696885324,
    361.52060111886,365.47066881029,369.36086104034,373.18495369655,
    376.93683348495,380.61049397296,384.20006234393,387.69973051465,
    391.10388068944,394.40702892028,397.60381675597,400.68905493271,
    403.65774879007,406.50507289078,409.22636957165,411.81717294685,
    414.27322861941,416.59053742525,418.76524529002,420.7937548055,
    422.67272229946,424.3990125341,425.96975141629,427.38229141916,
    428.63432928332,429.7236885655,430.64859451942,431.40749140741,
    431.99905300507,432.42231710009,432.67657979745,432.76136978251,
    433.295605455),(0.,1.),.UNSPECIFIED.);
#3887 = CARTESIAN_POINT('',(212.0177656,0.,0.2665264));
#3888 = CARTESIAN_POINT('',(180.82539850533,700.,24.618032244223));
#3889 = CARTESIAN_POINT('',(211.99008593315,0.,0.272302103624));
#3890 = CARTESIAN_POINT('',(180.80738060899,700.,24.621791900356));
#3891 = CARTESIAN_POINT('',(211.87941985879,0.,0.295384590259));
#3892 = CARTESIAN_POINT('',(180.7353432587,700.,24.636817292599));
#3893 = CARTESIAN_POINT('',(211.6305759872,0.,0.347204384623));
#3894 = CARTESIAN_POINT('',(180.5733599838,700.,24.670549045534));
#3895 = CARTESIAN_POINT('',(211.21624851244,0.,0.433320857661));
#3896 = CARTESIAN_POINT('',(180.30365625023,700.,24.726605994965));
#3897 = CARTESIAN_POINT('',(210.63704302742,0.,0.553314615099));
#3898 = CARTESIAN_POINT('',(179.9266262647,700.,24.804715138958));
#3899 = CARTESIAN_POINT('',(209.89381558309,0.,0.706584561398));
#3900 = CARTESIAN_POINT('',(179.44282726791,700.,24.904485198341));
#3901 = CARTESIAN_POINT('',(208.98767742365,0.,0.892439749811));
#3902 = CARTESIAN_POINT('',(178.85298261696,700.,25.025466405893));
#3903 = CARTESIAN_POINT('',(207.91997161314,0.,1.109944964625));
#3904 = CARTESIAN_POINT('',(178.15796657049,700.,25.167049989121));
#3905 = CARTESIAN_POINT('',(206.69229005635,0.,1.358162663213));
#3906 = CARTESIAN_POINT('',(177.35881536843,700.,25.328625660843));
#3907 = CARTESIAN_POINT('',(205.30645819214,0.,1.635862704875));
#3908 = CARTESIAN_POINT('',(176.45671726815,700.,25.509392669095));
#3909 = CARTESIAN_POINT('',(203.76454875522,0.,1.941855716062));
#3910 = CARTESIAN_POINT('',(175.4530215026,700.,25.708576799018));
#3911 = CARTESIAN_POINT('',(202.06886868072,0.,2.274703844558));
#3912 = CARTESIAN_POINT('',(174.349229756,700.,25.925242090209));
#3913 = CARTESIAN_POINT('',(200.22195112602,0.,2.632904166695));
#3914 = CARTESIAN_POINT('',(173.14699097039,700.,26.15841022443));
#3915 = CARTESIAN_POINT('',(198.22659054008,0.,3.014934782844));
#3916 = CARTESIAN_POINT('',(171.84812417388,700.,26.407090531169));
#3917 = CARTESIAN_POINT('',(196.08578242158,0.,3.419103238944));
#3918 = CARTESIAN_POINT('',(170.45457926655,700.,26.67018131863));
#3919 = CARTESIAN_POINT('',(193.80276119013,0.,3.843667390304));
#3920 = CARTESIAN_POINT('',(168.96846167249,700.,26.946548549233));
#3921 = CARTESIAN_POINT('',(191.38098742326,0.,4.286867426945));
#3922 = CARTESIAN_POINT('',(167.3920240318,700.,27.235046686291));
#3923 = CARTESIAN_POINT('',(188.82414218068,0.,4.746831265646));
#3924 = CARTESIAN_POINT('',(165.72766250597,700.,27.534457109597));
#3925 = CARTESIAN_POINT('',(186.13613121427,0.,5.221740806807));
#3926 = CARTESIAN_POINT('',(163.9779195184,700.,27.843596339221));
#3927 = CARTESIAN_POINT('',(183.32104013271,0.,5.709581069895));
#3928 = CARTESIAN_POINT('',(162.14545456908,700.,28.161152736891));
#3929 = CARTESIAN_POINT('',(180.38319512529,0.,6.208539613096));
#3930 = CARTESIAN_POINT('',(160.23308376237,700.,28.485946505578));
#3931 = CARTESIAN_POINT('',(177.32708589727,0.,6.716564195103));
#3932 = CARTESIAN_POINT('',(158.24372964224,700.,28.816641752357));
#3933 = CARTESIAN_POINT('',(174.1574219892,0.,7.23174367135));
#3934 = CARTESIAN_POINT('',(156.18045785303,700.,29.151994430291));
#3935 = CARTESIAN_POINT('',(170.87909798408,0.,7.752092323358));
#3936 = CARTESIAN_POINT('',(154.0464544912,700.,29.490711949051));
#3937 = CARTESIAN_POINT('',(167.4971798272,0.,8.27562690641));
#3938 = CARTESIAN_POINT('',(151.8450172004,700.,29.831503328584));
#3939 = CARTESIAN_POINT('',(164.01691567776,0.,8.800360019805));
#3940 = CARTESIAN_POINT('',(149.5795622352,700.,30.173074883531));
#3941 = CARTESIAN_POINT('',(160.44370635164,0.,9.324382077469));
#3942 = CARTESIAN_POINT('',(147.25360522102,700.,30.514183581444));
#3943 = CARTESIAN_POINT('',(156.78310735452,0.,9.84564774887));
#3944 = CARTESIAN_POINT('',(144.87076247762,700.,30.853498027922));
#3945 = CARTESIAN_POINT('',(153.04084797127,0.,10.362279888642));
#3946 = CARTESIAN_POINT('',(142.43476344512,700.,31.189796307585));
#3947 = CARTESIAN_POINT('',(149.22277356103,0.,10.872291196548));
#3948 = CARTESIAN_POINT('',(139.94941312148,700.,31.521784800467));
#3949 = CARTESIAN_POINT('',(145.33486423998,0.,11.373703811716));
#3950 = CARTESIAN_POINT('',(137.41860422381,700.,31.848176031095));
#3951 = CARTESIAN_POINT('',(141.38323842763,0.,11.864692589551));
#3952 = CARTESIAN_POINT('',(134.8463194969,700.,32.167781933648));
#3953 = CARTESIAN_POINT('',(137.37410931817,0.,12.343253548155));
#3954 = CARTESIAN_POINT('',(132.23660337848,700.,32.479298029343));
#3955 = CARTESIAN_POINT('',(133.31381689751,0.,12.807544878021));
#3956 = CARTESIAN_POINT('',(129.59358284051,700.,32.781525404445));
#3957 = CARTESIAN_POINT('',(129.20875960707,0.,13.255605885432));
#3958 = CARTESIAN_POINT('',(126.92142290617,700.,33.073187758325));
#3959 = CARTESIAN_POINT('',(125.06546923172,0.,13.685723437335));
#3960 = CARTESIAN_POINT('',(124.22437539768,700.,33.353169938338));
#3961 = CARTESIAN_POINT('',(120.89050327242,0.,14.095878235744));
#3962 = CARTESIAN_POINT('',(121.50670887701,700.,33.620157495792));
#3963 = CARTESIAN_POINT('',(116.69053802159,0.,14.484451859829));
#3964 = CARTESIAN_POINT('',(118.7727692326,700.,33.873096930339));
#3965 = CARTESIAN_POINT('',(112.47225568554,0.,14.849519748266));
#3966 = CARTESIAN_POINT('',(116.02690620253,700.,34.110735461491));
#3967 = CARTESIAN_POINT('',(108.24240912167,0.,15.189475484375));
#3968 = CARTESIAN_POINT('',(113.27351551473,700.,34.332027402921));
#3969 = CARTESIAN_POINT('',(104.00776920945,0.,15.502507127203));
#3970 = CARTESIAN_POINT('',(110.51700462847,700.,34.535793283629));
#3971 = CARTESIAN_POINT('',(99.775154175729,0.,15.787184786926));
#3972 = CARTESIAN_POINT('',(107.7618118235,700.,34.721102326279));
#3973 = CARTESIAN_POINT('',(95.55137689671,0.,16.041777471648));
#3974 = CARTESIAN_POINT('',(105.01237189659,700.,34.886827753126));
#3975 = CARTESIAN_POINT('',(91.343256224385,0.,16.264983812137));
#3976 = CARTESIAN_POINT('',(102.27312353442,700.,35.032122446464));
#3977 = CARTESIAN_POINT('',(87.152750915559,0.,16.455340032026));
#3978 = CARTESIAN_POINT('',(99.545341776788,700.,35.156033570731));
#3979 = CARTESIAN_POINT('',(82.980364394972,0.,16.612722137351));
#3980 = CARTESIAN_POINT('',(96.829354324708,700.,35.258480412876));
#3981 = CARTESIAN_POINT('',(78.832435000747,0.,16.72261128806));
#3982 = CARTESIAN_POINT('',(94.129287077523,700.,35.330012029847));
#3983 = CARTESIAN_POINT('',(74.720828896624,0.,16.785891575161));
#3984 = CARTESIAN_POINT('',(91.45286423616,700.,35.371203914847));
#3985 = CARTESIAN_POINT('',(70.658678617017,0.,16.801289844179));
#3986 = CARTESIAN_POINT('',(88.808634337171,700.,35.381227316378));
#3987 = CARTESIAN_POINT('',(66.652867095895,0.,16.768785765337));
#3988 = CARTESIAN_POINT('',(86.201077780969,700.,35.360069000905));
#3989 = CARTESIAN_POINT('',(62.710171033445,0.,16.688174716628));
#3990 = CARTESIAN_POINT('',(83.634605815789,700.,35.307595771085));
#3991 = CARTESIAN_POINT('',(58.837293389307,0.,16.559796809291));
#3992 = CARTESIAN_POINT('',(81.113581688944,700.,35.224029020083));
#3993 = CARTESIAN_POINT('',(55.040804448046,0.,16.38391088405));
#3994 = CARTESIAN_POINT('',(78.642282283784,700.,35.109537238558));
#3995 = CARTESIAN_POINT('',(51.327149377028,0.,16.161306373965));
#3996 = CARTESIAN_POINT('',(76.224903039442,700.,34.964634302748));
#3997 = CARTESIAN_POINT('',(47.702620876028,0.,15.892777577768));
#3998 = CARTESIAN_POINT('',(73.865540147281,700.,34.789837256167));
#3999 = CARTESIAN_POINT('',(44.17335741683,0.,15.579452278457));
#4000 = CARTESIAN_POINT('',(71.568189404974,700.,34.585880221709));
#4001 = CARTESIAN_POINT('',(40.745323337648,0.,15.222653704243));
#4002 = CARTESIAN_POINT('',(69.336733259091,700.,34.353624546042));
#4003 = CARTESIAN_POINT('',(37.424283659786,0.,14.823978744339));
#4004 = CARTESIAN_POINT('',(67.174924412181,700.,34.094109713652));
#4005 = CARTESIAN_POINT('',(34.215799841885,0.,14.385131535375));
#4006 = CARTESIAN_POINT('',(65.086383059019,700.,33.808445021024));
#4007 = CARTESIAN_POINT('',(31.125222088969,0.,13.90802882037));
#4008 = CARTESIAN_POINT('',(63.074591880234,700.,33.49787815937));
#4009 = CARTESIAN_POINT('',(28.157640155222,0.,13.394893607198));
#4010 = CARTESIAN_POINT('',(61.142864017701,700.,33.163856180984));
#4011 = CARTESIAN_POINT('',(25.317946859967,0.,12.847879882149));
#4012 = CARTESIAN_POINT('',(59.294384419846,700.,32.807781209019));
#4013 = CARTESIAN_POINT('',(22.610747809339,0.,12.269443904743));
#4014 = CARTESIAN_POINT('',(57.532151075569,700.,32.431252129386));
#4015 = CARTESIAN_POINT('',(20.04038814812,0.,11.662115297151));
#4016 = CARTESIAN_POINT('',(55.858992428172,700.,32.035915582935));
#4017 = CARTESIAN_POINT('',(17.610961245571,0.,11.028470760763));
#4018 = CARTESIAN_POINT('',(54.277573029342,700.,31.623448856418));
#4019 = CARTESIAN_POINT('',(15.326267427624,0.,10.371174624716));
#4020 = CARTESIAN_POINT('',(52.790366676151,700.,31.195586277293));
#4021 = CARTESIAN_POINT('',(13.189830632491,0.,9.692883037228));
#4022 = CARTESIAN_POINT('',(51.399667252904,700.,30.754056847702));
#4023 = CARTESIAN_POINT('',(11.204846241729,0.,8.996373568734));
#4024 = CARTESIAN_POINT('',(50.107554772125,700.,30.300668608777));
#4025 = CARTESIAN_POINT('',(9.374260257665,0.,8.28418810351));
#4026 = CARTESIAN_POINT('',(48.915946914574,700.,29.837076183301));
#4027 = CARTESIAN_POINT('',(7.700638857153,0.,7.559033632862));
#4028 = CARTESIAN_POINT('',(47.826514116127,700.,29.365041669388));
#4029 = CARTESIAN_POINT('',(6.186302064856,0.,6.823274048203));
#4030 = CARTESIAN_POINT('',(46.840766581519,700.,28.886103826544));
#4031 = CARTESIAN_POINT('',(4.833157532351,0.,6.079321468068));
#4032 = CARTESIAN_POINT('',(45.959946083945,700.,28.4018328074));
#4033 = CARTESIAN_POINT('',(3.642818723955,0.,5.329234375455));
#4034 = CARTESIAN_POINT('',(45.185102897347,700.,27.913568567868));
#4035 = CARTESIAN_POINT('',(2.616487083086,0.,4.574838482398));
#4036 = CARTESIAN_POINT('',(44.517019093386,700.,27.422499543143));
#4037 = CARTESIAN_POINT('',(1.755096993074,0.,3.81741145287));
#4038 = CARTESIAN_POINT('',(43.956302902717,700.,26.929457420148));
#4039 = CARTESIAN_POINT('',(1.059347600657,0.,3.057658294956));
#4040 = CARTESIAN_POINT('',(43.503409430295,700.,26.434901119242));
#4041 = CARTESIAN_POINT('',(0.53025116913,0.,2.295376788068));
#4042 = CARTESIAN_POINT('',(43.158997602226,700.,25.938699006267));
#4043 = CARTESIAN_POINT('',(0.169907071757,0.,1.529837470464));
#4044 = CARTESIAN_POINT('',(42.924433991671,700.,25.440376242922));
#4045 = CARTESIAN_POINT('',(-1.769952062688E-02,0.,0.761137156929));
#4046 = CARTESIAN_POINT('',(42.802312719271,700.,24.939995850149));
#4047 = CARTESIAN_POINT('',(-2.844684401773E-02,0.,-2.849297385688E-03)
  );
#4048 = CARTESIAN_POINT('',(42.795316820082,700.,24.442683912906));
#4049 = CARTESIAN_POINT('',(0.133343870461,0.,-0.749471902505));
#4050 = CARTESIAN_POINT('',(42.900633417243,700.,23.95667485863));
#4051 = CARTESIAN_POINT('',(0.468399786616,0.,-1.465770814918));
#4052 = CARTESIAN_POINT('',(43.118735853231,700.,23.490404811871));
#4053 = CARTESIAN_POINT('',(0.970342793332,0.,-2.145379554368));
#4054 = CARTESIAN_POINT('',(43.445472338735,700.,23.048017990908));
#4055 = CARTESIAN_POINT('',(1.634584437256,0.,-2.789628537905));
#4056 = CARTESIAN_POINT('',(43.877856050346,700.,22.628648369549));
#4057 = CARTESIAN_POINT('',(2.458615360249,0.,-3.400379552789));
#4058 = CARTESIAN_POINT('',(44.414253537954,700.,22.231084029672));
#4059 = CARTESIAN_POINT('',(3.440895325036,0.,-3.978897828686));
#4060 = CARTESIAN_POINT('',(45.053662194277,700.,21.854501378381));
#4061 = CARTESIAN_POINT('',(4.580052294182,0.,-4.525761487858));
#4062 = CARTESIAN_POINT('',(45.795188900608,700.,21.498524090806));
#4063 = CARTESIAN_POINT('',(5.874459989348,0.,-5.041112766184));
#4064 = CARTESIAN_POINT('',(46.637775041801,700.,21.163059579443));
#4065 = CARTESIAN_POINT('',(7.322192416913,0.,-5.524849200445));
#4066 = CARTESIAN_POINT('',(47.580166905028,700.,20.848174542047));
#4067 = CARTESIAN_POINT('',(8.92097628504,0.,-5.976766178323));
#4068 = CARTESIAN_POINT('',(48.620884705978,700.,20.554002169655));
#4069 = CARTESIAN_POINT('',(10.668238083266,0.,-6.396694490645));
#4070 = CARTESIAN_POINT('',(49.758253235012,700.,20.28065260786));
#4071 = CARTESIAN_POINT('',(12.56117077871,0.,-6.784397148433));
#4072 = CARTESIAN_POINT('',(50.990445272613,700.,20.028280123074));
#4073 = CARTESIAN_POINT('',(14.596690977123,0.,-7.139811983167));
#4074 = CARTESIAN_POINT('',(52.315453703655,700.,19.796925183483));
#4075 = CARTESIAN_POINT('',(16.771534799273,0.,-7.462841754424));
#4076 = CARTESIAN_POINT('',(53.731153927507,700.,19.586651087098));
#4077 = CARTESIAN_POINT('',(19.082204816239,0.,-7.753600124715));
#4078 = CARTESIAN_POINT('',(55.23526931591,700.,19.39738384606));
#4079 = CARTESIAN_POINT('',(21.525045202786,0.,-8.012194867842));
#4080 = CARTESIAN_POINT('',(56.825420133567,700.,19.229053305723));
#4081 = CARTESIAN_POINT('',(24.096213043038,0.,-8.23895454289));
#4082 = CARTESIAN_POINT('',(58.499104859769,700.,19.08144559272));
#4083 = CARTESIAN_POINT('',(26.791704157711,0.,-8.434269810671));
#4084 = CARTESIAN_POINT('',(60.253717000453,700.,18.954306408976));
#4085 = CARTESIAN_POINT('',(29.607372211178,0.,-8.598674810883));
#4086 = CARTESIAN_POINT('',(62.086557525823,700.,18.847288059781));
#4087 = CARTESIAN_POINT('',(32.538917764183,0.,-8.732866625312));
#4088 = CARTESIAN_POINT('',(63.994827744288,700.,18.75993678435));
#4089 = CARTESIAN_POINT('',(35.581906492846,0.,-8.837638923493));
#4090 = CARTESIAN_POINT('',(65.975641162003,700.,18.691735948742));
#4091 = CARTESIAN_POINT('',(38.731757647229,0.,-8.914016506012));
#4092 = CARTESIAN_POINT('',(68.026015970045,700.,18.642018465781));
#4093 = CARTESIAN_POINT('',(41.983779832925,0.,-8.963021681909));
#4094 = CARTESIAN_POINT('',(70.142898336205,700.,18.610118870151));
#4095 = CARTESIAN_POINT('',(45.333149921829,0.,-8.985977411999));
#4096 = CARTESIAN_POINT('',(72.323148677096,700.,18.595175989243));
#4097 = CARTESIAN_POINT('',(48.774926086129,0.,-8.984149242631));
#4098 = CARTESIAN_POINT('',(74.563550142536,700.,18.59636602402));
#4099 = CARTESIAN_POINT('',(52.304052003465,0.,-8.959123273899));
#4100 = CARTESIAN_POINT('',(76.860811352878,700.,18.612656513101));
#4101 = CARTESIAN_POINT('',(55.915357563684,0.,-8.9124066302));
#4102 = CARTESIAN_POINT('',(79.211566859058,700.,18.643066403811));
#4103 = CARTESIAN_POINT('',(59.603567547388,0.,-8.845758999114));
#4104 = CARTESIAN_POINT('',(81.612382791846,700.,18.68645023914));
#4105 = CARTESIAN_POINT('',(63.363284841858,0.,-8.760902227896));
#4106 = CARTESIAN_POINT('',(84.05974593636,700.,18.741687193989));
#4107 = CARTESIAN_POINT('',(67.189029153121,0.,-8.659709185614));
#4108 = CARTESIAN_POINT('',(86.550088931427,700.,18.807558136607));
#4109 = CARTESIAN_POINT('',(71.075203734999,0.,-8.543998560151));
#4110 = CARTESIAN_POINT('',(89.079768612084,700.,18.882879204125));
#4111 = CARTESIAN_POINT('',(75.016132374867,0.,-8.41579243773));
#4112 = CARTESIAN_POINT('',(91.645090085205,700.,18.966334132871));
#4113 = CARTESIAN_POINT('',(79.006014198423,0.,-8.276972498967));
#4114 = CARTESIAN_POINT('',(94.242277309973,700.,19.056698055273));
#4115 = CARTESIAN_POINT('',(83.045204505604,0.,-8.128928030791));
#4116 = CARTESIAN_POINT('',(96.871561566534,700.,19.15306662418));
#4117 = CARTESIAN_POINT('',(87.132565900051,0.,-7.975050072376));
#4118 = CARTESIAN_POINT('',(99.53220247424,700.,19.253232465035));
#4119 = CARTESIAN_POINT('',(91.26138333376,0.,-7.804022331613));
#4120 = CARTESIAN_POINT('',(102.21982891693,700.,19.364561843456));
#4121 = CARTESIAN_POINT('',(95.419053177213,0.,-7.618527655992));
#4122 = CARTESIAN_POINT('',(104.92623664522,700.,19.485308377587));
#4123 = CARTESIAN_POINT('',(99.594301274675,0.,-7.420163661217));
#4124 = CARTESIAN_POINT('',(107.64408682187,700.,19.614432110035));
#4125 = CARTESIAN_POINT('',(103.78066728852,0.,-7.210467914956));
#4126 = CARTESIAN_POINT('',(110.36917413277,700.,19.750932171281));
#4127 = CARTESIAN_POINT('',(107.9716701024,0.,-6.991032761317));
#4128 = CARTESIAN_POINT('',(113.09727973803,700.,19.893772035441));
#4129 = CARTESIAN_POINT('',(112.16078224052,0.,-6.763218888844));
#4130 = CARTESIAN_POINT('',(115.8241546204,700.,20.042065971297));
#4131 = CARTESIAN_POINT('',(116.34147840751,0.,-6.52850171216));
#4132 = CARTESIAN_POINT('',(118.54555118192,700.,20.19485356744));
#4133 = CARTESIAN_POINT('',(120.50722319189,0.,-6.288239494673));
#4134 = CARTESIAN_POINT('',(121.25721523968,700.,20.351250671276));
#4135 = CARTESIAN_POINT('',(124.65149905398,0.,-6.043659576199));
#4136 = CARTESIAN_POINT('',(123.95490424425,700.,20.510458354056));
#4137 = CARTESIAN_POINT('',(128.76779260133,0.,-5.79598488572));
#4138 = CARTESIAN_POINT('',(126.63437834583,700.,20.671680558236));
#4139 = CARTESIAN_POINT('',(132.84963144405,0.,-5.546336589529));
#4140 = CARTESIAN_POINT('',(129.29142438496,700.,20.834187468021));
#4141 = CARTESIAN_POINT('',(136.89057001702,0.,-5.295729066073));
#4142 = CARTESIAN_POINT('',(131.92184666359,700.,20.997318780459));
#4143 = CARTESIAN_POINT('',(140.88423268704,0.,-5.04509658852));
#4144 = CARTESIAN_POINT('',(134.52149500539,700.,21.160466336602));
#4145 = CARTESIAN_POINT('',(144.8242920618,0.,-4.795388589432));
#4146 = CARTESIAN_POINT('',(137.08625063613,700.,21.323012109593));
#4147 = CARTESIAN_POINT('',(148.70448999196,0.,-4.547349891361));
#4148 = CARTESIAN_POINT('',(139.61203985482,700.,21.484471262111));
#4149 = CARTESIAN_POINT('',(152.51864584862,0.,-4.301749321434));
#4150 = CARTESIAN_POINT('',(142.09483942189,700.,21.644343331214));
#4151 = CARTESIAN_POINT('',(156.26067188617,0.,-4.059212330141));
#4152 = CARTESIAN_POINT('',(144.53068655954,700.,21.802221184038));
#4153 = CARTESIAN_POINT('',(159.92460088696,0.,-3.820409336906));
#4154 = CARTESIAN_POINT('',(146.91569694685,700.,21.957668415483));
#4155 = CARTESIAN_POINT('',(163.50455715073,0.,-3.58584703368));
#4156 = CARTESIAN_POINT('',(149.24604583553,700.,22.110355197771));
#4157 = CARTESIAN_POINT('',(166.99479399138,0.,-3.356018754488));
#4158 = CARTESIAN_POINT('',(151.51799245822,700.,22.259960398377));
#4159 = CARTESIAN_POINT('',(170.3896986482,0.,-3.131476981389));
#4160 = CARTESIAN_POINT('',(153.72788322539,700.,22.406124382753));
#4161 = CARTESIAN_POINT('',(173.68379586648,0.,-2.912580987841));
#4162 = CARTESIAN_POINT('',(155.87215405616,700.,22.548613284214));
#4163 = CARTESIAN_POINT('',(176.87175840954,0.,-2.699763546952));
#4164 = CARTESIAN_POINT('',(157.94733722098,700.,22.687145391962));
#4165 = CARTESIAN_POINT('',(179.94842316518,0.,-2.49346642355));
#4166 = CARTESIAN_POINT('',(159.95007182607,700.,22.821433142101));
#4167 = CARTESIAN_POINT('',(182.90879851984,0.,-2.29403294586));
#4168 = CARTESIAN_POINT('',(161.87710861354,700.,22.95125304739));
#4169 = CARTESIAN_POINT('',(185.74807121611,0.,-2.101818114829));
#4170 = CARTESIAN_POINT('',(163.72531442526,700.,23.076374022306));
#4171 = CARTESIAN_POINT('',(188.46160743726,0.,-1.917217739476));
#4172 = CARTESIAN_POINT('',(165.49167290884,700.,23.196538417583));
#4173 = CARTESIAN_POINT('',(191.04496086009,0.,-1.74057885772));
#4174 = CARTESIAN_POINT('',(167.17328975955,700.,23.311520331179));
#4175 = CARTESIAN_POINT('',(193.49390703048,0.,-1.57227542642));
#4176 = CARTESIAN_POINT('',(168.76741509688,700.,23.421076338346));
#4177 = CARTESIAN_POINT('',(195.80442196064,0.,-1.412623596867));
#4178 = CARTESIAN_POINT('',(170.27142953255,700.,23.525000642489));
#4179 = CARTESIAN_POINT('',(197.97270739286,0.,-1.262029326165));
#4180 = CARTESIAN_POINT('',(171.68286061578,700.,23.623028988512));
#4181 = CARTESIAN_POINT('',(199.99517903635,0.,-1.120823498965));
#4182 = CARTESIAN_POINT('',(172.99937517617,700.,23.714945989237));
#4183 = CARTESIAN_POINT('',(201.86849121215,0.,-0.989317347286));
#4184 = CARTESIAN_POINT('',(174.21879536607,700.,23.800549050235));
#4185 = CARTESIAN_POINT('',(203.58955029204,0.,-0.867958207969));
#4186 = CARTESIAN_POINT('',(175.33910740864,700.,23.879546980546));
#4187 = CARTESIAN_POINT('',(205.15547523064,0.,-0.756939777858));
#4188 = CARTESIAN_POINT('',(176.35843590642,700.,23.951813694486));
#4189 = CARTESIAN_POINT('',(206.56368669361,0.,-0.656688290925));
#4190 = CARTESIAN_POINT('',(177.27510185873,700.,24.017071737867));
#4191 = CARTESIAN_POINT('',(207.81180256481,0.,-0.567442476684));
#4192 = CARTESIAN_POINT('',(178.08755464281,700.,24.075165711288));
#4193 = CARTESIAN_POINT('',(208.89780733855,0.,-0.489507806459));
#4194 = CARTESIAN_POINT('',(178.79448227854,700.,24.125896770207));
#4195 = CARTESIAN_POINT('',(209.81971522227,0.,-0.423050023367));
#4196 = CARTESIAN_POINT('',(179.39459212738,700.,24.169157025239));
#4197 = CARTESIAN_POINT('',(210.57646011157,0.,-0.368661154783));
#4198 = CARTESIAN_POINT('',(179.8871902157,700.,24.204561100072));
#4199 = CARTESIAN_POINT('',(211.16548467308,0.,-0.325292983497));
#4200 = CARTESIAN_POINT('',(180.27061186423,700.,24.232791324777));
#4201 = CARTESIAN_POINT('',(211.5889306559,0.,-0.296221049837));
#4202 = CARTESIAN_POINT('',(180.54625123041,700.,24.251715508009));
#4203 = CARTESIAN_POINT('',(211.83969218993,0.,-0.275147446964));
#4204 = CARTESIAN_POINT('',(180.70948279501,700.,24.265433230633));
#4205 = CARTESIAN_POINT('',(212.13716124272,0.,-0.261136414139));
#4206 = CARTESIAN_POINT('',(180.9031183105,700.,24.274553619925));
#4207 = CARTESIAN_POINT('',(212.25038935122,0.,-0.154149628907));
#4208 = CARTESIAN_POINT('',(180.9768234,700.,24.344195961256));
#4209 = CARTESIAN_POINT('',(212.0177656,0.,0.2665264));
#4210 = CARTESIAN_POINT('',(180.82539850533,700.,24.618032244223));
#4211 = ADVANCED_FACE('',(#4212),#4517,.F.);
#4212 = FACE_BOUND('',#4213,.F.);
#4213 = EDGE_LOOP('',(#4214,#4347,#4348,#4488));
#4214 = ORIENTED_EDGE('',*,*,#4215,.F.);
#4215 = EDGE_CURVE('',#3584,#4216,#4218,.T.);
#4216 = VERTEX_POINT('',#4217);
#4217 = CARTESIAN_POINT('',(160.65317441519,140.,1.553594262829));
#4218 = B_SPLINE_CURVE_WITH_KNOTS('',8,(#4219,#4220,#4221,#4222,#4223,
    #4224,#4225,#4226,#4227,#4228,#4229,#4230,#4231,#4232,#4233,#4234,
    #4235,#4236,#4237,#4238,#4239,#4240,#4241,#4242,#4243,#4244,#4245,
    #4246,#4247,#4248,#4249,#4250,#4251,#4252,#4253,#4254,#4255,#4256,
    #4257,#4258,#4259,#4260,#4261,#4262,#4263,#4264,#4265,#4266,#4267,
    #4268,#4269,#4270,#4271,#4272,#4273,#4274,#4275,#4276,#4277,#4278,
    #4279,#4280,#4281,#4282,#4283,#4284,#4285,#4286,#4287,#4288,#4289,
    #4290,#4291,#4292,#4293,#4294,#4295,#4296,#4297,#4298,#4299,#4300,
    #4301,#4302,#4303,#4304,#4305,#4306,#4307,#4308,#4309,#4310,#4311,
    #4312,#4313,#4314,#4315,#4316,#4317,#4318,#4319,#4320,#4321,#4322,
    #4323,#4324,#4325,#4326,#4327,#4328,#4329,#4330,#4331,#4332,#4333,
    #4334,#4335,#4336,#4337,#4338,#4339,#4340,#4341,#4342,#4343,#4344,
    #4345,#4346),.UNSPECIFIED.,.F.,.F.,(9,7,7,7,7,7,7,7,7,7,7,7,7,7,7,7,
    7,7,9),(0.,5.367269179279E-03,2.649294150646E-02,6.591429177156E-02,
    0.105335624427,0.137589446932,0.198513333954,0.241518430768,
    0.309609834096,0.381284995488,0.463711431131,0.524635318429,
    0.571224173484,0.642899335372,0.714574497757,0.786249661096,
    0.840006034525,0.918848718596,1.),.UNSPECIFIED.);
#4219 = CARTESIAN_POINT('',(205.77929218106,140.,5.136827568845));
#4220 = CARTESIAN_POINT('',(205.81178451138,140.,5.078068545239));
#4221 = CARTESIAN_POINT('',(205.84558054422,140.,5.01432164347));
#4222 = CARTESIAN_POINT('',(205.87668553402,140.,4.948122121501));
#4223 = CARTESIAN_POINT('',(205.90135146499,140.,4.882259549436));
#4224 = CARTESIAN_POINT('',(205.91607705115,140.,4.819777809521));
#4225 = CARTESIAN_POINT('',(205.91760773632,140.,4.763975096142));
#4226 = CARTESIAN_POINT('',(205.9029356941,140.,4.718403915824));
#4227 = CARTESIAN_POINT('',(205.73690842652,140.,4.562757281496));
#4228 = CARTESIAN_POINT('',(205.3311848901,140.,4.706135757523));
#4229 = CARTESIAN_POINT('',(205.121939122,140.,4.549517757735));
#4230 = CARTESIAN_POINT('',(204.86393941939,140.,4.545741074264));
#4231 = CARTESIAN_POINT('',(204.56742580692,140.,4.61079489649));
#4232 = CARTESIAN_POINT('',(204.36053333118,140.,4.518126222152));
#4233 = CARTESIAN_POINT('',(204.13103149956,140.,4.523885251744));
#4234 = CARTESIAN_POINT('',(203.28198017375,140.,4.462786821644));
#4235 = CARTESIAN_POINT('',(202.72930279112,140.,4.422887174555));
#4236 = CARTESIAN_POINT('',(202.1765244579,140.,4.383197117272));
#4237 = CARTESIAN_POINT('',(201.62370823178,140.,4.343644400813));
#4238 = CARTESIAN_POINT('',(201.07093408075,140.,4.304123038622));
#4239 = CARTESIAN_POINT('',(200.51818216834,140.,4.264651963443));
#4240 = CARTESIAN_POINT('',(199.96537501281,140.,4.225324957036));
#4241 = CARTESIAN_POINT('',(198.85978227488,140.,4.146778765958));
#4242 = CARTESIAN_POINT('',(198.30698120465,140.,4.107581747611));
#4243 = CARTESIAN_POINT('',(197.75417558701,140.,4.068453284076));
#4244 = CARTESIAN_POINT('',(197.20136108151,140.,4.029442454675));
#4245 = CARTESIAN_POINT('',(196.64854090769,140.,3.990509181587));
#4246 = CARTESIAN_POINT('',(196.09571854754,140.,3.951611639569));
#4247 = CARTESIAN_POINT('',(195.54289036048,140.,3.912794703006));
#4248 = CARTESIAN_POINT('',(194.53773963361,140.,3.842344888838));
#4249 = CARTESIAN_POINT('',(194.08541834717,140.,3.810691261679));
#4250 = CARTESIAN_POINT('',(193.63309367095,140.,3.77908602105));
#4251 = CARTESIAN_POINT('',(193.18076571696,140.,3.747527667613));
#4252 = CARTESIAN_POINT('',(192.72843463554,140.,3.716014172602));
#4253 = CARTESIAN_POINT('',(192.27610057369,140.,3.684543542411));
#4254 = CARTESIAN_POINT('',(191.82376363332,140.,3.653114383174));
#4255 = CARTESIAN_POINT('',(190.51700419928,140.,3.562438176093));
#4256 = CARTESIAN_POINT('',(189.66257441078,140.,3.503296293302));
#4257 = CARTESIAN_POINT('',(188.80813539422,140.,3.444287667681));
#4258 = CARTESIAN_POINT('',(187.95368638944,140.,3.385424014702));
#4259 = CARTESIAN_POINT('',(187.09922677854,140.,3.326714360051));
#4260 = CARTESIAN_POINT('',(186.24475988125,140.,3.268110996881));
#4261 = CARTESIAN_POINT('',(185.39028421906,140.,3.209635657704));
#4262 = CARTESIAN_POINT('',(183.93263555806,140.,3.110084375712));
#4263 = CARTESIAN_POINT('',(183.32946655692,140.,3.06894986552));
#4264 = CARTESIAN_POINT('',(182.72629360322,140.,3.027873328504));
#4265 = CARTESIAN_POINT('',(182.12311682243,140.,2.986853012455));
#4266 = CARTESIAN_POINT('',(181.51993635128,140.,2.945886996863));
#4267 = CARTESIAN_POINT('',(180.91675230815,140.,2.904973626202));
#4268 = CARTESIAN_POINT('',(180.31356476342,140.,2.864111943218));
#4269 = CARTESIAN_POINT('',(178.75532120795,140.,2.758686572268));
#4270 = CARTESIAN_POINT('',(177.80025998067,140.,2.69420000031));
#4271 = CARTESIAN_POINT('',(176.84519004742,140.,2.629842421762));
#4272 = CARTESIAN_POINT('',(175.89011213978,140.,2.56560326411));
#4273 = CARTESIAN_POINT('',(174.93502638623,140.,2.501480901034));
#4274 = CARTESIAN_POINT('',(173.9799330034,140.,2.437472321075));
#4275 = CARTESIAN_POINT('',(173.0248328392,140.,2.373565061465));
#4276 = CARTESIAN_POINT('',(171.06434958542,140.,2.242604039184));
#4277 = CARTESIAN_POINT('',(170.0589657993,140.,2.175560668601));
#4278 = CARTESIAN_POINT('',(169.05357410401,140.,2.108635958711));
#4279 = CARTESIAN_POINT('',(168.04817487797,140.,2.041824410429));
#4280 = CARTESIAN_POINT('',(167.04276789188,140.,1.975129771524));
#4281 = CARTESIAN_POINT('',(166.03735308083,140.,1.908553271286));
#4282 = CARTESIAN_POINT('',(165.03193120245,140.,1.842083609141));
#4283 = CARTESIAN_POINT('',(162.87025918684,140.,1.699400763821));
#4284 = CARTESIAN_POINT('',(161.71400684951,140.,1.623220879384));
#4285 = CARTESIAN_POINT('',(160.55774521992,140.,1.547182121718));
#4286 = CARTESIAN_POINT('',(159.40147325026,140.,1.471300640795));
#4287 = CARTESIAN_POINT('',(158.24519110831,140.,1.395574272063));
#4288 = CARTESIAN_POINT('',(157.08889916703,140.,1.319997783723));
#4289 = CARTESIAN_POINT('',(155.93259683174,140.,1.244580558276));
#4290 = CARTESIAN_POINT('',(153.92161832318,140.,1.113695606137));
#4291 = CARTESIAN_POINT('',(153.06694681045,140.,1.058156227317));
#4292 = CARTESIAN_POINT('',(152.21226966048,140.,1.002703611678));
#4293 = CARTESIAN_POINT('',(151.35758652747,140.,0.947343262804));
#4294 = CARTESIAN_POINT('',(150.50289705665,140.,0.892080834983));
#4295 = CARTESIAN_POINT('',(149.64820104173,140.,0.836919716151));
#4296 = CARTESIAN_POINT('',(148.79349839416,140.,0.781861509365));
#4297 = CARTESIAN_POINT('',(147.28518756403,140.,0.684887221252));
#4298 = CARTESIAN_POINT('',(146.63158221974,140.,0.64292698677));
#4299 = CARTESIAN_POINT('',(145.97797282868,140.,0.601029791875));
#4300 = CARTESIAN_POINT('',(145.32435927019,140.,0.559197637396));
#4301 = CARTESIAN_POINT('',(144.67074139044,140.,0.51743305322));
#4302 = CARTESIAN_POINT('',(144.01711902734,140.,0.475738709032));
#4303 = CARTESIAN_POINT('',(143.36349203541,140.,0.434117025067));
#4304 = CARTESIAN_POINT('',(141.70427303801,140.,0.328650948432));
#4305 = CARTESIAN_POINT('',(140.69867460375,140.,0.264907690476));
#4306 = CARTESIAN_POINT('',(139.69306428581,140.,0.201352136774));
#4307 = CARTESIAN_POINT('',(138.68744236863,140.,0.137979892558));
#4308 = CARTESIAN_POINT('',(137.68180794234,140.,7.480644329887E-02));
#4309 = CARTESIAN_POINT('',(136.67615978399,140.,1.185230212445E-02));
#4310 = CARTESIAN_POINT('',(135.6704975395,140.,-5.087650443862E-02));
#4311 = CARTESIAN_POINT('',(133.65914330336,140.,-0.175855533516));
#4312 = CARTESIAN_POINT('',(132.6534513344,140.,-0.238106034824));
#4313 = CARTESIAN_POINT('',(131.64774385188,140.,-0.300105810932));
#4314 = CARTESIAN_POINT('',(130.64202029984,140.,-0.361844923766));
#4315 = CARTESIAN_POINT('',(129.63627982766,140.,-0.423307807062));
#4316 = CARTESIAN_POINT('',(128.63052163444,140.,-0.484479725236));
#4317 = CARTESIAN_POINT('',(127.62474518435,140.,-0.54535072788));
#4318 = CARTESIAN_POINT('',(125.61315363089,140.,-0.666450742508));
#4319 = CARTESIAN_POINT('',(124.60733854345,140.,-0.726679914924));
#4320 = CARTESIAN_POINT('',(123.60150340573,140.,-0.786574524416));
#4321 = CARTESIAN_POINT('',(122.59564727463,140.,-0.846116106645));
#4322 = CARTESIAN_POINT('',(121.58976915711,140.,-0.905285091967));
#4323 = CARTESIAN_POINT('',(120.58386809478,140.,-0.964062576932));
#4324 = CARTESIAN_POINT('',(119.57794318613,140.,-1.022430235884));
#4325 = CARTESIAN_POINT('',(117.81753130386,140.,-1.123821975984));
#4326 = CARTESIAN_POINT('',(117.06305513991,140.,-1.16703381286));
#4327 = CARTESIAN_POINT('',(116.30856471874,140.,-1.209996723351));
#4328 = CARTESIAN_POINT('',(115.55405964298,140.,-1.252702017859));
#4329 = CARTESIAN_POINT('',(114.79953947826,140.,-1.295140023204));
#4330 = CARTESIAN_POINT('',(114.04500377772,140.,-1.33730062869));
#4331 = CARTESIAN_POINT('',(113.2904521065,140.,-1.379173832178));
#4332 = CARTESIAN_POINT('',(111.42918423107,140.,-1.481729087685));
#4333 = CARTESIAN_POINT('',(110.32244912598,140.,-1.542068371976));
#4334 = CARTESIAN_POINT('',(109.21567741814,140.,-1.601732846629));
#4335 = CARTESIAN_POINT('',(108.10886733912,140.,-1.660687152575));
#4336 = CARTESIAN_POINT('',(107.00201760425,140.,-1.718893400065));
#4337 = CARTESIAN_POINT('',(105.89512738613,140.,-1.776320689423));
#4338 = CARTESIAN_POINT('',(104.78819576588,140.,-1.832944353815));
#4339 = CARTESIAN_POINT('',(102.54183301383,140.,-1.946113923844));
#4340 = CARTESIAN_POINT('',(101.40239936058,140.,-2.002610005926));
#4341 = CARTESIAN_POINT('',(100.26291856748,140.,-2.058154872766));
#4342 = CARTESIAN_POINT('',(99.123389235434,140.,-2.112700619821));
#4343 = CARTESIAN_POINT('',(97.983810130384,140.,-2.166198401433));
#4344 = CARTESIAN_POINT('',(96.844180188977,140.,-2.21859935952));
#4345 = CARTESIAN_POINT('',(95.704498524248,140.,-2.269855552255));
#4346 = CARTESIAN_POINT('',(94.564764431314,140.,-2.319920882759));
#4347 = ORIENTED_EDGE('',*,*,#3583,.T.);
#4348 = ORIENTED_EDGE('',*,*,#4349,.T.);
#4349 = EDGE_CURVE('',#3586,#4350,#4352,.T.);
#4350 = VERTEX_POINT('',#4351);
#4351 = CARTESIAN_POINT('',(153.49655512575,490.,14.399864316393));
#4352 = B_SPLINE_CURVE_WITH_KNOTS('',8,(#4353,#4354,#4355,#4356,#4357,
    #4358,#4359,#4360,#4361,#4362,#4363,#4364,#4365,#4366,#4367,#4368,
    #4369,#4370,#4371,#4372,#4373,#4374,#4375,#4376,#4377,#4378,#4379,
    #4380,#4381,#4382,#4383,#4384,#4385,#4386,#4387,#4388,#4389,#4390,
    #4391,#4392,#4393,#4394,#4395,#4396,#4397,#4398,#4399,#4400,#4401,
    #4402,#4403,#4404,#4405,#4406,#4407,#4408,#4409,#4410,#4411,#4412,
    #4413,#4414,#4415,#4416,#4417,#4418,#4419,#4420,#4421,#4422,#4423,
    #4424,#4425,#4426,#4427,#4428,#4429,#4430,#4431,#4432,#4433,#4434,
    #4435,#4436,#4437,#4438,#4439,#4440,#4441,#4442,#4443,#4444,#4445,
    #4446,#4447,#4448,#4449,#4450,#4451,#4452,#4453,#4454,#4455,#4456,
    #4457,#4458,#4459,#4460,#4461,#4462,#4463,#4464,#4465,#4466,#4467,
    #4468,#4469,#4470,#4471,#4472,#4473,#4474,#4475,#4476,#4477,#4478,
    #4479,#4480,#4481,#4482,#4483,#4484,#4485,#4486,#4487),
  .UNSPECIFIED.,.F.,.F.,(9,7,7,7,7,7,7,7,7,7,7,7,7,7,7,7,7,7,7,9),(0.,
    4.278764192519E-03,2.267794573031E-02,5.80519275265E-02,
    9.342588980268E-02,0.122368222764,0.177037073962,0.257432443384,
    0.341043627324,0.415007366937,0.469676218016,0.553287402268,
    0.640114402159,0.704430699117,0.752667922486,0.829847482626,
    0.907027047363,0.929537756561,0.964911730669,1.),.UNSPECIFIED.);
#4353 = CARTESIAN_POINT('',(190.18310863373,490.,17.312580490956));
#4354 = CARTESIAN_POINT('',(190.21096017203,490.,17.262213860422));
#4355 = CARTESIAN_POINT('',(190.23981050005,490.,17.207399551883));
#4356 = CARTESIAN_POINT('',(190.2655705307,490.,17.151458166191));
#4357 = CARTESIAN_POINT('',(190.28488446632,490.,17.097367186805));
#4358 = CARTESIAN_POINT('',(190.2951297987,490.,17.047760979795));
#4359 = CARTESIAN_POINT('',(190.2944173091,490.,17.004930793835));
#4360 = CARTESIAN_POINT('',(190.28159106818,490.,16.970824760211));
#4361 = CARTESIAN_POINT('',(190.14716618084,490.,16.844804609489));
#4362 = CARTESIAN_POINT('',(189.80966309988,490.,16.964964559288));
#4363 = CARTESIAN_POINT('',(189.66008719625,490.,16.834085279069));
#4364 = CARTESIAN_POINT('',(189.44636421213,490.,16.832080402003));
#4365 = CARTESIAN_POINT('',(189.19470641509,490.,16.887226844041));
#4366 = CARTESIAN_POINT('',(189.03451029835,490.,16.809141985083));
#4367 = CARTESIAN_POINT('',(188.83703133352,490.,16.814133480431));
#4368 = CARTESIAN_POINT('',(188.15435235598,490.,16.76500734103));
#4369 = CARTESIAN_POINT('',(187.70538332276,490.,16.732594747045));
#4370 = CARTESIAN_POINT('',(187.25631927943,490.,16.700351483394));
#4371 = CARTESIAN_POINT('',(186.80722021497,490.,16.668219486779));
#4372 = CARTESIAN_POINT('',(186.35816204271,490.,16.636113443942));
#4373 = CARTESIAN_POINT('',(185.90912584482,490.,16.60404853396));
#4374 = CARTESIAN_POINT('',(185.46003796133,490.,16.572100172217));
#4375 = CARTESIAN_POINT('',(184.56188413365,490.,16.508291357501));
#4376 = CARTESIAN_POINT('',(184.11280331042,490.,16.476448746789));
#4377 = CARTESIAN_POINT('',(183.66371879102,490.,16.444661828043));
#4378 = CARTESIAN_POINT('',(183.2146270122,490.,16.412970469394));
#4379 = CARTESIAN_POINT('',(182.76553068578,490.,16.381342119466));
#4380 = CARTESIAN_POINT('',(182.31643269768,490.,16.349742804544));
#4381 = CARTESIAN_POINT('',(181.86732993657,490.,16.318208968513));
#4382 = CARTESIAN_POINT('',(181.05077233602,490.,16.260977421365));
#4383 = CARTESIAN_POINT('',(180.68331863429,490.,16.235262862219));
#4384 = CARTESIAN_POINT('',(180.31586217807,490.,16.209587610945));
#4385 = CARTESIAN_POINT('',(179.94840305861,490.,16.183950449537));
#4386 = CARTESIAN_POINT('',(179.58094139852,490.,16.158349729915));
#4387 = CARTESIAN_POINT('',(179.21347731761,490.,16.132783832552));
#4388 = CARTESIAN_POINT('',(178.84601089871,490.,16.107251625114));
#4389 = CARTESIAN_POINT('',(177.7844345229,490.,16.03358870233));
#4390 = CARTESIAN_POINT('',(177.09031859272,490.,15.985544105966));
#4391 = CARTESIAN_POINT('',(176.3961954127,490.,15.937604198126));
#4392 = CARTESIAN_POINT('',(175.70206355245,490.,15.889790209775));
#4393 = CARTESIAN_POINT('',(175.0079238094,490.,15.842090791028));
#4394 = CARTESIAN_POINT('',(174.3137775795,490.,15.794485868149));
#4395 = CARTESIAN_POINT('',(173.61962447846,490.,15.746981382648));
#4396 = CARTESIAN_POINT('',(171.90464174617,490.,15.62985526429));
#4397 = CARTESIAN_POINT('',(170.88380457402,490.,15.560344033695));
#4398 = CARTESIAN_POINT('',(169.86295303073,490.,15.491044014194));
#4399 = CARTESIAN_POINT('',(168.84209123237,490.,15.421895168985));
#4400 = CARTESIAN_POINT('',(167.82121504476,490.,15.352959229272));
#4401 = CARTESIAN_POINT('',(166.80032786289,490.,15.284186309474));
#4402 = CARTESIAN_POINT('',(165.77942945794,490.,15.215580429509));
#4403 = CARTESIAN_POINT('',(163.696775452,490.,15.075941471107));
#4404 = CARTESIAN_POINT('',(162.63501886292,490.,15.004923133625));
#4405 = CARTESIAN_POINT('',(161.57325262394,490.,14.934049116991));
#4406 = CARTESIAN_POINT('',(160.51147428396,490.,14.863356622765));
#4407 = CARTESIAN_POINT('',(159.44968685019,490.,14.792800701302));
#4408 = CARTESIAN_POINT('',(158.38788756354,490.,14.722423650468));
#4409 = CARTESIAN_POINT('',(157.32607862184,490.,14.652192443238));
#4410 = CARTESIAN_POINT('',(155.32495911206,490.,14.520106991135));
#4411 = CARTESIAN_POINT('',(154.38565067178,490.,14.458220492726));
#4412 = CARTESIAN_POINT('',(153.4463346829,490.,14.39644864195));
#4413 = CARTESIAN_POINT('',(152.50701029348,490.,14.33480455854));
#4414 = CARTESIAN_POINT('',(151.5676776404,490.,14.273286484125));
#4415 = CARTESIAN_POINT('',(150.62833702718,490.,14.211890168575));
#4416 = CARTESIAN_POINT('',(149.68898796987,490.,14.150623233908));
#4417 = CARTESIAN_POINT('',(148.05532287295,490.,14.044295803201));
#4418 = CARTESIAN_POINT('',(147.36101061971,490.,13.999177098906));
#4419 = CARTESIAN_POINT('',(146.66669378701,490.,13.954128878702));
#4420 = CARTESIAN_POINT('',(145.97237209386,490.,13.909155613548));
#4421 = CARTESIAN_POINT('',(145.27804525198,490.,13.864261896831));
#4422 = CARTESIAN_POINT('',(144.58371309376,490.,13.819450480819));
#4423 = CARTESIAN_POINT('',(143.8893755473,490.,13.774722667795));
#4424 = CARTESIAN_POINT('',(142.13309596673,490.,13.661805649199));
#4425 = CARTESIAN_POINT('',(141.07114653247,490.,13.593731508033));
#4426 = CARTESIAN_POINT('',(140.00918371617,490.,13.525866271299));
#4427 = CARTESIAN_POINT('',(138.94720653469,490.,13.458225920905));
#4428 = CARTESIAN_POINT('',(137.88521306791,490.,13.390841479866));
#4429 = CARTESIAN_POINT('',(136.82320415979,490.,13.323701060229));
#4430 = CARTESIAN_POINT('',(135.76117841307,490.,13.256827571204));
#4431 = CARTESIAN_POINT('',(133.59624224109,490.,13.121107227926));
#4432 = CARTESIAN_POINT('',(132.49333044199,490.,13.052282454434));
#4433 = CARTESIAN_POINT('',(131.3903973603,490.,12.983797863532));
#4434 = CARTESIAN_POINT('',(130.28744138397,490.,12.915684554537));
#4435 = CARTESIAN_POINT('',(129.18446232357,490.,12.847942580914));
#4436 = CARTESIAN_POINT('',(128.08145725819,490.,12.780628092285));
#4437 = CARTESIAN_POINT('',(126.97842577338,490.,12.713747203691));
#4438 = CARTESIAN_POINT('',(125.05828411324,490.,12.598152572798));
#4439 = CARTESIAN_POINT('',(124.24118686925,490.,12.549224005902));
#4440 = CARTESIAN_POINT('',(123.42407333357,490.,12.500567228768));
#4441 = CARTESIAN_POINT('',(122.60694274363,490.,12.45219724154));
#4442 = CARTESIAN_POINT('',(121.78979429461,490.,12.404129942186));
#4443 = CARTESIAN_POINT('',(120.97262720521,490.,12.356380687205));
#4444 = CARTESIAN_POINT('',(120.15544073955,490.,12.30896436366));
#4445 = CARTESIAN_POINT('',(118.72532926116,490.,12.226596428752));
#4446 = CARTESIAN_POINT('',(118.11241302837,490.,12.191492289567));
#4447 = CARTESIAN_POINT('',(117.49948521204,490.,12.156590371435));
#4448 = CARTESIAN_POINT('',(116.88654548951,490.,12.121897733561));
#4449 = CARTESIAN_POINT('',(116.27359350896,490.,12.087422234239));
#4450 = CARTESIAN_POINT('',(115.6606289083,490.,12.053172087178));
#4451 = CARTESIAN_POINT('',(115.04765133388,490.,12.019155417828));
#4452 = CARTESIAN_POINT('',(113.453875025,490.,11.931338860772));
#4453 = CARTESIAN_POINT('',(112.47305550129,490.,11.87791563397));
#4454 = CARTESIAN_POINT('',(111.49220041724,490.,11.825151330285));
#4455 = CARTESIAN_POINT('',(110.51130812982,490.,11.773069932808));
#4456 = CARTESIAN_POINT('',(109.5303767427,490.,11.721739158973));
#4457 = CARTESIAN_POINT('',(108.54940649638,490.,11.671151725882));
#4458 = CARTESIAN_POINT('',(107.56839533655,490.,11.621367832074));
#4459 = CARTESIAN_POINT('',(105.60628828643,490.,11.523497975732));
#4460 = CARTESIAN_POINT('',(104.62519245373,490.,11.475411542823));
#4461 = CARTESIAN_POINT('',(103.6440526102,490.,11.428219515982));
#4462 = CARTESIAN_POINT('',(102.66286801731,490.,11.381966192726));
#4463 = CARTESIAN_POINT('',(101.68163725507,490.,11.33670220462));
#4464 = CARTESIAN_POINT('',(100.70035913612,490.,11.292475018463));
#4465 = CARTESIAN_POINT('',(99.719033520781,490.,11.249323762106));
#4466 = CARTESIAN_POINT('',(98.451425174092,490.,11.195043254092));
#4467 = CARTESIAN_POINT('',(98.16518685834,490.,11.182882655316));
#4468 = CARTESIAN_POINT('',(97.87894435754,490.,11.1708205964));
#4469 = CARTESIAN_POINT('',(97.592697631876,490.,11.158859325887));
#4470 = CARTESIAN_POINT('',(97.306446641532,490.,11.147001092319));
#4471 = CARTESIAN_POINT('',(97.020191346691,490.,11.135248144239));
#4472 = CARTESIAN_POINT('',(96.733931707537,490.,11.123602730189));
#4473 = CARTESIAN_POINT('',(95.997824187151,490.,11.093939676534));
#4474 = CARTESIAN_POINT('',(95.547970237654,490.,11.076075062353));
#4475 = CARTESIAN_POINT('',(95.098103720055,490.,11.058533073826));
#4476 = CARTESIAN_POINT('',(94.648227957904,490.,11.041227096581));
#4477 = CARTESIAN_POINT('',(94.198344688602,490.,11.024114176951));
#4478 = CARTESIAN_POINT('',(93.748454723261,490.,11.007176296418));
#4479 = CARTESIAN_POINT('',(93.298560241465,490.,10.990357845443));
#4480 = CARTESIAN_POINT('',(92.402398784762,490.,10.957025934826));
#4481 = CARTESIAN_POINT('',(91.956132081311,490.,10.940504340609));
#4482 = CARTESIAN_POINT('',(91.509862720714,490.,10.924056466558));
#4483 = CARTESIAN_POINT('',(91.063589562086,490.,10.907712218698));
#4484 = CARTESIAN_POINT('',(90.61731242216,490.,10.891477840848));
#4485 = CARTESIAN_POINT('',(90.171031163869,490.,10.875358189038));
#4486 = CARTESIAN_POINT('',(89.724744724527,490.,10.859381055313));
#4487 = CARTESIAN_POINT('',(89.278453193685,490.,10.843546682563));
#4488 = ORIENTED_EDGE('',*,*,#4489,.T.);
#4489 = EDGE_CURVE('',#4350,#4216,#4490,.T.);
#4490 = B_SPLINE_CURVE_WITH_KNOTS('',4,(#4491,#4492,#4493,#4494,#4495,
    #4496,#4497,#4498,#4499,#4500,#4501,#4502,#4503,#4504,#4505,#4506,
    #4507,#4508,#4509,#4510,#4511,#4512,#4513,#4514,#4515,#4516),
  .UNSPECIFIED.,.F.,.F.,(5,3,3,3,3,3,3,3,5),(0.,0.125068800283,
    0.25002880046,0.374988800549,0.499948800561,0.625348800504,
    0.750308800388,0.875268800218,1.),.UNSPECIFIED.);
#4491 = CARTESIAN_POINT('',(153.49654656207,490.00042,14.399879697262));
#4492 = CARTESIAN_POINT('',(153.72031454702,479.05687374018,
    13.998211836472));
#4493 = CARTESIAN_POINT('',(153.94408253193,468.11332747695,
    13.596543975728));
#4494 = CARTESIAN_POINT('',(154.16785051678,457.16978121054,
    13.194876115034));
#4495 = CARTESIAN_POINT('',(154.61519182568,435.29220870381,
    12.391889813466));
#4496 = CARTESIAN_POINT('',(154.83876514973,424.3581824635,
    11.990571372593));
#4497 = CARTESIAN_POINT('',(155.06233847373,413.42415622042,
    11.589252931771));
#4498 = CARTESIAN_POINT('',(155.50948512147,391.55610373687,
    10.786616050512));
#4499 = CARTESIAN_POINT('',(155.73305844522,380.62207749641,
    10.385297610077));
#4500 = CARTESIAN_POINT('',(155.95663176891,369.68805125351,
    9.983979169692));
#4501 = CARTESIAN_POINT('',(156.40377841607,347.81999877002,
    9.181342289276));
#4502 = CARTESIAN_POINT('',(156.62735173953,336.8859725294,
    8.780023849244));
#4503 = CARTESIAN_POINT('',(156.85092506294,325.95194628668,
    8.378705409264));
#4504 = CARTESIAN_POINT('',(157.29885893956,304.04539371085,
    7.574655436527));
#4505 = CARTESIAN_POINT('',(157.52321949277,293.07286737772,
    7.171923903771));
#4506 = CARTESIAN_POINT('',(157.74758004593,282.10034104273,
    6.769192371067));
#4507 = CARTESIAN_POINT('',(158.19551392205,260.19378846689,
    5.965142399052));
#4508 = CARTESIAN_POINT('',(158.419087245,249.25976222606,5.56382395974)
  );
#4509 = CARTESIAN_POINT('',(158.64266056791,238.32573598359,
    5.162505520479));
#4510 = CARTESIAN_POINT('',(159.08980721355,216.45768350021,
    4.359868642227));
#4511 = CARTESIAN_POINT('',(159.31338053628,205.52365725929,
    3.958550203237));
#4512 = CARTESIAN_POINT('',(159.53695385897,194.58963101692,
    3.557231764296));
#4513 = CARTESIAN_POINT('',(159.98369114457,172.74159858185,
    2.755329695081));
#4514 = CARTESIAN_POINT('',(160.20685510748,161.82759238915,
    2.354746064806));
#4515 = CARTESIAN_POINT('',(160.43001907034,150.91358619518,
    1.95416243458));
#4516 = CARTESIAN_POINT('',(160.65318303317,139.99958,1.553578804402));
#4517 = B_SPLINE_SURFACE_WITH_KNOTS('',3,1,(
    (#4518,#4519)
    ,(#4520,#4521)
    ,(#4522,#4523)
    ,(#4524,#4525)
    ,(#4526,#4527)
    ,(#4528,#4529)
    ,(#4530,#4531)
    ,(#4532,#4533)
    ,(#4534,#4535)
    ,(#4536,#4537)
    ,(#4538,#4539)
    ,(#4540,#4541)
    ,(#4542,#4543)
    ,(#4544,#4545)
    ,(#4546,#4547)
    ,(#4548,#4549)
    ,(#4550,#4551)
    ,(#4552,#4553)
    ,(#4554,#4555)
    ,(#4556,#4557)
    ,(#4558,#4559)
    ,(#4560,#4561)
    ,(#4562,#4563)
    ,(#4564,#4565)
    ,(#4566,#4567)
    ,(#4568,#4569)
    ,(#4570,#4571)
    ,(#4572,#4573)
    ,(#4574,#4575)
    ,(#4576,#4577)
    ,(#4578,#4579)
    ,(#4580,#4581)
    ,(#4582,#4583)
    ,(#4584,#4585)
    ,(#4586,#4587)
    ,(#4588,#4589)
    ,(#4590,#4591)
    ,(#4592,#4593)
    ,(#4594,#4595)
    ,(#4596,#4597)
    ,(#4598,#4599)
    ,(#4600,#4601)
    ,(#4602,#4603)
    ,(#4604,#4605)
    ,(#4606,#4607)
    ,(#4608,#4609)
    ,(#4610,#4611)
    ,(#4612,#4613)
    ,(#4614,#4615)
    ,(#4616,#4617)
    ,(#4618,#4619)
    ,(#4620,#4621)
    ,(#4622,#4623)
    ,(#4624,#4625)
    ,(#4626,#4627)
    ,(#4628,#4629)
    ,(#4630,#4631)
    ,(#4632,#4633)
    ,(#4634,#4635)
    ,(#4636,#4637)
    ,(#4638,#4639)
    ,(#4640,#4641)
    ,(#4642,#4643)
    ,(#4644,#4645)
    ,(#4646,#4647)
    ,(#4648,#4649)
    ,(#4650,#4651)
    ,(#4652,#4653)
    ,(#4654,#4655)
    ,(#4656,#4657)
    ,(#4658,#4659)
    ,(#4660,#4661)
    ,(#4662,#4663)
    ,(#4664,#4665)
    ,(#4666,#4667)
    ,(#4668,#4669)
    ,(#4670,#4671)
    ,(#4672,#4673)
    ,(#4674,#4675)
    ,(#4676,#4677)
    ,(#4678,#4679)
    ,(#4680,#4681)
    ,(#4682,#4683)
    ,(#4684,#4685)
    ,(#4686,#4687)
    ,(#4688,#4689)
    ,(#4690,#4691)
    ,(#4692,#4693)
    ,(#4694,#4695)
    ,(#4696,#4697)
    ,(#4698,#4699)
    ,(#4700,#4701)
    ,(#4702,#4703)
    ,(#4704,#4705)
    ,(#4706,#4707)
    ,(#4708,#4709)
    ,(#4710,#4711)
    ,(#4712,#4713)
    ,(#4714,#4715)
    ,(#4716,#4717)
    ,(#4718,#4719)
    ,(#4720,#4721)
    ,(#4722,#4723)
    ,(#4724,#4725)
    ,(#4726,#4727)
    ,(#4728,#4729)
    ,(#4730,#4731)
    ,(#4732,#4733)
    ,(#4734,#4735)
    ,(#4736,#4737)
    ,(#4738,#4739)
    ,(#4740,#4741)
    ,(#4742,#4743)
    ,(#4744,#4745)
    ,(#4746,#4747)
    ,(#4748,#4749)
    ,(#4750,#4751)
    ,(#4752,#4753)
    ,(#4754,#4755)
    ,(#4756,#4757)
    ,(#4758,#4759)
    ,(#4760,#4761)
    ,(#4762,#4763)
    ,(#4764,#4765)
    ,(#4766,#4767)
    ,(#4768,#4769)
    ,(#4770,#4771)
    ,(#4772,#4773)
    ,(#4774,#4775)
    ,(#4776,#4777)
    ,(#4778,#4779)
    ,(#4780,#4781)
    ,(#4782,#4783)
    ,(#4784,#4785)
    ,(#4786,#4787)
    ,(#4788,#4789)
    ,(#4790,#4791)
    ,(#4792,#4793)
    ,(#4794,#4795)
    ,(#4796,#4797)
    ,(#4798,#4799)
    ,(#4800,#4801)
    ,(#4802,#4803)
    ,(#4804,#4805)
    ,(#4806,#4807)
    ,(#4808,#4809)
    ,(#4810,#4811)
    ,(#4812,#4813)
    ,(#4814,#4815)
    ,(#4816,#4817)
    ,(#4818,#4819)
    ,(#4820,#4821)
    ,(#4822,#4823)
    ,(#4824,#4825)
    ,(#4826,#4827)
    ,(#4828,#4829)
    ,(#4830,#4831)
    ,(#4832,#4833)
    ,(#4834,#4835)
    ,(#4836,#4837)
    ,(#4838,#4839)
    ,(#4840,#4841
    )),.UNSPECIFIED.,.T.,.F.,.F.,(4,1,1,1,1,1,1,1,1,1,1,1,1,1,1,1,1,1,1,
    1,1,1,1,1,1,1,1,1,1,1,1,1,1,1,1,1,1,1,1,1,1,1,1,1,1,1,1,1,1,1,1,1,1,
    1,1,1,1,1,1,1,1,1,1,1,1,1,1,1,1,1,1,1,1,1,1,1,1,1,1,1,1,1,1,1,1,1,1,
    1,1,1,1,1,1,1,1,1,1,1,1,1,1,1,1,1,1,1,1,1,1,1,1,1,1,1,1,1,1,1,1,1,1,
    1,1,1,1,1,1,1,1,1,1,1,1,1,1,1,1,1,1,1,1,1,1,1,1,1,1,1,1,1,1,1,1,1,1,
    1,1,1,1,4),(2,2),(0.,8.482749724189E-02,0.339143082503,
    0.762546419043,1.354374507621,2.113656195341,3.039146235983,
    4.12937953038,5.382559821407,6.796713838166,8.369521732613,
    10.098492338873,11.980826724527,14.013514093232,16.193295459209,
    18.516697217166,20.979993804114,23.579266797642,26.310350342105,
    29.168903900949,32.150396417577,35.250077580163,38.463023986103,
    41.784149552005,45.208143098465,48.729600795261,52.34292131953,
    56.042401643089,59.82214769812,63.676143592166,67.598324114033,
    71.582433101715,75.622133992308,79.711047470659,83.842636716135,
    88.010390628888,92.207654622475,96.427765208354,100.66402590032,
    104.90972810434,109.15813916464,113.402518059,117.63616288696,
    121.85236445827,126.0445056285,130.22053694062,134.37823467622,
    138.49238441594,142.55655844644,146.56449007601,150.50992137387,
    154.38680988706,158.18918091631,161.91126488352,165.54741704142,
    169.09219361967,172.54030664683,175.88666238469,179.12641106955,
    182.25491804396,185.26773759402,188.16075089851,190.93005963143,
    193.5720538173,196.08350238049,198.46144099781,200.70334070712,
    202.80716892436,204.77129705347,206.59483433892,208.27758621654,
    209.82031756165,211.22505576705,212.49550705552,213.63767835823,
    214.66082717357,215.57869134701,216.41108699479,217.18502972965,
    217.93430174803,218.68356974511,219.45729241875,220.28877285102,
    221.20442744267,222.2233762053,223.35879222995,224.61935498268,
    226.01062042168,227.53580748261,229.19658774864,230.99337067938,
    232.92565971633,234.99232777291,237.19155897737,239.52114918997,
    241.9784943872,244.5606053204,247.26424120187,250.08587366833,
    253.02174873379,256.06787840147,259.22007435001,262.47393302537,
    265.82493020074,269.26831922792,272.79917962665,276.4125066712,
    280.10308816875,283.86557348218,287.69449821388,291.58431071202,
    295.52924607514,299.52352687708,303.56118934683,307.65495271564,
    311.79428390183,315.95823380773,320.14035257436,324.3341403748,
    328.53306550655,332.73057362095,336.92003920832,341.09489950802,
    345.24857240086,349.37449610058,353.46611126816,357.51696885324,
    361.52060111886,365.47066881029,369.36086104034,373.18495369655,
    376.93683348495,380.61049397296,384.20006234393,387.69973051465,
    391.10388068944,394.40702892028,397.60381675597,400.68905493271,
    403.65774879007,406.50507289078,409.22636957165,411.81717294685,
    414.27322861941,416.59053742525,418.76524529002,420.7937548055,
    422.67272229946,424.3990125341,425.96975141629,427.38229141916,
    428.63432928332,429.7236885655,430.64859451942,431.40749140741,
    431.99905300507,432.42231710009,432.67657979745,432.76136978251,
    433.295605455),(0.,1.),.UNSPECIFIED.);
#4518 = CARTESIAN_POINT('',(212.0177656,0.,0.2665264));
#4519 = CARTESIAN_POINT('',(180.82539850533,700.,24.618032244223));
#4520 = CARTESIAN_POINT('',(211.99008593315,0.,0.272302103624));
#4521 = CARTESIAN_POINT('',(180.80738060899,700.,24.621791900356));
#4522 = CARTESIAN_POINT('',(211.87941985879,0.,0.295384590259));
#4523 = CARTESIAN_POINT('',(180.7353432587,700.,24.636817292599));
#4524 = CARTESIAN_POINT('',(211.6305759872,0.,0.347204384623));
#4525 = CARTESIAN_POINT('',(180.5733599838,700.,24.670549045534));
#4526 = CARTESIAN_POINT('',(211.21624851244,0.,0.433320857661));
#4527 = CARTESIAN_POINT('',(180.30365625023,700.,24.726605994965));
#4528 = CARTESIAN_POINT('',(210.63704302742,0.,0.553314615099));
#4529 = CARTESIAN_POINT('',(179.9266262647,700.,24.804715138958));
#4530 = CARTESIAN_POINT('',(209.89381558309,0.,0.706584561398));
#4531 = CARTESIAN_POINT('',(179.44282726791,700.,24.904485198341));
#4532 = CARTESIAN_POINT('',(208.98767742365,0.,0.892439749811));
#4533 = CARTESIAN_POINT('',(178.85298261696,700.,25.025466405893));
#4534 = CARTESIAN_POINT('',(207.91997161314,0.,1.109944964625));
#4535 = CARTESIAN_POINT('',(178.15796657049,700.,25.167049989121));
#4536 = CARTESIAN_POINT('',(206.69229005635,0.,1.358162663213));
#4537 = CARTESIAN_POINT('',(177.35881536843,700.,25.328625660843));
#4538 = CARTESIAN_POINT('',(205.30645819214,0.,1.635862704875));
#4539 = CARTESIAN_POINT('',(176.45671726815,700.,25.509392669095));
#4540 = CARTESIAN_POINT('',(203.76454875522,0.,1.941855716062));
#4541 = CARTESIAN_POINT('',(175.4530215026,700.,25.708576799018));
#4542 = CARTESIAN_POINT('',(202.06886868072,0.,2.274703844558));
#4543 = CARTESIAN_POINT('',(174.349229756,700.,25.925242090209));
#4544 = CARTESIAN_POINT('',(200.22195112602,0.,2.632904166695));
#4545 = CARTESIAN_POINT('',(173.14699097039,700.,26.15841022443));
#4546 = CARTESIAN_POINT('',(198.22659054008,0.,3.014934782844));
#4547 = CARTESIAN_POINT('',(171.84812417388,700.,26.407090531169));
#4548 = CARTESIAN_POINT('',(196.08578242158,0.,3.419103238944));
#4549 = CARTESIAN_POINT('',(170.45457926655,700.,26.67018131863));
#4550 = CARTESIAN_POINT('',(193.80276119013,0.,3.843667390304));
#4551 = CARTESIAN_POINT('',(168.96846167249,700.,26.946548549233));
#4552 = CARTESIAN_POINT('',(191.38098742326,0.,4.286867426945));
#4553 = CARTESIAN_POINT('',(167.3920240318,700.,27.235046686291));
#4554 = CARTESIAN_POINT('',(188.82414218068,0.,4.746831265646));
#4555 = CARTESIAN_POINT('',(165.72766250597,700.,27.534457109597));
#4556 = CARTESIAN_POINT('',(186.13613121427,0.,5.221740806807));
#4557 = CARTESIAN_POINT('',(163.9779195184,700.,27.843596339221));
#4558 = CARTESIAN_POINT('',(183.32104013271,0.,5.709581069895));
#4559 = CARTESIAN_POINT('',(162.14545456908,700.,28.161152736891));
#4560 = CARTESIAN_POINT('',(180.38319512529,0.,6.208539613096));
#4561 = CARTESIAN_POINT('',(160.23308376237,700.,28.485946505578));
#4562 = CARTESIAN_POINT('',(177.32708589727,0.,6.716564195103));
#4563 = CARTESIAN_POINT('',(158.24372964224,700.,28.816641752357));
#4564 = CARTESIAN_POINT('',(174.1574219892,0.,7.23174367135));
#4565 = CARTESIAN_POINT('',(156.18045785303,700.,29.151994430291));
#4566 = CARTESIAN_POINT('',(170.87909798408,0.,7.752092323358));
#4567 = CARTESIAN_POINT('',(154.0464544912,700.,29.490711949051));
#4568 = CARTESIAN_POINT('',(167.4971798272,0.,8.27562690641));
#4569 = CARTESIAN_POINT('',(151.8450172004,700.,29.831503328584));
#4570 = CARTESIAN_POINT('',(164.01691567776,0.,8.800360019805));
#4571 = CARTESIAN_POINT('',(149.5795622352,700.,30.173074883531));
#4572 = CARTESIAN_POINT('',(160.44370635164,0.,9.324382077469));
#4573 = CARTESIAN_POINT('',(147.25360522102,700.,30.514183581444));
#4574 = CARTESIAN_POINT('',(156.78310735452,0.,9.84564774887));
#4575 = CARTESIAN_POINT('',(144.87076247762,700.,30.853498027922));
#4576 = CARTESIAN_POINT('',(153.04084797127,0.,10.362279888642));
#4577 = CARTESIAN_POINT('',(142.43476344512,700.,31.189796307585));
#4578 = CARTESIAN_POINT('',(149.22277356103,0.,10.872291196548));
#4579 = CARTESIAN_POINT('',(139.94941312148,700.,31.521784800467));
#4580 = CARTESIAN_POINT('',(145.33486423998,0.,11.373703811716));
#4581 = CARTESIAN_POINT('',(137.41860422381,700.,31.848176031095));
#4582 = CARTESIAN_POINT('',(141.38323842763,0.,11.864692589551));
#4583 = CARTESIAN_POINT('',(134.8463194969,700.,32.167781933648));
#4584 = CARTESIAN_POINT('',(137.37410931817,0.,12.343253548155));
#4585 = CARTESIAN_POINT('',(132.23660337848,700.,32.479298029343));
#4586 = CARTESIAN_POINT('',(133.31381689751,0.,12.807544878021));
#4587 = CARTESIAN_POINT('',(129.59358284051,700.,32.781525404445));
#4588 = CARTESIAN_POINT('',(129.20875960707,0.,13.255605885432));
#4589 = CARTESIAN_POINT('',(126.92142290617,700.,33.073187758325));
#4590 = CARTESIAN_POINT('',(125.06546923172,0.,13.685723437335));
#4591 = CARTESIAN_POINT('',(124.22437539768,700.,33.353169938338));
#4592 = CARTESIAN_POINT('',(120.89050327242,0.,14.095878235744));
#4593 = CARTESIAN_POINT('',(121.50670887701,700.,33.620157495792));
#4594 = CARTESIAN_POINT('',(116.69053802159,0.,14.484451859829));
#4595 = CARTESIAN_POINT('',(118.7727692326,700.,33.873096930339));
#4596 = CARTESIAN_POINT('',(112.47225568554,0.,14.849519748266));
#4597 = CARTESIAN_POINT('',(116.02690620253,700.,34.110735461491));
#4598 = CARTESIAN_POINT('',(108.24240912167,0.,15.189475484375));
#4599 = CARTESIAN_POINT('',(113.27351551473,700.,34.332027402921));
#4600 = CARTESIAN_POINT('',(104.00776920945,0.,15.502507127203));
#4601 = CARTESIAN_POINT('',(110.51700462847,700.,34.535793283629));
#4602 = CARTESIAN_POINT('',(99.775154175729,0.,15.787184786926));
#4603 = CARTESIAN_POINT('',(107.7618118235,700.,34.721102326279));
#4604 = CARTESIAN_POINT('',(95.55137689671,0.,16.041777471648));
#4605 = CARTESIAN_POINT('',(105.01237189659,700.,34.886827753126));
#4606 = CARTESIAN_POINT('',(91.343256224385,0.,16.264983812137));
#4607 = CARTESIAN_POINT('',(102.27312353442,700.,35.032122446464));
#4608 = CARTESIAN_POINT('',(87.152750915559,0.,16.455340032026));
#4609 = CARTESIAN_POINT('',(99.545341776788,700.,35.156033570731));
#4610 = CARTESIAN_POINT('',(82.980364394972,0.,16.612722137351));
#4611 = CARTESIAN_POINT('',(96.829354324708,700.,35.258480412876));
#4612 = CARTESIAN_POINT('',(78.832435000747,0.,16.72261128806));
#4613 = CARTESIAN_POINT('',(94.129287077523,700.,35.330012029847));
#4614 = CARTESIAN_POINT('',(74.720828896624,0.,16.785891575161));
#4615 = CARTESIAN_POINT('',(91.45286423616,700.,35.371203914847));
#4616 = CARTESIAN_POINT('',(70.658678617017,0.,16.801289844179));
#4617 = CARTESIAN_POINT('',(88.808634337171,700.,35.381227316378));
#4618 = CARTESIAN_POINT('',(66.652867095895,0.,16.768785765337));
#4619 = CARTESIAN_POINT('',(86.201077780969,700.,35.360069000905));
#4620 = CARTESIAN_POINT('',(62.710171033445,0.,16.688174716628));
#4621 = CARTESIAN_POINT('',(83.634605815789,700.,35.307595771085));
#4622 = CARTESIAN_POINT('',(58.837293389307,0.,16.559796809291));
#4623 = CARTESIAN_POINT('',(81.113581688944,700.,35.224029020083));
#4624 = CARTESIAN_POINT('',(55.040804448046,0.,16.38391088405));
#4625 = CARTESIAN_POINT('',(78.642282283784,700.,35.109537238558));
#4626 = CARTESIAN_POINT('',(51.327149377028,0.,16.161306373965));
#4627 = CARTESIAN_POINT('',(76.224903039442,700.,34.964634302748));
#4628 = CARTESIAN_POINT('',(47.702620876028,0.,15.892777577768));
#4629 = CARTESIAN_POINT('',(73.865540147281,700.,34.789837256167));
#4630 = CARTESIAN_POINT('',(44.17335741683,0.,15.579452278457));
#4631 = CARTESIAN_POINT('',(71.568189404974,700.,34.585880221709));
#4632 = CARTESIAN_POINT('',(40.745323337648,0.,15.222653704243));
#4633 = CARTESIAN_POINT('',(69.336733259091,700.,34.353624546042));
#4634 = CARTESIAN_POINT('',(37.424283659786,0.,14.823978744339));
#4635 = CARTESIAN_POINT('',(67.174924412181,700.,34.094109713652));
#4636 = CARTESIAN_POINT('',(34.215799841885,0.,14.385131535375));
#4637 = CARTESIAN_POINT('',(65.086383059019,700.,33.808445021024));
#4638 = CARTESIAN_POINT('',(31.125222088969,0.,13.90802882037));
#4639 = CARTESIAN_POINT('',(63.074591880234,700.,33.49787815937));
#4640 = CARTESIAN_POINT('',(28.157640155222,0.,13.394893607198));
#4641 = CARTESIAN_POINT('',(61.142864017701,700.,33.163856180984));
#4642 = CARTESIAN_POINT('',(25.317946859967,0.,12.847879882149));
#4643 = CARTESIAN_POINT('',(59.294384419846,700.,32.807781209019));
#4644 = CARTESIAN_POINT('',(22.610747809339,0.,12.269443904743));
#4645 = CARTESIAN_POINT('',(57.532151075569,700.,32.431252129386));
#4646 = CARTESIAN_POINT('',(20.04038814812,0.,11.662115297151));
#4647 = CARTESIAN_POINT('',(55.858992428172,700.,32.035915582935));
#4648 = CARTESIAN_POINT('',(17.610961245571,0.,11.028470760763));
#4649 = CARTESIAN_POINT('',(54.277573029342,700.,31.623448856418));
#4650 = CARTESIAN_POINT('',(15.326267427624,0.,10.371174624716));
#4651 = CARTESIAN_POINT('',(52.790366676151,700.,31.195586277293));
#4652 = CARTESIAN_POINT('',(13.189830632491,0.,9.692883037228));
#4653 = CARTESIAN_POINT('',(51.399667252904,700.,30.754056847702));
#4654 = CARTESIAN_POINT('',(11.204846241729,0.,8.996373568734));
#4655 = CARTESIAN_POINT('',(50.107554772125,700.,30.300668608777));
#4656 = CARTESIAN_POINT('',(9.374260257665,0.,8.28418810351));
#4657 = CARTESIAN_POINT('',(48.915946914574,700.,29.837076183301));
#4658 = CARTESIAN_POINT('',(7.700638857153,0.,7.559033632862));
#4659 = CARTESIAN_POINT('',(47.826514116127,700.,29.365041669388));
#4660 = CARTESIAN_POINT('',(6.186302064856,0.,6.823274048203));
#4661 = CARTESIAN_POINT('',(46.840766581519,700.,28.886103826544));
#4662 = CARTESIAN_POINT('',(4.833157532351,0.,6.079321468068));
#4663 = CARTESIAN_POINT('',(45.959946083945,700.,28.4018328074));
#4664 = CARTESIAN_POINT('',(3.642818723955,0.,5.329234375455));
#4665 = CARTESIAN_POINT('',(45.185102897347,700.,27.913568567868));
#4666 = CARTESIAN_POINT('',(2.616487083086,0.,4.574838482398));
#4667 = CARTESIAN_POINT('',(44.517019093386,700.,27.422499543143));
#4668 = CARTESIAN_POINT('',(1.755096993074,0.,3.81741145287));
#4669 = CARTESIAN_POINT('',(43.956302902717,700.,26.929457420148));
#4670 = CARTESIAN_POINT('',(1.059347600657,0.,3.057658294956));
#4671 = CARTESIAN_POINT('',(43.503409430295,700.,26.434901119242));
#4672 = CARTESIAN_POINT('',(0.53025116913,0.,2.295376788068));
#4673 = CARTESIAN_POINT('',(43.158997602226,700.,25.938699006267));
#4674 = CARTESIAN_POINT('',(0.169907071757,0.,1.529837470464));
#4675 = CARTESIAN_POINT('',(42.924433991671,700.,25.440376242922));
#4676 = CARTESIAN_POINT('',(-1.769952062688E-02,0.,0.761137156929));
#4677 = CARTESIAN_POINT('',(42.802312719271,700.,24.939995850149));
#4678 = CARTESIAN_POINT('',(-2.844684401773E-02,0.,-2.849297385688E-03)
  );
#4679 = CARTESIAN_POINT('',(42.795316820082,700.,24.442683912906));
#4680 = CARTESIAN_POINT('',(0.133343870461,0.,-0.749471902505));
#4681 = CARTESIAN_POINT('',(42.900633417243,700.,23.95667485863));
#4682 = CARTESIAN_POINT('',(0.468399786616,0.,-1.465770814918));
#4683 = CARTESIAN_POINT('',(43.118735853231,700.,23.490404811871));
#4684 = CARTESIAN_POINT('',(0.970342793332,0.,-2.145379554368));
#4685 = CARTESIAN_POINT('',(43.445472338735,700.,23.048017990908));
#4686 = CARTESIAN_POINT('',(1.634584437256,0.,-2.789628537905));
#4687 = CARTESIAN_POINT('',(43.877856050346,700.,22.628648369549));
#4688 = CARTESIAN_POINT('',(2.458615360249,0.,-3.400379552789));
#4689 = CARTESIAN_POINT('',(44.414253537954,700.,22.231084029672));
#4690 = CARTESIAN_POINT('',(3.440895325036,0.,-3.978897828686));
#4691 = CARTESIAN_POINT('',(45.053662194277,700.,21.854501378381));
#4692 = CARTESIAN_POINT('',(4.580052294182,0.,-4.525761487858));
#4693 = CARTESIAN_POINT('',(45.795188900608,700.,21.498524090806));
#4694 = CARTESIAN_POINT('',(5.874459989348,0.,-5.041112766184));
#4695 = CARTESIAN_POINT('',(46.637775041801,700.,21.163059579443));
#4696 = CARTESIAN_POINT('',(7.322192416913,0.,-5.524849200445));
#4697 = CARTESIAN_POINT('',(47.580166905028,700.,20.848174542047));
#4698 = CARTESIAN_POINT('',(8.92097628504,0.,-5.976766178323));
#4699 = CARTESIAN_POINT('',(48.620884705978,700.,20.554002169655));
#4700 = CARTESIAN_POINT('',(10.668238083266,0.,-6.396694490645));
#4701 = CARTESIAN_POINT('',(49.758253235012,700.,20.28065260786));
#4702 = CARTESIAN_POINT('',(12.56117077871,0.,-6.784397148433));
#4703 = CARTESIAN_POINT('',(50.990445272613,700.,20.028280123074));
#4704 = CARTESIAN_POINT('',(14.596690977123,0.,-7.139811983167));
#4705 = CARTESIAN_POINT('',(52.315453703655,700.,19.796925183483));
#4706 = CARTESIAN_POINT('',(16.771534799273,0.,-7.462841754424));
#4707 = CARTESIAN_POINT('',(53.731153927507,700.,19.586651087098));
#4708 = CARTESIAN_POINT('',(19.082204816239,0.,-7.753600124715));
#4709 = CARTESIAN_POINT('',(55.23526931591,700.,19.39738384606));
#4710 = CARTESIAN_POINT('',(21.525045202786,0.,-8.012194867842));
#4711 = CARTESIAN_POINT('',(56.825420133567,700.,19.229053305723));
#4712 = CARTESIAN_POINT('',(24.096213043038,0.,-8.23895454289));
#4713 = CARTESIAN_POINT('',(58.499104859769,700.,19.08144559272));
#4714 = CARTESIAN_POINT('',(26.791704157711,0.,-8.434269810671));
#4715 = CARTESIAN_POINT('',(60.253717000453,700.,18.954306408976));
#4716 = CARTESIAN_POINT('',(29.607372211178,0.,-8.598674810883));
#4717 = CARTESIAN_POINT('',(62.086557525823,700.,18.847288059781));
#4718 = CARTESIAN_POINT('',(32.538917764183,0.,-8.732866625312));
#4719 = CARTESIAN_POINT('',(63.994827744288,700.,18.75993678435));
#4720 = CARTESIAN_POINT('',(35.581906492846,0.,-8.837638923493));
#4721 = CARTESIAN_POINT('',(65.975641162003,700.,18.691735948742));
#4722 = CARTESIAN_POINT('',(38.731757647229,0.,-8.914016506012));
#4723 = CARTESIAN_POINT('',(68.026015970045,700.,18.642018465781));
#4724 = CARTESIAN_POINT('',(41.983779832925,0.,-8.963021681909));
#4725 = CARTESIAN_POINT('',(70.142898336205,700.,18.610118870151));
#4726 = CARTESIAN_POINT('',(45.333149921829,0.,-8.985977411999));
#4727 = CARTESIAN_POINT('',(72.323148677096,700.,18.595175989243));
#4728 = CARTESIAN_POINT('',(48.774926086129,0.,-8.984149242631));
#4729 = CARTESIAN_POINT('',(74.563550142536,700.,18.59636602402));
#4730 = CARTESIAN_POINT('',(52.304052003465,0.,-8.959123273899));
#4731 = CARTESIAN_POINT('',(76.860811352878,700.,18.612656513101));
#4732 = CARTESIAN_POINT('',(55.915357563684,0.,-8.9124066302));
#4733 = CARTESIAN_POINT('',(79.211566859058,700.,18.643066403811));
#4734 = CARTESIAN_POINT('',(59.603567547388,0.,-8.845758999114));
#4735 = CARTESIAN_POINT('',(81.612382791846,700.,18.68645023914));
#4736 = CARTESIAN_POINT('',(63.363284841858,0.,-8.760902227896));
#4737 = CARTESIAN_POINT('',(84.05974593636,700.,18.741687193989));
#4738 = CARTESIAN_POINT('',(67.189029153121,0.,-8.659709185614));
#4739 = CARTESIAN_POINT('',(86.550088931427,700.,18.807558136607));
#4740 = CARTESIAN_POINT('',(71.075203734999,0.,-8.543998560151));
#4741 = CARTESIAN_POINT('',(89.079768612084,700.,18.882879204125));
#4742 = CARTESIAN_POINT('',(75.016132374867,0.,-8.41579243773));
#4743 = CARTESIAN_POINT('',(91.645090085205,700.,18.966334132871));
#4744 = CARTESIAN_POINT('',(79.006014198423,0.,-8.276972498967));
#4745 = CARTESIAN_POINT('',(94.242277309973,700.,19.056698055273));
#4746 = CARTESIAN_POINT('',(83.045204505604,0.,-8.128928030791));
#4747 = CARTESIAN_POINT('',(96.871561566534,700.,19.15306662418));
#4748 = CARTESIAN_POINT('',(87.132565900051,0.,-7.975050072376));
#4749 = CARTESIAN_POINT('',(99.53220247424,700.,19.253232465035));
#4750 = CARTESIAN_POINT('',(91.26138333376,0.,-7.804022331613));
#4751 = CARTESIAN_POINT('',(102.21982891693,700.,19.364561843456));
#4752 = CARTESIAN_POINT('',(95.419053177213,0.,-7.618527655992));
#4753 = CARTESIAN_POINT('',(104.92623664522,700.,19.485308377587));
#4754 = CARTESIAN_POINT('',(99.594301274675,0.,-7.420163661217));
#4755 = CARTESIAN_POINT('',(107.64408682187,700.,19.614432110035));
#4756 = CARTESIAN_POINT('',(103.78066728852,0.,-7.210467914956));
#4757 = CARTESIAN_POINT('',(110.36917413277,700.,19.750932171281));
#4758 = CARTESIAN_POINT('',(107.9716701024,0.,-6.991032761317));
#4759 = CARTESIAN_POINT('',(113.09727973803,700.,19.893772035441));
#4760 = CARTESIAN_POINT('',(112.16078224052,0.,-6.763218888844));
#4761 = CARTESIAN_POINT('',(115.8241546204,700.,20.042065971297));
#4762 = CARTESIAN_POINT('',(116.34147840751,0.,-6.52850171216));
#4763 = CARTESIAN_POINT('',(118.54555118192,700.,20.19485356744));
#4764 = CARTESIAN_POINT('',(120.50722319189,0.,-6.288239494673));
#4765 = CARTESIAN_POINT('',(121.25721523968,700.,20.351250671276));
#4766 = CARTESIAN_POINT('',(124.65149905398,0.,-6.043659576199));
#4767 = CARTESIAN_POINT('',(123.95490424425,700.,20.510458354056));
#4768 = CARTESIAN_POINT('',(128.76779260133,0.,-5.79598488572));
#4769 = CARTESIAN_POINT('',(126.63437834583,700.,20.671680558236));
#4770 = CARTESIAN_POINT('',(132.84963144405,0.,-5.546336589529));
#4771 = CARTESIAN_POINT('',(129.29142438496,700.,20.834187468021));
#4772 = CARTESIAN_POINT('',(136.89057001702,0.,-5.295729066073));
#4773 = CARTESIAN_POINT('',(131.92184666359,700.,20.997318780459));
#4774 = CARTESIAN_POINT('',(140.88423268704,0.,-5.04509658852));
#4775 = CARTESIAN_POINT('',(134.52149500539,700.,21.160466336602));
#4776 = CARTESIAN_POINT('',(144.8242920618,0.,-4.795388589432));
#4777 = CARTESIAN_POINT('',(137.08625063613,700.,21.323012109593));
#4778 = CARTESIAN_POINT('',(148.70448999196,0.,-4.547349891361));
#4779 = CARTESIAN_POINT('',(139.61203985482,700.,21.484471262111));
#4780 = CARTESIAN_POINT('',(152.51864584862,0.,-4.301749321434));
#4781 = CARTESIAN_POINT('',(142.09483942189,700.,21.644343331214));
#4782 = CARTESIAN_POINT('',(156.26067188617,0.,-4.059212330141));
#4783 = CARTESIAN_POINT('',(144.53068655954,700.,21.802221184038));
#4784 = CARTESIAN_POINT('',(159.92460088696,0.,-3.820409336906));
#4785 = CARTESIAN_POINT('',(146.91569694685,700.,21.957668415483));
#4786 = CARTESIAN_POINT('',(163.50455715073,0.,-3.58584703368));
#4787 = CARTESIAN_POINT('',(149.24604583553,700.,22.110355197771));
#4788 = CARTESIAN_POINT('',(166.99479399138,0.,-3.356018754488));
#4789 = CARTESIAN_POINT('',(151.51799245822,700.,22.259960398377));
#4790 = CARTESIAN_POINT('',(170.3896986482,0.,-3.131476981389));
#4791 = CARTESIAN_POINT('',(153.72788322539,700.,22.406124382753));
#4792 = CARTESIAN_POINT('',(173.68379586648,0.,-2.912580987841));
#4793 = CARTESIAN_POINT('',(155.87215405616,700.,22.548613284214));
#4794 = CARTESIAN_POINT('',(176.87175840954,0.,-2.699763546952));
#4795 = CARTESIAN_POINT('',(157.94733722098,700.,22.687145391962));
#4796 = CARTESIAN_POINT('',(179.94842316518,0.,-2.49346642355));
#4797 = CARTESIAN_POINT('',(159.95007182607,700.,22.821433142101));
#4798 = CARTESIAN_POINT('',(182.90879851984,0.,-2.29403294586));
#4799 = CARTESIAN_POINT('',(161.87710861354,700.,22.95125304739));
#4800 = CARTESIAN_POINT('',(185.74807121611,0.,-2.101818114829));
#4801 = CARTESIAN_POINT('',(163.72531442526,700.,23.076374022306));
#4802 = CARTESIAN_POINT('',(188.46160743726,0.,-1.917217739476));
#4803 = CARTESIAN_POINT('',(165.49167290884,700.,23.196538417583));
#4804 = CARTESIAN_POINT('',(191.04496086009,0.,-1.74057885772));
#4805 = CARTESIAN_POINT('',(167.17328975955,700.,23.311520331179));
#4806 = CARTESIAN_POINT('',(193.49390703048,0.,-1.57227542642));
#4807 = CARTESIAN_POINT('',(168.76741509688,700.,23.421076338346));
#4808 = CARTESIAN_POINT('',(195.80442196064,0.,-1.412623596867));
#4809 = CARTESIAN_POINT('',(170.27142953255,700.,23.525000642489));
#4810 = CARTESIAN_POINT('',(197.97270739286,0.,-1.262029326165));
#4811 = CARTESIAN_POINT('',(171.68286061578,700.,23.623028988512));
#4812 = CARTESIAN_POINT('',(199.99517903635,0.,-1.120823498965));
#4813 = CARTESIAN_POINT('',(172.99937517617,700.,23.714945989237));
#4814 = CARTESIAN_POINT('',(201.86849121215,0.,-0.989317347286));
#4815 = CARTESIAN_POINT('',(174.21879536607,700.,23.800549050235));
#4816 = CARTESIAN_POINT('',(203.58955029204,0.,-0.867958207969));
#4817 = CARTESIAN_POINT('',(175.33910740864,700.,23.879546980546));
#4818 = CARTESIAN_POINT('',(205.15547523064,0.,-0.756939777858));
#4819 = CARTESIAN_POINT('',(176.35843590642,700.,23.951813694486));
#4820 = CARTESIAN_POINT('',(206.56368669361,0.,-0.656688290925));
#4821 = CARTESIAN_POINT('',(177.27510185873,700.,24.017071737867));
#4822 = CARTESIAN_POINT('',(207.81180256481,0.,-0.567442476684));
#4823 = CARTESIAN_POINT('',(178.08755464281,700.,24.075165711288));
#4824 = CARTESIAN_POINT('',(208.89780733855,0.,-0.489507806459));
#4825 = CARTESIAN_POINT('',(178.79448227854,700.,24.125896770207));
#4826 = CARTESIAN_POINT('',(209.81971522227,0.,-0.423050023367));
#4827 = CARTESIAN_POINT('',(179.39459212738,700.,24.169157025239));
#4828 = CARTESIAN_POINT('',(210.57646011157,0.,-0.368661154783));
#4829 = CARTESIAN_POINT('',(179.8871902157,700.,24.204561100072));
#4830 = CARTESIAN_POINT('',(211.16548467308,0.,-0.325292983497));
#4831 = CARTESIAN_POINT('',(180.27061186423,700.,24.232791324777));
#4832 = CARTESIAN_POINT('',(211.5889306559,0.,-0.296221049837));
#4833 = CARTESIAN_POINT('',(180.54625123041,700.,24.251715508009));
#4834 = CARTESIAN_POINT('',(211.83969218993,0.,-0.275147446964));
#4835 = CARTESIAN_POINT('',(180.70948279501,700.,24.265433230633));
#4836 = CARTESIAN_POINT('',(212.13716124272,0.,-0.261136414139));
#4837 = CARTESIAN_POINT('',(180.9031183105,700.,24.274553619925));
#4838 = CARTESIAN_POINT('',(212.25038935122,0.,-0.154149628907));
#4839 = CARTESIAN_POINT('',(180.9768234,700.,24.344195961256));
#4840 = CARTESIAN_POINT('',(212.0177656,0.,0.2665264));
#4841 = CARTESIAN_POINT('',(180.82539850533,700.,24.618032244223));
#4842 = ADVANCED_FACE('',(#4843),#4885,.T.);
#4843 = FACE_BOUND('',#4844,.T.);
#4844 = EDGE_LOOP('',(#4845,#4852,#4853,#4854,#4861,#4870,#4878));
#4845 = ORIENTED_EDGE('',*,*,#4846,.F.);
#4846 = EDGE_CURVE('',#3719,#4847,#4849,.T.);
#4847 = VERTEX_POINT('',#4848);
#4848 = CARTESIAN_POINT('',(150.74388256714,490.,19.961306946684));
#4849 = B_SPLINE_CURVE_WITH_KNOTS('',1,(#4850,#4851),.UNSPECIFIED.,.F.,
  .F.,(2,2),(0.,1.),.PIECEWISE_BEZIER_KNOTS.);
#4850 = CARTESIAN_POINT('',(162.94434584885,490.,37.385374263794));
#4851 = CARTESIAN_POINT('',(150.17313681992,490.,19.146197545433));
#4852 = ORIENTED_EDGE('',*,*,#3749,.T.);
#4853 = ORIENTED_EDGE('',*,*,#4349,.T.);
#4854 = ORIENTED_EDGE('',*,*,#4855,.T.);
#4855 = EDGE_CURVE('',#4350,#4856,#4858,.T.);
#4856 = VERTEX_POINT('',#4857);
#4857 = CARTESIAN_POINT('',(151.8884558139,490.,16.696468143257));
#4858 = B_SPLINE_CURVE_WITH_KNOTS('',1,(#4859,#4860),.UNSPECIFIED.,.F.,
  .F.,(2,2),(0.,1.),.PIECEWISE_BEZIER_KNOTS.);
#4859 = CARTESIAN_POINT('',(157.41649804495,490.,8.801605649787));
#4860 = CARTESIAN_POINT('',(150.17313681992,490.,19.146197545433));
#4861 = ORIENTED_EDGE('',*,*,#4862,.F.);
#4862 = EDGE_CURVE('',#4863,#4856,#4865,.T.);
#4863 = VERTEX_POINT('',#4864);
#4864 = CARTESIAN_POINT('',(152.84649677402,490.,20.719656732022));
#4865 = ELLIPSE('',#4866,3.102249078267,3.1);
#4866 = AXIS2_PLACEMENT_3D('',#4867,#4868,#4869);
#4867 = CARTESIAN_POINT('',(150.11968387373,490.,19.245041050956));
#4868 = DIRECTION('',(0.,1.,-0.));
#4869 = DIRECTION('',(-0.475682477763,0.,0.879617064608));
#4870 = ORIENTED_EDGE('',*,*,#4871,.F.);
#4871 = EDGE_CURVE('',#4872,#4863,#4874,.T.);
#4872 = VERTEX_POINT('',#4873);
#4873 = CARTESIAN_POINT('',(150.95532008511,490.,19.696939404835));
#4874 = LINE('',#4875,#4876);
#4875 = CARTESIAN_POINT('',(134.60472868305,490.,10.854807818294));
#4876 = VECTOR('',#4877,1.);
#4877 = DIRECTION('',(0.879617064608,0.,0.475682477763));
#4878 = ORIENTED_EDGE('',*,*,#4879,.F.);
#4879 = EDGE_CURVE('',#4847,#4872,#4880,.T.);
#4880 = ELLIPSE('',#4881,0.950689233662,0.95);
#4881 = AXIS2_PLACEMENT_3D('',#4882,#4883,#4884);
#4882 = CARTESIAN_POINT('',(150.11968387373,490.,19.245041050956));
#4883 = DIRECTION('',(0.,1.,-0.));
#4884 = DIRECTION('',(-0.475682477763,0.,0.879617064608));
#4885 = PLANE('',#4886);
#4886 = AXIS2_PLACEMENT_3D('',#4887,#4888,#4889);
#4887 = CARTESIAN_POINT('',(150.11968387373,490.,-54.91495894904));
#4888 = DIRECTION('',(0.,1.,0.));
#4889 = DIRECTION('',(0.593239768864,0.,0.805025823585));
#4890 = ADVANCED_FACE('',(#4891),#5194,.T.);
#4891 = FACE_BOUND('',#4892,.T.);
#4892 = EDGE_LOOP('',(#4893,#4914,#4921,#4931,#4938,#4957,#4964,#4974,
    #4981,#5000,#5007,#5017,#5024,#5043,#5050,#5060,#5065,#5066,#5067,
    #5086,#5093,#5103,#5110,#5129,#5136,#5146,#5153,#5172,#5179,#5189));
#4893 = ORIENTED_EDGE('',*,*,#4894,.F.);
#4894 = EDGE_CURVE('',#4895,#4897,#4899,.T.);
#4895 = VERTEX_POINT('',#4896);
#4896 = CARTESIAN_POINT('',(153.40568059338,339.3847301807,
    14.967709176801));
#4897 = VERTEX_POINT('',#4898);
#4898 = CARTESIAN_POINT('',(153.39509335078,339.98430699279,
    14.987600760528));
#4899 = B_SPLINE_CURVE_WITH_KNOTS('',4,(#4900,#4901,#4902,#4903,#4904,
    #4905,#4906,#4907,#4908,#4909,#4910,#4911,#4912,#4913),
  .UNSPECIFIED.,.F.,.F.,(5,3,3,3,5),(0.,0.250000833272,0.500001473431,
    0.750001926574,1.),.UNSPECIFIED.);
#4900 = CARTESIAN_POINT('',(156.92241873702,139.9997864,8.347232447515)
  );
#4901 = CARTESIAN_POINT('',(156.5370246027,161.87486304625,
    9.074207442319));
#4902 = CARTESIAN_POINT('',(156.15150137616,183.74994357743,
    9.800998301195));
#4903 = CARTESIAN_POINT('',(155.76585014773,205.62502795537,
    10.527606579043));
#4904 = CARTESIAN_POINT('',(154.99429304995,249.37518746504,
    11.980458929905));
#4905 = CARTESIAN_POINT('',(154.60838718156,271.25026259673,
    12.706703004287));
#4906 = CARTESIAN_POINT('',(154.22235437891,293.12534153268,
    13.432766019893));
#4907 = CARTESIAN_POINT('',(153.45003519222,336.87549063882,
    14.884529387492));
#4908 = CARTESIAN_POINT('',(153.06374880837,358.75056080899,
    15.610229739757));
#4909 = CARTESIAN_POINT('',(152.67733549043,380.62563477305,
    16.335749032881));
#4910 = CARTESIAN_POINT('',(151.90425759728,424.37558208469,
    17.786417071766));
#4911 = CARTESIAN_POINT('',(151.51759302374,446.25045543223,
    18.511565819899));
#4912 = CARTESIAN_POINT('',(151.13080045108,468.12533259496,
    19.23653198912));
#4913 = CARTESIAN_POINT('',(150.743878789,490.0002136,19.961314023909));
#4914 = ORIENTED_EDGE('',*,*,#4915,.F.);
#4915 = EDGE_CURVE('',#4916,#4895,#4918,.T.);
#4916 = VERTEX_POINT('',#4917);
#4917 = CARTESIAN_POINT('',(154.29535607854,339.35832474052,
    16.236755526325));
#4918 = B_SPLINE_CURVE_WITH_KNOTS('',1,(#4919,#4920),.UNSPECIFIED.,.F.,
  .F.,(2,2),(0.,1.),.PIECEWISE_BEZIER_KNOTS.);
#4919 = CARTESIAN_POINT('',(154.61851945316,339.34873329813,
    16.697720572248));
#4920 = CARTESIAN_POINT('',(152.85645634705,339.40103107718,
    14.184287539919));
#4921 = ORIENTED_EDGE('',*,*,#4922,.F.);
#4922 = EDGE_CURVE('',#4923,#4916,#4925,.T.);
#4923 = VERTEX_POINT('',#4924);
#4924 = CARTESIAN_POINT('',(155.15685205808,290.55650127217,
    14.617361967664));
#4925 = B_SPLINE_CURVE_WITH_KNOTS('',4,(#4926,#4927,#4928,#4929,#4930),
  .UNSPECIFIED.,.F.,.F.,(5,5),(0.,1.),.PIECEWISE_BEZIER_KNOTS.);
#4926 = CARTESIAN_POINT('',(155.15685206866,290.55650067259,
    14.617361947767));
#4927 = CARTESIAN_POINT('',(154.94150057538,302.75695616581,
    15.022242451227));
#4928 = CARTESIAN_POINT('',(154.72613407703,314.9574121082,
    15.427101551453));
#4929 = CARTESIAN_POINT('',(154.51075257503,327.15786849965,
    15.831939250456));
#4930 = CARTESIAN_POINT('',(154.29535606795,339.3583253401,
    16.236755546219));
#4931 = ORIENTED_EDGE('',*,*,#4932,.T.);
#4932 = EDGE_CURVE('',#4923,#4933,#4935,.T.);
#4933 = VERTEX_POINT('',#4934);
#4934 = CARTESIAN_POINT('',(154.26717657292,290.58290671236,
    13.348315618141));
#4935 = B_SPLINE_CURVE_WITH_KNOTS('',1,(#4936,#4937),.UNSPECIFIED.,.F.,
  .F.,(2,2),(0.,1.),.PIECEWISE_BEZIER_KNOTS.);
#4936 = CARTESIAN_POINT('',(155.46874668024,290.54724428473,
    15.062253097401));
#4937 = CARTESIAN_POINT('',(153.72599434774,290.59896892281,
    12.576365239882));
#4938 = ORIENTED_EDGE('',*,*,#4939,.F.);
#4939 = EDGE_CURVE('',#4940,#4933,#4942,.T.);
#4940 = VERTEX_POINT('',#4941);
#4941 = CARTESIAN_POINT('',(154.27775792202,289.98333007518,
    13.328415627832));
#4942 = B_SPLINE_CURVE_WITH_KNOTS('',4,(#4943,#4944,#4945,#4946,#4947,
    #4948,#4949,#4950,#4951,#4952,#4953,#4954,#4955,#4956),
  .UNSPECIFIED.,.F.,.F.,(5,3,3,3,5),(0.,0.250000833272,0.500001473431,
    0.750001926574,1.),.UNSPECIFIED.);
#4943 = CARTESIAN_POINT('',(156.92241873702,139.9997864,8.347232447515)
  );
#4944 = CARTESIAN_POINT('',(156.5370246027,161.87486304625,
    9.074207442319));
#4945 = CARTESIAN_POINT('',(156.15150137616,183.74994357743,
    9.800998301195));
#4946 = CARTESIAN_POINT('',(155.76585014773,205.62502795537,
    10.527606579043));
#4947 = CARTESIAN_POINT('',(154.99429304995,249.37518746504,
    11.980458929905));
#4948 = CARTESIAN_POINT('',(154.60838718156,271.25026259673,
    12.706703004287));
#4949 = CARTESIAN_POINT('',(154.22235437891,293.12534153268,
    13.432766019893));
#4950 = CARTESIAN_POINT('',(153.45003519222,336.87549063882,
    14.884529387492));
#4951 = CARTESIAN_POINT('',(153.06374880837,358.75056080899,
    15.610229739757));
#4952 = CARTESIAN_POINT('',(152.67733549043,380.62563477305,
    16.335749032881));
#4953 = CARTESIAN_POINT('',(151.90425759728,424.37558208469,
    17.786417071766));
#4954 = CARTESIAN_POINT('',(151.51759302374,446.25045543223,
    18.511565819899));
#4955 = CARTESIAN_POINT('',(151.13080045108,468.12533259496,
    19.23653198912));
#4956 = CARTESIAN_POINT('',(150.743878789,490.0002136,19.961314023909));
#4957 = ORIENTED_EDGE('',*,*,#4958,.F.);
#4958 = EDGE_CURVE('',#4959,#4940,#4961,.T.);
#4959 = VERTEX_POINT('',#4960);
#4960 = CARTESIAN_POINT('',(155.51181610176,289.94670340625,
    15.088694576988));
#4961 = B_SPLINE_CURVE_WITH_KNOTS('',1,(#4962,#4963),.UNSPECIFIED.,.F.,
  .F.,(2,2),(0.,1.),.PIECEWISE_BEZIER_KNOTS.);
#4962 = CARTESIAN_POINT('',(155.8997703814,289.93518897914,
    15.642078333847));
#4963 = CARTESIAN_POINT('',(153.73667744746,289.99938926569,
    12.556610388166));
#4964 = ORIENTED_EDGE('',*,*,#4965,.F.);
#4965 = EDGE_CURVE('',#4966,#4959,#4968,.T.);
#4966 = VERTEX_POINT('',#4967);
#4967 = CARTESIAN_POINT('',(156.39432823847,239.94573101288,
    13.429292009407));
#4968 = B_SPLINE_CURVE_WITH_KNOTS('',4,(#4969,#4970,#4971,#4972,#4973),
  .UNSPECIFIED.,.F.,.F.,(5,5),(0.,1.),.PIECEWISE_BEZIER_KNOTS.);
#4969 = CARTESIAN_POINT('',(156.39432824906,239.9457304133,
    13.429291989507));
#4970 = CARTESIAN_POINT('',(156.17371926644,252.44597324086,
    13.844169824041));
#4971 = CARTESIAN_POINT('',(155.95309757789,264.94621644888,
    14.259029534843));
#4972 = CARTESIAN_POINT('',(155.73246318587,277.44646003723,
    14.673871125404));
#4973 = CARTESIAN_POINT('',(155.51181609118,289.94670400583,
    15.088694596885));
#4974 = ORIENTED_EDGE('',*,*,#4975,.T.);
#4975 = EDGE_CURVE('',#4966,#4976,#4978,.T.);
#4976 = VERTEX_POINT('',#4977);
#4977 = CARTESIAN_POINT('',(155.15992481808,239.9823679285,
    11.668520603846));
#4978 = B_SPLINE_CURVE_WITH_KNOTS('',1,(#4979,#4980),.UNSPECIFIED.,.F.,
  .F.,(2,2),(0.,1.),.PIECEWISE_BEZIER_KNOTS.);
#4979 = CARTESIAN_POINT('',(156.77088930554,239.93455473468,
    13.966424318329));
#4980 = CARTESIAN_POINT('',(154.62758164758,239.99816779708,
    10.909178384696));
#4981 = ORIENTED_EDGE('',*,*,#4982,.F.);
#4982 = EDGE_CURVE('',#4983,#4976,#4985,.T.);
#4983 = VERTEX_POINT('',#4984);
#4984 = CARTESIAN_POINT('',(155.17050012232,239.38279147074,
    11.648611991048));
#4985 = B_SPLINE_CURVE_WITH_KNOTS('',4,(#4986,#4987,#4988,#4989,#4990,
    #4991,#4992,#4993,#4994,#4995,#4996,#4997,#4998,#4999),
  .UNSPECIFIED.,.F.,.F.,(5,3,3,3,5),(0.,0.250000833272,0.500001473431,
    0.750001926574,1.),.UNSPECIFIED.);
#4986 = CARTESIAN_POINT('',(156.92241873702,139.9997864,8.347232447515)
  );
#4987 = CARTESIAN_POINT('',(156.5370246027,161.87486304625,
    9.074207442319));
#4988 = CARTESIAN_POINT('',(156.15150137616,183.74994357743,
    9.800998301195));
#4989 = CARTESIAN_POINT('',(155.76585014773,205.62502795537,
    10.527606579043));
#4990 = CARTESIAN_POINT('',(154.99429304995,249.37518746504,
    11.980458929905));
#4991 = CARTESIAN_POINT('',(154.60838718156,271.25026259673,
    12.706703004287));
#4992 = CARTESIAN_POINT('',(154.22235437891,293.12534153268,
    13.432766019893));
#4993 = CARTESIAN_POINT('',(153.45003519222,336.87549063882,
    14.884529387492));
#4994 = CARTESIAN_POINT('',(153.06374880837,358.75056080899,
    15.610229739757));
#4995 = CARTESIAN_POINT('',(152.67733549043,380.62563477305,
    16.335749032881));
#4996 = CARTESIAN_POINT('',(151.90425759728,424.37558208469,
    17.786417071766));
#4997 = CARTESIAN_POINT('',(151.51759302374,446.25045543223,
    18.511565819899));
#4998 = CARTESIAN_POINT('',(151.13080045108,468.12533259496,
    19.23653198912));
#4999 = CARTESIAN_POINT('',(150.743878789,490.0002136,19.961314023909));
#5000 = ORIENTED_EDGE('',*,*,#5001,.F.);
#5001 = EDGE_CURVE('',#5002,#4983,#5004,.T.);
#5002 = VERTEX_POINT('',#5003);
#5003 = CARTESIAN_POINT('',(156.06049166332,239.35637665006,
    12.918109167335));
#5004 = B_SPLINE_CURVE_WITH_KNOTS('',1,(#5005,#5006),.UNSPECIFIED.,.F.,
  .F.,(2,2),(0.,1.),.PIECEWISE_BEZIER_KNOTS.);
#5005 = CARTESIAN_POINT('',(156.36075730144,239.3474648092,
    13.346412541212));
#5006 = CARTESIAN_POINT('',(154.6382647473,239.39858813997,
    10.889423532979));
#5007 = ORIENTED_EDGE('',*,*,#5008,.F.);
#5008 = EDGE_CURVE('',#5009,#5002,#5011,.T.);
#5009 = VERTEX_POINT('',#5010);
#5010 = CARTESIAN_POINT('',(156.92161858827,190.5545641352,
    11.298189183715));
#5011 = B_SPLINE_CURVE_WITH_KNOTS('',4,(#5012,#5013,#5014,#5015,#5016),
  .UNSPECIFIED.,.F.,.F.,(5,5),(0.,1.),.PIECEWISE_BEZIER_KNOTS.);
#5012 = CARTESIAN_POINT('',(156.92161859885,190.55456353563,
    11.298189163812));
#5013 = CARTESIAN_POINT('',(156.70635938993,202.75501628929,
    11.70320130302));
#5014 = CARTESIAN_POINT('',(156.49108515827,214.95546949303,
    12.108192013811));
#5015 = CARTESIAN_POINT('',(156.27579591108,227.15592314656,
    12.51316130647));
#5016 = CARTESIAN_POINT('',(156.06049165274,239.35637724964,
    12.918109187236));
#5017 = ORIENTED_EDGE('',*,*,#5018,.T.);
#5018 = EDGE_CURVE('',#5009,#5019,#5021,.T.);
#5019 = VERTEX_POINT('',#5020);
#5020 = CARTESIAN_POINT('',(156.03102329402,190.58099687519,
    10.027830804819));
#5021 = B_SPLINE_CURVE_WITH_KNOTS('',1,(#5022,#5023),.UNSPECIFIED.,.F.,
  .F.,(2,2),(0.,1.),.PIECEWISE_BEZIER_KNOTS.);
#5022 = CARTESIAN_POINT('',(157.21098452851,190.5459757958,
    11.710945066365));
#5023 = CARTESIAN_POINT('',(155.50780274799,190.59652598559,
    9.281501232942));
#5024 = ORIENTED_EDGE('',*,*,#5025,.F.);
#5025 = EDGE_CURVE('',#5026,#5019,#5028,.T.);
#5026 = VERTEX_POINT('',#5027);
#5027 = CARTESIAN_POINT('',(156.04159267233,189.98142059331,
    10.007913739197));
#5028 = B_SPLINE_CURVE_WITH_KNOTS('',4,(#5029,#5030,#5031,#5032,#5033,
    #5034,#5035,#5036,#5037,#5038,#5039,#5040,#5041,#5042),
  .UNSPECIFIED.,.F.,.F.,(5,3,3,3,5),(0.,0.250000833272,0.500001473431,
    0.750001926574,1.),.UNSPECIFIED.);
#5029 = CARTESIAN_POINT('',(156.92241873702,139.9997864,8.347232447515)
  );
#5030 = CARTESIAN_POINT('',(156.5370246027,161.87486304625,
    9.074207442319));
#5031 = CARTESIAN_POINT('',(156.15150137616,183.74994357743,
    9.800998301195));
#5032 = CARTESIAN_POINT('',(155.76585014773,205.62502795537,
    10.527606579043));
#5033 = CARTESIAN_POINT('',(154.99429304995,249.37518746504,
    11.980458929905));
#5034 = CARTESIAN_POINT('',(154.60838718156,271.25026259673,
    12.706703004287));
#5035 = CARTESIAN_POINT('',(154.22235437891,293.12534153268,
    13.432766019893));
#5036 = CARTESIAN_POINT('',(153.45003519222,336.87549063882,
    14.884529387492));
#5037 = CARTESIAN_POINT('',(153.06374880837,358.75056080899,
    15.610229739757));
#5038 = CARTESIAN_POINT('',(152.67733549043,380.62563477305,
    16.335749032881));
#5039 = CARTESIAN_POINT('',(151.90425759728,424.37558208469,
    17.786417071766));
#5040 = CARTESIAN_POINT('',(151.51759302374,446.25045543223,
    18.511565819899));
#5041 = CARTESIAN_POINT('',(151.13080045108,468.12533259496,
    19.23653198912));
#5042 = CARTESIAN_POINT('',(150.743878789,490.0002136,19.961314023909));
#5043 = ORIENTED_EDGE('',*,*,#5044,.F.);
#5044 = EDGE_CURVE('',#5045,#5026,#5047,.T.);
#5045 = VERTEX_POINT('',#5046);
#5046 = CARTESIAN_POINT('',(157.27668790147,189.9447631449,
    11.76967195104));
#5047 = B_SPLINE_CURVE_WITH_KNOTS('',1,(#5048,#5049),.UNSPECIFIED.,.F.,
  .F.,(2,2),(0.,1.),.PIECEWISE_BEZIER_KNOTS.);
#5048 = CARTESIAN_POINT('',(157.64200822968,189.93392049021,
    12.290770302811));
#5049 = CARTESIAN_POINT('',(155.5184858477,189.99694632848,
    9.261746381226));
#5050 = ORIENTED_EDGE('',*,*,#5051,.F.);
#5051 = EDGE_CURVE('',#5052,#5045,#5054,.T.);
#5052 = VERTEX_POINT('',#5053);
#5053 = CARTESIAN_POINT('',(158.15790351281,140.,10.111700040385));
#5054 = B_SPLINE_CURVE_WITH_KNOTS('',4,(#5055,#5056,#5057,#5058,#5059),
  .UNSPECIFIED.,.F.,.F.,(5,5),(0.,1.),.PIECEWISE_BEZIER_KNOTS.);
#5055 = CARTESIAN_POINT('',(158.1579072812,139.9997864,10.111692949231)
  );
#5056 = CARTESIAN_POINT('',(157.93762146901,152.48603016581,
    10.526214856717));
#5057 = CARTESIAN_POINT('',(157.71732296304,164.97227431198,
    10.940718657795));
#5058 = CARTESIAN_POINT('',(157.49701176897,177.45851883826,
    11.355204360601));
#5059 = CARTESIAN_POINT('',(157.27668789089,189.94476374448,
    11.769671970943));
#5060 = ORIENTED_EDGE('',*,*,#5061,.F.);
#5061 = EDGE_CURVE('',#3593,#5052,#5062,.T.);
#5062 = B_SPLINE_CURVE_WITH_KNOTS('',1,(#5063,#5064),.UNSPECIFIED.,.F.,
  .F.,(2,2),(0.,1.),.PIECEWISE_BEZIER_KNOTS.);
#5063 = CARTESIAN_POINT('',(172.06891554129,140.,29.97868414063));
#5064 = CARTESIAN_POINT('',(156.40931387488,140.,7.614455234368));
#5065 = ORIENTED_EDGE('',*,*,#3718,.F.);
#5066 = ORIENTED_EDGE('',*,*,#4846,.T.);
#5067 = ORIENTED_EDGE('',*,*,#5068,.F.);
#5068 = EDGE_CURVE('',#5069,#4847,#5071,.T.);
#5069 = VERTEX_POINT('',#5070);
#5070 = CARTESIAN_POINT('',(150.74410673396,489.98732657456,
    19.960887037127));
#5071 = B_SPLINE_CURVE_WITH_KNOTS('',4,(#5072,#5073,#5074,#5075,#5076,
    #5077,#5078,#5079,#5080,#5081,#5082,#5083,#5084,#5085),
  .UNSPECIFIED.,.F.,.F.,(5,3,3,3,5),(0.,0.250000833272,0.500001473431,
    0.750001926574,1.),.UNSPECIFIED.);
#5072 = CARTESIAN_POINT('',(156.92241873702,139.9997864,8.347232447515)
  );
#5073 = CARTESIAN_POINT('',(156.5370246027,161.87486304625,
    9.074207442319));
#5074 = CARTESIAN_POINT('',(156.15150137616,183.74994357743,
    9.800998301195));
#5075 = CARTESIAN_POINT('',(155.76585014773,205.62502795537,
    10.527606579043));
#5076 = CARTESIAN_POINT('',(154.99429304995,249.37518746504,
    11.980458929905));
#5077 = CARTESIAN_POINT('',(154.60838718156,271.25026259673,
    12.706703004287));
#5078 = CARTESIAN_POINT('',(154.22235437891,293.12534153268,
    13.432766019893));
#5079 = CARTESIAN_POINT('',(153.45003519222,336.87549063882,
    14.884529387492));
#5080 = CARTESIAN_POINT('',(153.06374880837,358.75056080899,
    15.610229739757));
#5081 = CARTESIAN_POINT('',(152.67733549043,380.62563477305,
    16.335749032881));
#5082 = CARTESIAN_POINT('',(151.90425759728,424.37558208469,
    17.786417071766));
#5083 = CARTESIAN_POINT('',(151.51759302374,446.25045543223,
    18.511565819899));
#5084 = CARTESIAN_POINT('',(151.13080045108,468.12533259496,
    19.23653198912));
#5085 = CARTESIAN_POINT('',(150.743878789,490.0002136,19.961314023909));
#5086 = ORIENTED_EDGE('',*,*,#5087,.F.);
#5087 = EDGE_CURVE('',#5088,#5069,#5090,.T.);
#5088 = VERTEX_POINT('',#5089);
#5089 = CARTESIAN_POINT('',(151.98024301359,489.95063822792,
    21.724130218889));
#5090 = B_SPLINE_CURVE_WITH_KNOTS('',1,(#5091,#5092),.UNSPECIFIED.,.F.,
  .F.,(2,2),(0.,1.),.PIECEWISE_BEZIER_KNOTS.);
#5091 = CARTESIAN_POINT('',(152.41529468485,489.93772595702,
    22.344694395919));
#5092 = CARTESIAN_POINT('',(150.30990565534,490.0002136,19.341536158094)
  );
#5093 = ORIENTED_EDGE('',*,*,#5094,.F.);
#5094 = EDGE_CURVE('',#5095,#5088,#5097,.T.);
#5095 = VERTEX_POINT('',#5096);
#5096 = CARTESIAN_POINT('',(152.86336504524,439.94964773295,
    20.065597614519));
#5097 = B_SPLINE_CURVE_WITH_KNOTS('',4,(#5098,#5099,#5100,#5101,#5102),
  .UNSPECIFIED.,.F.,.F.,(5,5),(0.,1.),.PIECEWISE_BEZIER_KNOTS.);
#5098 = CARTESIAN_POINT('',(152.86336505583,439.94964713338,
    20.06559759463));
#5099 = CARTESIAN_POINT('',(152.6426036158,452.44989448658,
    20.480257961687));
#5100 = CARTESIAN_POINT('',(152.42182946332,464.95014221996,
    20.894900195674));
#5101 = CARTESIAN_POINT('',(152.20104259429,477.45039033356,
    21.309524290761));
#5102 = CARTESIAN_POINT('',(151.980243003,489.9506388275,21.724130238775
    ));
#5103 = ORIENTED_EDGE('',*,*,#5104,.T.);
#5104 = EDGE_CURVE('',#5095,#5105,#5107,.T.);
#5105 = VERTEX_POINT('',#5106);
#5106 = CARTESIAN_POINT('',(151.6282698161,439.98630518136,
    18.303839402676));
#5107 = B_SPLINE_CURVE_WITH_KNOTS('',1,(#5108,#5109),.UNSPECIFIED.,.F.,
  .F.,(2,2),(0.,1.),.PIECEWISE_BEZIER_KNOTS.);
#5108 = CARTESIAN_POINT('',(153.28641360899,439.93709171255,
    20.669040380401));
#5109 = CARTESIAN_POINT('',(151.06396484709,440.00305367151,
    17.498906398575));
#5110 = ORIENTED_EDGE('',*,*,#5111,.F.);
#5111 = EDGE_CURVE('',#5112,#5105,#5114,.T.);
#5112 = VERTEX_POINT('',#5113);
#5113 = CARTESIAN_POINT('',(151.6388690295,439.38672801398,
    18.283964894263));
#5114 = B_SPLINE_CURVE_WITH_KNOTS('',4,(#5115,#5116,#5117,#5118,#5119,
    #5120,#5121,#5122,#5123,#5124,#5125,#5126,#5127,#5128),
  .UNSPECIFIED.,.F.,.F.,(5,3,3,3,5),(0.,0.250000833272,0.500001473431,
    0.750001926574,1.),.UNSPECIFIED.);
#5115 = CARTESIAN_POINT('',(156.92241873702,139.9997864,8.347232447515)
  );
#5116 = CARTESIAN_POINT('',(156.5370246027,161.87486304625,
    9.074207442319));
#5117 = CARTESIAN_POINT('',(156.15150137616,183.74994357743,
    9.800998301195));
#5118 = CARTESIAN_POINT('',(155.76585014773,205.62502795537,
    10.527606579043));
#5119 = CARTESIAN_POINT('',(154.99429304995,249.37518746504,
    11.980458929905));
#5120 = CARTESIAN_POINT('',(154.60838718156,271.25026259673,
    12.706703004287));
#5121 = CARTESIAN_POINT('',(154.22235437891,293.12534153268,
    13.432766019893));
#5122 = CARTESIAN_POINT('',(153.45003519222,336.87549063882,
    14.884529387492));
#5123 = CARTESIAN_POINT('',(153.06374880837,358.75056080899,
    15.610229739757));
#5124 = CARTESIAN_POINT('',(152.67733549043,380.62563477305,
    16.335749032881));
#5125 = CARTESIAN_POINT('',(151.90425759728,424.37558208469,
    17.786417071766));
#5126 = CARTESIAN_POINT('',(151.51759302374,446.25045543223,
    18.511565819899));
#5127 = CARTESIAN_POINT('',(151.13080045108,468.12533259496,
    19.23653198912));
#5128 = CARTESIAN_POINT('',(150.743878789,490.0002136,19.961314023909));
#5129 = ORIENTED_EDGE('',*,*,#5130,.F.);
#5130 = EDGE_CURVE('',#5131,#5112,#5133,.T.);
#5131 = VERTEX_POINT('',#5132);
#5132 = CARTESIAN_POINT('',(152.52946432374,439.36029527399,
    19.554323273159));
#5133 = B_SPLINE_CURVE_WITH_KNOTS('',1,(#5134,#5135),.UNSPECIFIED.,.F.,
  .F.,(2,2),(0.,1.),.PIECEWISE_BEZIER_KNOTS.);
#5134 = CARTESIAN_POINT('',(152.87628160489,439.35000178707,
    20.049028603284));
#5135 = CARTESIAN_POINT('',(151.07464794681,439.4034740144,
    17.479151546859));
#5136 = ORIENTED_EDGE('',*,*,#5137,.F.);
#5137 = EDGE_CURVE('',#5138,#5131,#5140,.T.);
#5138 = VERTEX_POINT('',#5139);
#5139 = CARTESIAN_POINT('',(153.39132935788,390.55846085216,
    17.935456139457));
#5140 = B_SPLINE_CURVE_WITH_KNOTS('',4,(#5141,#5142,#5143,#5144,#5145),
  .UNSPECIFIED.,.F.,.F.,(5,5),(0.,1.),.PIECEWISE_BEZIER_KNOTS.);
#5141 = CARTESIAN_POINT('',(153.39132936846,390.55846025258,
    17.935456119567));
#5142 = CARTESIAN_POINT('',(153.17588562643,402.75891848427,
    18.34020503806));
#5143 = CARTESIAN_POINT('',(152.96042687326,414.95937716496,
    18.744932544643));
#5144 = CARTESIAN_POINT('',(152.74495310457,427.15983629469,
    19.149638633069));
#5145 = CARTESIAN_POINT('',(152.52946431315,439.36029587357,
    19.554323293047));
#5146 = ORIENTED_EDGE('',*,*,#5147,.T.);
#5147 = EDGE_CURVE('',#5138,#5148,#5150,.T.);
#5148 = VERTEX_POINT('',#5149);
#5149 = CARTESIAN_POINT('',(152.50133781687,390.58487567283,
    16.66595896317));
#5150 = B_SPLINE_CURVE_WITH_KNOTS('',1,(#5151,#5152),.UNSPECIFIED.,.F.,
  .F.,(2,2),(0.,1.),.PIECEWISE_BEZIER_KNOTS.);
#5151 = CARTESIAN_POINT('',(153.72650883196,390.54851277367,
    18.413561128437));
#5152 = CARTESIAN_POINT('',(151.9441859475,390.60141186002,
    15.871229246822));
#5153 = ORIENTED_EDGE('',*,*,#5154,.F.);
#5154 = EDGE_CURVE('',#5155,#5148,#5157,.T.);
#5155 = VERTEX_POINT('',#5156);
#5156 = CARTESIAN_POINT('',(152.51193110435,389.98529868133,
    16.646076001933));
#5157 = B_SPLINE_CURVE_WITH_KNOTS('',4,(#5158,#5159,#5160,#5161,#5162,
    #5163,#5164,#5165,#5166,#5167,#5168,#5169,#5170,#5171),
  .UNSPECIFIED.,.F.,.F.,(5,3,3,3,5),(0.,0.250000833272,0.500001473431,
    0.750001926574,1.),.UNSPECIFIED.);
#5158 = CARTESIAN_POINT('',(156.92241873702,139.9997864,8.347232447515)
  );
#5159 = CARTESIAN_POINT('',(156.5370246027,161.87486304625,
    9.074207442319));
#5160 = CARTESIAN_POINT('',(156.15150137616,183.74994357743,
    9.800998301195));
#5161 = CARTESIAN_POINT('',(155.76585014773,205.62502795537,
    10.527606579043));
#5162 = CARTESIAN_POINT('',(154.99429304995,249.37518746504,
    11.980458929905));
#5163 = CARTESIAN_POINT('',(154.60838718156,271.25026259673,
    12.706703004287));
#5164 = CARTESIAN_POINT('',(154.22235437891,293.12534153268,
    13.432766019893));
#5165 = CARTESIAN_POINT('',(153.45003519222,336.87549063882,
    14.884529387492));
#5166 = CARTESIAN_POINT('',(153.06374880837,358.75056080899,
    15.610229739757));
#5167 = CARTESIAN_POINT('',(152.67733549043,380.62563477305,
    16.335749032881));
#5168 = CARTESIAN_POINT('',(151.90425759728,424.37558208469,
    17.786417071766));
#5169 = CARTESIAN_POINT('',(151.51759302374,446.25045543223,
    18.511565819899));
#5170 = CARTESIAN_POINT('',(151.13080045108,468.12533259496,
    19.23653198912));
#5171 = CARTESIAN_POINT('',(150.743878789,490.0002136,19.961314023909));
#5172 = ORIENTED_EDGE('',*,*,#5173,.F.);
#5173 = EDGE_CURVE('',#5174,#5155,#5176,.T.);
#5174 = VERTEX_POINT('',#5175);
#5175 = CARTESIAN_POINT('',(153.74633452474,389.94866176571,
    18.406847407494));
#5176 = B_SPLINE_CURVE_WITH_KNOTS('',1,(#5177,#5178),.UNSPECIFIED.,.F.,
  .F.,(2,2),(0.,1.),.PIECEWISE_BEZIER_KNOTS.);
#5177 = CARTESIAN_POINT('',(154.15753253313,389.93645746808,
    18.993386364883));
#5178 = CARTESIAN_POINT('',(151.95486904722,390.00183220291,
    15.851474395105));
#5179 = ORIENTED_EDGE('',*,*,#5180,.F.);
#5180 = EDGE_CURVE('',#5181,#5174,#5183,.T.);
#5181 = VERTEX_POINT('',#5182);
#5182 = CARTESIAN_POINT('',(154.62915153052,339.94768032386,
    16.747879709684));
#5183 = B_SPLINE_CURVE_WITH_KNOTS('',4,(#5184,#5185,#5186,#5187,#5188),
  .UNSPECIFIED.,.F.,.F.,(5,5),(0.,1.),.PIECEWISE_BEZIER_KNOTS.);
#5184 = CARTESIAN_POINT('',(154.6291515411,339.94767972429,
    16.747879689789));
#5185 = CARTESIAN_POINT('',(154.40846633958,352.44792481438,
    17.162648804562));
#5186 = CARTESIAN_POINT('',(154.18776843539,364.94817028459,
    17.577399800251));
#5187 = CARTESIAN_POINT('',(153.96705782773,377.44841613489,
    17.992132675691));
#5188 = CARTESIAN_POINT('',(153.74633451415,389.94866236529,
    18.406847427385));
#5189 = ORIENTED_EDGE('',*,*,#5190,.T.);
#5190 = EDGE_CURVE('',#5181,#4897,#5191,.T.);
#5191 = B_SPLINE_CURVE_WITH_KNOTS('',1,(#5192,#5193),.UNSPECIFIED.,.F.,
  .F.,(2,2),(0.,1.),.PIECEWISE_BEZIER_KNOTS.);
#5192 = CARTESIAN_POINT('',(155.02865145726,339.93582322361,
    17.317732349365));
#5193 = CARTESIAN_POINT('',(152.84577324734,340.0006107343,
    14.204042391635));
#5194 = B_SPLINE_SURFACE_WITH_KNOTS('',1,1,(
    (#5195,#5196)
    ,(#5197,#5198
    )),.UNSPECIFIED.,.F.,.F.,.F.,(2,2),(2,2),(0.,90.53264350255),(0.,1.)
  ,.PIECEWISE_BEZIER_KNOTS.);
#5195 = CARTESIAN_POINT('',(156.46276682106,137.,7.515611728845));
#5196 = CARTESIAN_POINT('',(150.11968387373,493.,19.245041050956));
#5197 = CARTESIAN_POINT('',(208.3901578547,137.,81.675611728845));
#5198 = CARTESIAN_POINT('',(202.04707490736,493.,93.405041050956));
#5199 = ADVANCED_FACE('',(#5200),#5236,.F.);
#5200 = FACE_BOUND('',#5201,.F.);
#5201 = EDGE_LOOP('',(#5202,#5203,#5204,#5205,#5212,#5221,#5229));
#5202 = ORIENTED_EDGE('',*,*,#5061,.F.);
#5203 = ORIENTED_EDGE('',*,*,#3592,.T.);
#5204 = ORIENTED_EDGE('',*,*,#4215,.T.);
#5205 = ORIENTED_EDGE('',*,*,#5206,.T.);
#5206 = EDGE_CURVE('',#4216,#5207,#5209,.T.);
#5207 = VERTEX_POINT('',#5208);
#5208 = CARTESIAN_POINT('',(157.01857676884,140.,6.744337646778));
#5209 = B_SPLINE_CURVE_WITH_KNOTS('',1,(#5210,#5211),.UNSPECIFIED.,.F.,
  .F.,(2,2),(0.,1.),.PIECEWISE_BEZIER_KNOTS.);
#5210 = CARTESIAN_POINT('',(165.51749763117,140.,-5.393379242218));
#5211 = CARTESIAN_POINT('',(156.40931387488,140.,7.614455234368));
#5212 = ORIENTED_EDGE('',*,*,#5213,.F.);
#5213 = EDGE_CURVE('',#5214,#5207,#5216,.T.);
#5214 = VERTEX_POINT('',#5215);
#5215 = CARTESIAN_POINT('',(157.29840303244,140.,7.967510082723));
#5216 = ELLIPSE('',#5217,0.950689233662,0.95);
#5217 = AXIS2_PLACEMENT_3D('',#5218,#5219,#5220);
#5218 = CARTESIAN_POINT('',(156.46276682106,140.,7.515611728845));
#5219 = DIRECTION('',(0.,1.,-0.));
#5220 = DIRECTION('',(-0.475682477763,0.,0.879617064608));
#5221 = ORIENTED_EDGE('',*,*,#5222,.T.);
#5222 = EDGE_CURVE('',#5214,#5223,#5225,.T.);
#5223 = VERTEX_POINT('',#5224);
#5224 = CARTESIAN_POINT('',(159.18957972135,140.,8.99022740991));
#5225 = LINE('',#5226,#5227);
#5226 = CARTESIAN_POINT('',(140.94781163039,140.,-0.874621503817));
#5227 = VECTOR('',#5228,1.);
#5228 = DIRECTION('',(0.879617064608,0.,0.475682477763));
#5229 = ORIENTED_EDGE('',*,*,#5230,.F.);
#5230 = EDGE_CURVE('',#5052,#5223,#5231,.T.);
#5231 = ELLIPSE('',#5232,3.102249078267,3.1);
#5232 = AXIS2_PLACEMENT_3D('',#5233,#5234,#5235);
#5233 = CARTESIAN_POINT('',(156.46276682106,140.,7.515611728845));
#5234 = DIRECTION('',(0.,1.,-0.));
#5235 = DIRECTION('',(-0.475682477763,0.,0.879617064608));
#5236 = PLANE('',#5237);
#5237 = AXIS2_PLACEMENT_3D('',#5238,#5239,#5240);
#5238 = CARTESIAN_POINT('',(156.46276682106,140.,-66.64438827115));
#5239 = DIRECTION('',(0.,1.,0.));
#5240 = DIRECTION('',(0.593239768864,0.,0.805025823585));
#5241 = ADVANCED_FACE('',(#5242),#5497,.F.);
#5242 = FACE_BOUND('',#5243,.F.);
#5243 = EDGE_LOOP('',(#5244,#5259,#5266,#5276,#5283,#5296,#5303,#5313,
    #5320,#5333,#5340,#5350,#5357,#5370,#5377,#5387,#5394,#5405,#5406,
    #5407,#5408,#5418,#5425,#5438,#5445,#5455,#5462,#5475,#5482,#5492));
#5244 = ORIENTED_EDGE('',*,*,#5245,.F.);
#5245 = EDGE_CURVE('',#5246,#5248,#5250,.T.);
#5246 = VERTEX_POINT('',#5247);
#5247 = CARTESIAN_POINT('',(153.39217311971,339.43637099574,
    13.419469804648));
#5248 = VERTEX_POINT('',#5249);
#5249 = CARTESIAN_POINT('',(153.38127087186,340.03593619619,
    13.439537523883));
#5250 = B_SPLINE_CURVE_WITH_KNOTS('',4,(#5251,#5252,#5253,#5254,#5255,
    #5256,#5257,#5258),.UNSPECIFIED.,.F.,.F.,(5,3,5),(0.,0.499999951916,
    1.),.UNSPECIFIED.);
#5251 = CARTESIAN_POINT('',(157.01858828954,139.99936640004,
    6.744316440494));
#5252 = CARTESIAN_POINT('',(156.22308211591,183.74952226459,
    8.208612975988));
#5253 = CARTESIAN_POINT('',(155.42756756082,227.4996775716,
    9.672921477266));
#5254 = CARTESIAN_POINT('',(154.63204462659,271.24983232121,
    11.137241941015));
#5255 = CARTESIAN_POINT('',(153.04098184685,358.75014912027,
    14.065907075092));
#5256 = CARTESIAN_POINT('',(152.24544200133,402.50031116972,
    15.530251745426));
#5257 = CARTESIAN_POINT('',(151.44989377667,446.25047266175,
    16.994608378232));
#5258 = CARTESIAN_POINT('',(150.65433717055,490.00063359619,
    18.458976976823));
#5259 = ORIENTED_EDGE('',*,*,#5260,.F.);
#5260 = EDGE_CURVE('',#5261,#5246,#5263,.T.);
#5261 = VERTEX_POINT('',#5262);
#5262 = CARTESIAN_POINT('',(154.28078777932,339.49499072039,
    12.150836291233));
#5263 = B_SPLINE_CURVE_WITH_KNOTS('',1,(#5264,#5265),.UNSPECIFIED.,.F.,
  .F.,(2,2),(0.,1.),.PIECEWISE_BEZIER_KNOTS.);
#5264 = CARTESIAN_POINT('',(154.59621724367,339.51579882674,
    11.700512424458));
#5265 = CARTESIAN_POINT('',(152.85645634705,339.40103107718,
    14.184287539919));
#5266 = ORIENTED_EDGE('',*,*,#5267,.F.);
#5267 = EDGE_CURVE('',#5268,#5261,#5270,.T.);
#5268 = VERTEX_POINT('',#5269);
#5269 = CARTESIAN_POINT('',(155.16815911983,290.6941049876,
    10.517454167527));
#5270 = B_SPLINE_CURVE_WITH_KNOTS('',4,(#5271,#5272,#5273,#5274,#5275),
  .UNSPECIFIED.,.F.,.F.,(5,5),(0.,1.),.PIECEWISE_BEZIER_KNOTS.);
#5271 = CARTESIAN_POINT('',(155.16815913073,290.69410438803,
    10.51745414746));
#5272 = CARTESIAN_POINT('',(154.94631666156,302.89432614572,
    10.92579915818));
#5273 = CARTESIAN_POINT('',(154.72447394479,315.09454788693,
    11.334144522394));
#5274 = CARTESIAN_POINT('',(154.50263098041,327.29476961168,
    11.742490240101));
#5275 = CARTESIAN_POINT('',(154.28078776842,339.49499131995,
    12.150836311301));
#5276 = ORIENTED_EDGE('',*,*,#5277,.T.);
#5277 = EDGE_CURVE('',#5268,#5278,#5280,.T.);
#5278 = VERTEX_POINT('',#5279);
#5279 = CARTESIAN_POINT('',(154.27954446022,290.63548526295,
    11.786087680942));
#5280 = B_SPLINE_CURVE_WITH_KNOTS('',1,(#5281,#5282),.UNSPECIFIED.,.F.,
  .F.,(2,2),(0.,1.),.PIECEWISE_BEZIER_KNOTS.);
#5281 = CARTESIAN_POINT('',(155.48503287102,290.71500837,10.0650683601)
  );
#5282 = CARTESIAN_POINT('',(153.72599434774,290.59896892281,
    12.576365239882));
#5283 = ORIENTED_EDGE('',*,*,#5284,.F.);
#5284 = EDGE_CURVE('',#5285,#5278,#5287,.T.);
#5285 = VERTEX_POINT('',#5286);
#5286 = CARTESIAN_POINT('',(154.29044661081,290.03592005609,
    11.766020100542));
#5287 = B_SPLINE_CURVE_WITH_KNOTS('',4,(#5288,#5289,#5290,#5291,#5292,
    #5293,#5294,#5295),.UNSPECIFIED.,.F.,.F.,(5,3,5),(0.,0.499999951916,
    1.),.UNSPECIFIED.);
#5288 = CARTESIAN_POINT('',(157.01858828954,139.99936640004,
    6.744316440494));
#5289 = CARTESIAN_POINT('',(156.22308211591,183.74952226459,
    8.208612975988));
#5290 = CARTESIAN_POINT('',(155.42756756082,227.4996775716,
    9.672921477266));
#5291 = CARTESIAN_POINT('',(154.63204462659,271.24983232121,
    11.137241941015));
#5292 = CARTESIAN_POINT('',(153.04098184685,358.75014912027,
    14.065907075092));
#5293 = CARTESIAN_POINT('',(152.24544200133,402.50031116972,
    15.530251745426));
#5294 = CARTESIAN_POINT('',(151.44989377667,446.25047266175,
    16.994608378232));
#5295 = CARTESIAN_POINT('',(150.65433717055,490.00063359619,
    18.458976976823));
#5296 = ORIENTED_EDGE('',*,*,#5297,.F.);
#5297 = EDGE_CURVE('',#5298,#5285,#5300,.T.);
#5298 = VERTEX_POINT('',#5299);
#5299 = CARTESIAN_POINT('',(155.5230410097,290.11723127854,
    10.006302830571));
#5300 = B_SPLINE_CURVE_WITH_KNOTS('',1,(#5301,#5302),.UNSPECIFIED.,.F.,
  .F.,(2,2),(0.,1.),.PIECEWISE_BEZIER_KNOTS.);
#5301 = CARTESIAN_POINT('',(155.91580874506,290.14314120051,
    9.445566737956));
#5302 = CARTESIAN_POINT('',(153.73667744746,289.99938926569,
    12.556610388166));
#5303 = ORIENTED_EDGE('',*,*,#5304,.F.);
#5304 = EDGE_CURVE('',#5305,#5298,#5307,.T.);
#5305 = VERTEX_POINT('',#5306);
#5306 = CARTESIAN_POINT('',(156.43221423324,240.11721497249,
    8.33278899836));
#5307 = B_SPLINE_CURVE_WITH_KNOTS('',4,(#5308,#5309,#5310,#5311,#5312),
  .UNSPECIFIED.,.F.,.F.,(5,5),(0.,1.),.PIECEWISE_BEZIER_KNOTS.);
#5308 = CARTESIAN_POINT('',(156.43221424414,240.11721437293,
    8.332788978293));
#5309 = CARTESIAN_POINT('',(156.20492124723,252.61721877014,
    8.751166997493));
#5310 = CARTESIAN_POINT('',(155.9776280407,265.1172231534,9.169545315951
    ));
#5311 = CARTESIAN_POINT('',(155.75033462455,277.61722752273,
    9.587923933666));
#5312 = CARTESIAN_POINT('',(155.52304099879,290.1172318781,
    10.006302850638));
#5313 = ORIENTED_EDGE('',*,*,#5314,.T.);
#5314 = EDGE_CURVE('',#5305,#5315,#5317,.T.);
#5315 = VERTEX_POINT('',#5316);
#5316 = CARTESIAN_POINT('',(155.19961414152,240.0359033745,
    10.092514395727));
#5317 = B_SPLINE_CURVE_WITH_KNOTS('',1,(#5318,#5319),.UNSPECIFIED.,.F.,
  .F.,(2,2),(0.,1.),.PIECEWISE_BEZIER_KNOTS.);
#5318 = CARTESIAN_POINT('',(156.82646425972,240.14322267757,
    7.769936708166));
#5319 = CARTESIAN_POINT('',(154.62758164758,239.99816779708,
    10.909178384696));
#5320 = ORIENTED_EDGE('',*,*,#5321,.F.);
#5321 = EDGE_CURVE('',#5322,#5315,#5324,.T.);
#5322 = VERTEX_POINT('',#5323);
#5323 = CARTESIAN_POINT('',(155.21051619251,239.43633816106,
    10.072446957534));
#5324 = B_SPLINE_CURVE_WITH_KNOTS('',4,(#5325,#5326,#5327,#5328,#5329,
    #5330,#5331,#5332),.UNSPECIFIED.,.F.,.F.,(5,3,5),(0.,0.499999951916,
    1.),.UNSPECIFIED.);
#5325 = CARTESIAN_POINT('',(157.01858828954,139.99936640004,
    6.744316440494));
#5326 = CARTESIAN_POINT('',(156.22308211591,183.74952226459,
    8.208612975988));
#5327 = CARTESIAN_POINT('',(155.42756756082,227.4996775716,
    9.672921477266));
#5328 = CARTESIAN_POINT('',(154.63204462659,271.24983232121,
    11.137241941015));
#5329 = CARTESIAN_POINT('',(153.04098184685,358.75014912027,
    14.065907075092));
#5330 = CARTESIAN_POINT('',(152.24544200133,402.50031116972,
    15.530251745426));
#5331 = CARTESIAN_POINT('',(151.44989377667,446.25047266175,
    16.994608378232));
#5332 = CARTESIAN_POINT('',(150.65433717055,490.00063359619,
    18.458976976823));
#5333 = ORIENTED_EDGE('',*,*,#5334,.F.);
#5334 = EDGE_CURVE('',#5335,#5322,#5337,.T.);
#5335 = VERTEX_POINT('',#5336);
#5336 = CARTESIAN_POINT('',(156.09913606331,239.49495822948,
    8.803806004351));
#5337 = B_SPLINE_CURVE_WITH_KNOTS('',1,(#5338,#5339),.UNSPECIFIED.,.F.,
  .F.,(2,2),(0.,1.),.PIECEWISE_BEZIER_KNOTS.);
#5338 = CARTESIAN_POINT('',(156.41752827299,239.51596178086,
    8.34925236488));
#5339 = CARTESIAN_POINT('',(154.6382647473,239.39858813997,
    10.889423532979));
#5340 = ORIENTED_EDGE('',*,*,#5341,.F.);
#5341 = EDGE_CURVE('',#5342,#5335,#5344,.T.);
#5342 = VERTEX_POINT('',#5343);
#5343 = CARTESIAN_POINT('',(156.98650131519,190.69407209504,
    7.170432573091));
#5344 = B_SPLINE_CURVE_WITH_KNOTS('',4,(#5345,#5346,#5347,#5348,#5349),
  .UNSPECIFIED.,.F.,.F.,(5,5),(0.,1.),.PIECEWISE_BEZIER_KNOTS.);
#5345 = CARTESIAN_POINT('',(156.98650132609,190.69407149547,
    7.170432553023));
#5346 = CARTESIAN_POINT('',(156.76466037908,202.89429335357,
    7.578775390624));
#5347 = CARTESIAN_POINT('',(156.54281918447,215.0945151952,
    7.987118581726));
#5348 = CARTESIAN_POINT('',(156.32097774224,227.29473702036,
    8.395462126324));
#5349 = CARTESIAN_POINT('',(156.09913605241,239.49495882904,
    8.803806024418));
#5350 = ORIENTED_EDGE('',*,*,#5351,.T.);
#5351 = EDGE_CURVE('',#5342,#5352,#5354,.T.);
#5352 = VERTEX_POINT('',#5353);
#5353 = CARTESIAN_POINT('',(156.09787150988,190.63545137127,
    8.439087709312));
#5354 = B_SPLINE_CURVE_WITH_KNOTS('',1,(#5355,#5356),.UNSPECIFIED.,.F.,
  .F.,(2,2),(0.,1.),.PIECEWISE_BEZIER_KNOTS.);
#5355 = CARTESIAN_POINT('',(157.30634390034,190.71517132412,
    6.713808300522));
#5356 = CARTESIAN_POINT('',(155.50780274799,190.59652598559,
    9.281501232942));
#5357 = ORIENTED_EDGE('',*,*,#5358,.F.);
#5358 = EDGE_CURVE('',#5359,#5352,#5361,.T.);
#5359 = VERTEX_POINT('',#5360);
#5360 = CARTESIAN_POINT('',(156.10877346361,190.03588615141,
    8.419020409967));
#5361 = B_SPLINE_CURVE_WITH_KNOTS('',4,(#5362,#5363,#5364,#5365,#5366,
    #5367,#5368,#5369),.UNSPECIFIED.,.F.,.F.,(5,3,5),(0.,0.499999951916,
    1.),.UNSPECIFIED.);
#5362 = CARTESIAN_POINT('',(157.01858828954,139.99936640004,
    6.744316440494));
#5363 = CARTESIAN_POINT('',(156.22308211591,183.74952226459,
    8.208612975988));
#5364 = CARTESIAN_POINT('',(155.42756756082,227.4996775716,
    9.672921477266));
#5365 = CARTESIAN_POINT('',(154.63204462659,271.24983232121,
    11.137241941015));
#5366 = CARTESIAN_POINT('',(153.04098184685,358.75014912027,
    14.065907075092));
#5367 = CARTESIAN_POINT('',(152.24544200133,402.50031116972,
    15.530251745426));
#5368 = CARTESIAN_POINT('',(151.44989377667,446.25047266175,
    16.994608378232));
#5369 = CARTESIAN_POINT('',(150.65433717055,490.00063359619,
    18.458976976823));
#5370 = ORIENTED_EDGE('',*,*,#5371,.F.);
#5371 = EDGE_CURVE('',#5372,#5359,#5374,.T.);
#5372 = VERTEX_POINT('',#5373);
#5373 = CARTESIAN_POINT('',(157.34138494136,190.11719850052,
    6.659278757296));
#5374 = B_SPLINE_CURVE_WITH_KNOTS('',1,(#5375,#5376),.UNSPECIFIED.,.F.,
  .F.,(2,2),(0.,1.),.PIECEWISE_BEZIER_KNOTS.);
#5375 = CARTESIAN_POINT('',(157.73711977438,190.14330415463,
    6.094306678377));
#5376 = CARTESIAN_POINT('',(155.5184858477,189.99694632848,
    9.261746381226));
#5377 = ORIENTED_EDGE('',*,*,#5378,.F.);
#5378 = EDGE_CURVE('',#5379,#5372,#5381,.T.);
#5379 = VERTEX_POINT('',#5380);
#5380 = CARTESIAN_POINT('',(158.25055313404,140.1171818626,
    4.985772107407));
#5381 = B_SPLINE_CURVE_WITH_KNOTS('',4,(#5382,#5383,#5384,#5385,#5386),
  .UNSPECIFIED.,.F.,.F.,(5,5),(0.,1.),.PIECEWISE_BEZIER_KNOTS.);
#5382 = CARTESIAN_POINT('',(158.25055314495,140.11718126303,
    4.985772087339));
#5383 = CARTESIAN_POINT('',(158.02326140575,152.61718574321,
    5.404148310951));
#5384 = CARTESIAN_POINT('',(157.79596945694,165.11719020945,
    5.822524833826));
#5385 = CARTESIAN_POINT('',(157.56867729851,177.61719466174,
    6.240901655964));
#5386 = CARTESIAN_POINT('',(157.34138493046,190.11719910008,
    6.659278777363));
#5387 = ORIENTED_EDGE('',*,*,#5388,.F.);
#5388 = EDGE_CURVE('',#5389,#5379,#5391,.T.);
#5389 = VERTEX_POINT('',#5390);
#5390 = CARTESIAN_POINT('',(157.01792457634,140.03586838678,
    6.745538144321));
#5391 = B_SPLINE_CURVE_WITH_KNOTS('',1,(#5392,#5393),.UNSPECIFIED.,.F.,
  .F.,(2,2),(0.,1.),.PIECEWISE_BEZIER_KNOTS.);
#5392 = CARTESIAN_POINT('',(156.46459204676,139.99936640004,
    7.535505070365));
#5393 = CARTESIAN_POINT('',(158.64777528905,140.14338563169,
    4.418676648588));
#5394 = ORIENTED_EDGE('',*,*,#5395,.F.);
#5395 = EDGE_CURVE('',#5207,#5389,#5396,.T.);
#5396 = B_SPLINE_CURVE_WITH_KNOTS('',4,(#5397,#5398,#5399,#5400,#5401,
    #5402,#5403,#5404),.UNSPECIFIED.,.F.,.F.,(5,3,5),(0.,0.499999951916,
    1.),.UNSPECIFIED.);
#5397 = CARTESIAN_POINT('',(157.01858828954,139.99936640004,
    6.744316440494));
#5398 = CARTESIAN_POINT('',(156.22308211591,183.74952226459,
    8.208612975988));
#5399 = CARTESIAN_POINT('',(155.42756756082,227.4996775716,
    9.672921477266));
#5400 = CARTESIAN_POINT('',(154.63204462659,271.24983232121,
    11.137241941015));
#5401 = CARTESIAN_POINT('',(153.04098184685,358.75014912027,
    14.065907075092));
#5402 = CARTESIAN_POINT('',(152.24544200133,402.50031116972,
    15.530251745426));
#5403 = CARTESIAN_POINT('',(151.44989377667,446.25047266175,
    16.994608378232));
#5404 = CARTESIAN_POINT('',(150.65433717055,490.00063359619,
    18.458976976823));
#5405 = ORIENTED_EDGE('',*,*,#5206,.F.);
#5406 = ORIENTED_EDGE('',*,*,#4489,.F.);
#5407 = ORIENTED_EDGE('',*,*,#4855,.T.);
#5408 = ORIENTED_EDGE('',*,*,#5409,.F.);
#5409 = EDGE_CURVE('',#5410,#4856,#5412,.T.);
#5410 = VERTEX_POINT('',#5411);
#5411 = CARTESIAN_POINT('',(152.79550624661,440.11727920105,
    15.026865873999));
#5412 = B_SPLINE_CURVE_WITH_KNOTS('',4,(#5413,#5414,#5415,#5416,#5417),
  .UNSPECIFIED.,.F.,.F.,(5,5),(0.,1.),.PIECEWISE_BEZIER_KNOTS.);
#5413 = CARTESIAN_POINT('',(152.79550625751,440.11727860149,
    15.026865853931));
#5414 = CARTESIAN_POINT('',(152.56874107929,452.58811737098,
    15.444271281171));
#5415 = CARTESIAN_POINT('',(152.34197569243,465.0589561266,
    15.861677006278));
#5416 = CARTESIAN_POINT('',(152.11521009693,477.52979486833,
    16.279083029251));
#5417 = CARTESIAN_POINT('',(151.88844429278,490.00063359619,
    16.696489350095));
#5418 = ORIENTED_EDGE('',*,*,#5419,.T.);
#5419 = EDGE_CURVE('',#5410,#5420,#5422,.T.);
#5420 = VERTEX_POINT('',#5421);
#5421 = CARTESIAN_POINT('',(151.56289476886,440.03596685195,
    16.78660752667));
#5422 = B_SPLINE_CURVE_WITH_KNOTS('',1,(#5423,#5424),.UNSPECIFIED.,.F.,
  .F.,(2,2),(0.,1.),.PIECEWISE_BEZIER_KNOTS.);
#5423 = CARTESIAN_POINT('',(153.18384220108,440.14289676934,
    14.472456827323));
#5424 = CARTESIAN_POINT('',(151.06396484709,440.00305367151,
    17.498906398575));
#5425 = ORIENTED_EDGE('',*,*,#5426,.F.);
#5426 = EDGE_CURVE('',#5427,#5420,#5429,.T.);
#5427 = VERTEX_POINT('',#5428);
#5428 = CARTESIAN_POINT('',(151.57379721357,439.43640166449,
    16.766539526381));
#5429 = B_SPLINE_CURVE_WITH_KNOTS('',4,(#5430,#5431,#5432,#5433,#5434,
    #5435,#5436,#5437),.UNSPECIFIED.,.F.,.F.,(5,3,5),(0.,0.499999951916,
    1.),.UNSPECIFIED.);
#5430 = CARTESIAN_POINT('',(157.01858828954,139.99936640004,
    6.744316440494));
#5431 = CARTESIAN_POINT('',(156.22308211591,183.74952226459,
    8.208612975988));
#5432 = CARTESIAN_POINT('',(155.42756756082,227.4996775716,
    9.672921477266));
#5433 = CARTESIAN_POINT('',(154.63204462659,271.24983232121,
    11.137241941015));
#5434 = CARTESIAN_POINT('',(153.04098184685,358.75014912027,
    14.065907075092));
#5435 = CARTESIAN_POINT('',(152.24544200133,402.50031116972,
    15.530251745426));
#5436 = CARTESIAN_POINT('',(151.44989377667,446.25047266175,
    16.994608378232));
#5437 = CARTESIAN_POINT('',(150.65433717055,490.00063359619,
    18.458976976823));
#5438 = ORIENTED_EDGE('',*,*,#5439,.F.);
#5439 = EDGE_CURVE('',#5440,#5427,#5442,.T.);
#5440 = VERTEX_POINT('',#5441);
#5441 = CARTESIAN_POINT('',(152.46242701889,439.49502238826,
    15.49788439016));
#5442 = B_SPLINE_CURVE_WITH_KNOTS('',1,(#5443,#5444),.UNSPECIFIED.,.F.,
  .F.,(2,2),(0.,1.),.PIECEWISE_BEZIER_KNOTS.);
#5443 = CARTESIAN_POINT('',(152.77490621435,439.51563587262,
    15.051772484037));
#5444 = CARTESIAN_POINT('',(151.07464794681,439.4034740144,
    17.479151546859));
#5445 = ORIENTED_EDGE('',*,*,#5446,.F.);
#5446 = EDGE_CURVE('',#5447,#5440,#5449,.T.);
#5447 = VERTEX_POINT('',#5448);
#5448 = CARTESIAN_POINT('',(153.34980444802,390.69413705712,
    13.864493574007));
#5449 = B_SPLINE_CURVE_WITH_KNOTS('',4,(#5450,#5451,#5452,#5453,#5454),
  .UNSPECIFIED.,.F.,.F.,(5,5),(0.,1.),.PIECEWISE_BEZIER_KNOTS.);
#5450 = CARTESIAN_POINT('',(153.34980445892,390.69413645755,
    13.864493553939));
#5451 = CARTESIAN_POINT('',(153.1279604676,402.89435811483,
    14.272840737766));
#5452 = CARTESIAN_POINT('',(152.90611622867,415.09457975563,
    14.681188275088));
#5453 = CARTESIAN_POINT('',(152.68427174213,427.29480137996,
    15.089536165908));
#5454 = CARTESIAN_POINT('',(152.46242700798,439.49502298782,
    15.497884410227));
#5455 = ORIENTED_EDGE('',*,*,#5456,.T.);
#5456 = EDGE_CURVE('',#5447,#5457,#5459,.T.);
#5457 = VERTEX_POINT('',#5458);
#5458 = CARTESIAN_POINT('',(152.46118457722,390.6355169887,
    15.13313452719));
#5459 = B_SPLINE_CURVE_WITH_KNOTS('',1,(#5460,#5461),.UNSPECIFIED.,.F.,
  .F.,(2,2),(0.,1.),.PIECEWISE_BEZIER_KNOTS.);
#5460 = CARTESIAN_POINT('',(153.66372184169,390.71484541589,
    13.416328419678));
#5461 = CARTESIAN_POINT('',(151.9441859475,390.60141186002,
    15.871229246822));
#5462 = ORIENTED_EDGE('',*,*,#5463,.F.);
#5463 = EDGE_CURVE('',#5464,#5457,#5466,.T.);
#5464 = VERTEX_POINT('',#5465);
#5465 = CARTESIAN_POINT('',(152.47208692467,390.03595179482,
    15.113066665749));
#5466 = B_SPLINE_CURVE_WITH_KNOTS('',4,(#5467,#5468,#5469,#5470,#5471,
    #5472,#5473,#5474),.UNSPECIFIED.,.F.,.F.,(5,3,5),(0.,0.499999951916,
    1.),.UNSPECIFIED.);
#5467 = CARTESIAN_POINT('',(157.01858828954,139.99936640004,
    6.744316440494));
#5468 = CARTESIAN_POINT('',(156.22308211591,183.74952226459,
    8.208612975988));
#5469 = CARTESIAN_POINT('',(155.42756756082,227.4996775716,
    9.672921477266));
#5470 = CARTESIAN_POINT('',(154.63204462659,271.24983232121,
    11.137241941015));
#5471 = CARTESIAN_POINT('',(153.04098184685,358.75014912027,
    14.065907075092));
#5472 = CARTESIAN_POINT('',(152.24544200133,402.50031116972,
    15.530251745426));
#5473 = CARTESIAN_POINT('',(151.44989377667,446.25047266175,
    16.994608378232));
#5474 = CARTESIAN_POINT('',(150.65433717055,490.00063359619,
    18.458976976823));
#5475 = ORIENTED_EDGE('',*,*,#5476,.F.);
#5476 = EDGE_CURVE('',#5477,#5464,#5479,.T.);
#5477 = VERTEX_POINT('',#5478);
#5478 = CARTESIAN_POINT('',(153.70468701639,390.11726339282,
    13.353341268382));
#5479 = B_SPLINE_CURVE_WITH_KNOTS('',1,(#5480,#5481),.UNSPECIFIED.,.F.,
  .F.,(2,2),(0.,1.),.PIECEWISE_BEZIER_KNOTS.);
#5480 = CARTESIAN_POINT('',(154.09449771574,390.14297824639,
    12.796826797534));
#5481 = CARTESIAN_POINT('',(151.95486904722,390.00183220291,
    15.851474395105));
#5482 = ORIENTED_EDGE('',*,*,#5483,.F.);
#5483 = EDGE_CURVE('',#5484,#5477,#5486,.T.);
#5484 = VERTEX_POINT('',#5485);
#5485 = CARTESIAN_POINT('',(154.61386527075,340.11724741864,
    11.679820253911));
#5486 = B_SPLINE_CURVE_WITH_KNOTS('',4,(#5487,#5488,#5489,#5490,#5491),
  .UNSPECIFIED.,.F.,.F.,(5,5),(0.,1.),.PIECEWISE_BEZIER_KNOTS.);
#5487 = CARTESIAN_POINT('',(154.61386528165,340.11724681908,
    11.679820233844));
#5488 = CARTESIAN_POINT('',(154.38657102703,352.61725113332,
    12.098200048609));
#5489 = CARTESIAN_POINT('',(154.1592765628,365.11725543362,
    12.516580162632));
#5490 = CARTESIAN_POINT('',(153.93198188895,377.61725971997,
    12.934960575912));
#5491 = CARTESIAN_POINT('',(153.70468700549,390.11726399238,
    13.35334128845));
#5492 = ORIENTED_EDGE('',*,*,#5493,.T.);
#5493 = EDGE_CURVE('',#5484,#5248,#5494,.T.);
#5494 = B_SPLINE_CURVE_WITH_KNOTS('',1,(#5495,#5496),.UNSPECIFIED.,.F.,
  .F.,(2,2),(0.,1.),.PIECEWISE_BEZIER_KNOTS.);
#5495 = CARTESIAN_POINT('',(155.0051532304,340.14305972345,
    11.121196767745));
#5496 = CARTESIAN_POINT('',(152.84577324734,340.0006107343,
    14.204042391635));
#5497 = B_SPLINE_SURFACE_WITH_KNOTS('',1,1,(
    (#5498,#5499)
    ,(#5500,#5501
    )),.UNSPECIFIED.,.F.,.F.,.F.,(2,2),(2,2),(0.,90.53264350255),(0.,1.)
  ,.PIECEWISE_BEZIER_KNOTS.);
#5498 = CARTESIAN_POINT('',(156.46276682106,137.,7.515611728845));
#5499 = CARTESIAN_POINT('',(150.11968387373,493.,19.245041050956));
#5500 = CARTESIAN_POINT('',(208.3901578547,137.,-66.64438827115));
#5501 = CARTESIAN_POINT('',(202.04707490736,493.,-54.91495894904));
#5502 = ADVANCED_FACE('',(#5503),#5514,.F.);
#5503 = FACE_BOUND('',#5504,.F.);
#5504 = EDGE_LOOP('',(#5505,#5506,#5507));
#5505 = ORIENTED_EDGE('',*,*,#4879,.F.);
#5506 = ORIENTED_EDGE('',*,*,#5068,.F.);
#5507 = ORIENTED_EDGE('',*,*,#5508,.T.);
#5508 = EDGE_CURVE('',#5069,#4872,#5509,.T.);
#5509 = CIRCLE('',#5510,0.95);
#5510 = AXIS2_PLACEMENT_3D('',#5511,#5512,#5513);
#5511 = CARTESIAN_POINT('',(150.11968387373,490.,19.245041050956));
#5512 = DIRECTION('',(-1.81099551976E-02,0.999275016864,
    3.348835909615E-02));
#5513 = DIRECTION('',(2.168404344971E-19,-3.349385204389E-02,
    0.999438923534));
#5514 = CYLINDRICAL_SURFACE('',#5515,0.95);
#5515 = AXIS2_PLACEMENT_3D('',#5516,#5517,#5518);
#5516 = CARTESIAN_POINT('',(156.82496592502,120.01449966272,
    6.845844546922));
#5517 = DIRECTION('',(-1.81099551976E-02,0.999275016864,
    3.348835909615E-02));
#5518 = DIRECTION('',(1.084202172486E-19,-3.349385204389E-02,
    0.999438923534));
#5519 = ADVANCED_FACE('',(#5520),#5532,.F.);
#5520 = FACE_BOUND('',#5521,.F.);
#5521 = EDGE_LOOP('',(#5522,#5523,#5530,#5531));
#5522 = ORIENTED_EDGE('',*,*,#5087,.F.);
#5523 = ORIENTED_EDGE('',*,*,#5524,.T.);
#5524 = EDGE_CURVE('',#5088,#4863,#5525,.T.);
#5525 = CIRCLE('',#5526,3.1);
#5526 = AXIS2_PLACEMENT_3D('',#5527,#5528,#5529);
#5527 = CARTESIAN_POINT('',(150.11968387373,490.,19.245041050956));
#5528 = DIRECTION('',(-1.81099551976E-02,0.999275016864,
    3.348835909615E-02));
#5529 = DIRECTION('',(2.168404344971E-19,-3.349385204389E-02,
    0.999438923534));
#5530 = ORIENTED_EDGE('',*,*,#4871,.F.);
#5531 = ORIENTED_EDGE('',*,*,#5508,.F.);
#5532 = PLANE('',#5533);
#5533 = AXIS2_PLACEMENT_3D('',#5534,#5535,#5536);
#5534 = CARTESIAN_POINT('',(150.11968387373,490.,19.245041050956));
#5535 = DIRECTION('',(-1.81099551976E-02,0.999275016864,
    3.348835909615E-02));
#5536 = DIRECTION('',(1.084202172486E-19,-3.349385204389E-02,
    0.999438923534));
#5537 = ADVANCED_FACE('',(#5538),#5551,.F.);
#5538 = FACE_BOUND('',#5539,.F.);
#5539 = EDGE_LOOP('',(#5540,#5541,#5542,#5549,#5550));
#5540 = ORIENTED_EDGE('',*,*,#5524,.F.);
#5541 = ORIENTED_EDGE('',*,*,#5094,.F.);
#5542 = ORIENTED_EDGE('',*,*,#5543,.T.);
#5543 = EDGE_CURVE('',#5095,#5410,#5544,.T.);
#5544 = CIRCLE('',#5545,3.1);
#5545 = AXIS2_PLACEMENT_3D('',#5546,#5547,#5548);
#5546 = CARTESIAN_POINT('',(151.02583858049,440.,17.569408290655));
#5547 = DIRECTION('',(-1.81099551976E-02,0.999275016864,
    3.348835909615E-02));
#5548 = DIRECTION('',(2.168404344971E-19,-3.349385204389E-02,
    0.999438923534));
#5549 = ORIENTED_EDGE('',*,*,#5409,.T.);
#5550 = ORIENTED_EDGE('',*,*,#4862,.F.);
#5551 = CYLINDRICAL_SURFACE('',#5552,3.1);
#5552 = AXIS2_PLACEMENT_3D('',#5553,#5554,#5555);
#5553 = CARTESIAN_POINT('',(151.02583858049,440.,17.569408290655));
#5554 = DIRECTION('',(-1.81099551976E-02,0.999275016864,
    3.348835909615E-02));
#5555 = DIRECTION('',(1.084202172486E-19,-3.349385204389E-02,
    0.999438923534));
#5556 = ADVANCED_FACE('',(#5557),#5616,.F.);
#5557 = FACE_BOUND('',#5558,.F.);
#5558 = EDGE_LOOP('',(#5559,#5568,#5576,#5583,#5584,#5591,#5592,#5599,
    #5600,#5607,#5608,#5615));
#5559 = ORIENTED_EDGE('',*,*,#5560,.F.);
#5560 = EDGE_CURVE('',#5561,#4895,#5563,.T.);
#5561 = VERTEX_POINT('',#5562);
#5562 = CARTESIAN_POINT('',(152.84901396714,339.36861583044,
    15.147516731951));
#5563 = CIRCLE('',#5564,0.95);
#5564 = AXIS2_PLACEMENT_3D('',#5565,#5566,#5567);
#5565 = CARTESIAN_POINT('',(152.84901396714,339.40043498988,
    14.198049754594));
#5566 = DIRECTION('',(-1.81099551976E-02,0.999275016864,
    3.348835909615E-02));
#5567 = DIRECTION('',(2.168404344971E-19,-3.349385204389E-02,
    0.999438923534));
#5568 = ORIENTED_EDGE('',*,*,#5569,.F.);
#5569 = EDGE_CURVE('',#5570,#5561,#5572,.T.);
#5570 = VERTEX_POINT('',#5571);
#5571 = CARTESIAN_POINT('',(153.73343672766,290.56774585067,
    13.512070002565));
#5572 = LINE('',#5573,#5574);
#5573 = CARTESIAN_POINT('',(156.82496592502,119.98268050328,
    7.795311524279));
#5574 = VECTOR('',#5575,1.);
#5575 = DIRECTION('',(-1.81099551976E-02,0.999275016864,
    3.348835909615E-02));
#5576 = ORIENTED_EDGE('',*,*,#5577,.T.);
#5577 = EDGE_CURVE('',#5570,#4933,#5578,.T.);
#5578 = CIRCLE('',#5579,0.95);
#5579 = AXIS2_PLACEMENT_3D('',#5580,#5581,#5582);
#5580 = CARTESIAN_POINT('',(153.73343672766,290.59956501011,
    12.562603025207));
#5581 = DIRECTION('',(-1.81099551976E-02,0.999275016864,
    3.348835909615E-02));
#5582 = DIRECTION('',(2.168404344971E-19,-3.349385204389E-02,
    0.999438923534));
#5583 = ORIENTED_EDGE('',*,*,#4939,.F.);
#5584 = ORIENTED_EDGE('',*,*,#5585,.T.);
#5585 = EDGE_CURVE('',#4940,#5285,#5586,.T.);
#5586 = CIRCLE('',#5587,0.95);
#5587 = AXIS2_PLACEMENT_3D('',#5588,#5589,#5590);
#5588 = CARTESIAN_POINT('',(153.74430270078,290.,12.54251000975));
#5589 = DIRECTION('',(-1.81099551976E-02,0.999275016864,
    3.348835909615E-02));
#5590 = DIRECTION('',(2.168404344971E-19,-3.349385204389E-02,
    0.999438923534));
#5591 = ORIENTED_EDGE('',*,*,#5284,.T.);
#5592 = ORIENTED_EDGE('',*,*,#5593,.T.);
#5593 = EDGE_CURVE('',#5278,#5570,#5594,.T.);
#5594 = CIRCLE('',#5595,0.95);
#5595 = AXIS2_PLACEMENT_3D('',#5596,#5597,#5598);
#5596 = CARTESIAN_POINT('',(153.73343672766,290.59956501011,
    12.562603025207));
#5597 = DIRECTION('',(-1.81099551976E-02,0.999275016864,
    3.348835909615E-02));
#5598 = DIRECTION('',(2.168404344971E-19,-3.349385204389E-02,
    0.999438923534));
#5599 = ORIENTED_EDGE('',*,*,#5569,.T.);
#5600 = ORIENTED_EDGE('',*,*,#5601,.F.);
#5601 = EDGE_CURVE('',#5246,#5561,#5602,.T.);
#5602 = CIRCLE('',#5603,0.95);
#5603 = AXIS2_PLACEMENT_3D('',#5604,#5605,#5606);
#5604 = CARTESIAN_POINT('',(152.84901396714,339.40043498988,
    14.198049754594));
#5605 = DIRECTION('',(-1.81099551976E-02,0.999275016864,
    3.348835909615E-02));
#5606 = DIRECTION('',(2.168404344971E-19,-3.349385204389E-02,
    0.999438923534));
#5607 = ORIENTED_EDGE('',*,*,#5245,.T.);
#5608 = ORIENTED_EDGE('',*,*,#5609,.F.);
#5609 = EDGE_CURVE('',#4897,#5248,#5610,.T.);
#5610 = CIRCLE('',#5611,0.95);
#5611 = AXIS2_PLACEMENT_3D('',#5612,#5613,#5614);
#5612 = CARTESIAN_POINT('',(152.83814799402,340.,14.218142770051));
#5613 = DIRECTION('',(-1.81099551976E-02,0.999275016864,
    3.348835909615E-02));
#5614 = DIRECTION('',(2.168404344971E-19,-3.349385204389E-02,
    0.999438923534));
#5615 = ORIENTED_EDGE('',*,*,#4894,.F.);
#5616 = CYLINDRICAL_SURFACE('',#5617,0.95);
#5617 = AXIS2_PLACEMENT_3D('',#5618,#5619,#5620);
#5618 = CARTESIAN_POINT('',(156.82496592502,120.01449966272,
    6.845844546922));
#5619 = DIRECTION('',(-1.81099551976E-02,0.999275016864,
    3.348835909615E-02));
#5620 = DIRECTION('',(1.084202172486E-19,-3.349385204389E-02,
    0.999438923534));
#5621 = ADVANCED_FACE('',(#5622),#5634,.T.);
#5622 = FACE_BOUND('',#5623,.T.);
#5623 = EDGE_LOOP('',(#5624,#5625,#5632,#5633));
#5624 = ORIENTED_EDGE('',*,*,#5190,.F.);
#5625 = ORIENTED_EDGE('',*,*,#5626,.T.);
#5626 = EDGE_CURVE('',#5181,#5484,#5627,.T.);
#5627 = CIRCLE('',#5628,3.1);
#5628 = AXIS2_PLACEMENT_3D('',#5629,#5630,#5631);
#5629 = CARTESIAN_POINT('',(152.83814799402,340.,14.218142770051));
#5630 = DIRECTION('',(-1.81099551976E-02,0.999275016864,
    3.348835909615E-02));
#5631 = DIRECTION('',(2.168404344971E-19,-3.349385204389E-02,
    0.999438923534));
#5632 = ORIENTED_EDGE('',*,*,#5493,.T.);
#5633 = ORIENTED_EDGE('',*,*,#5609,.F.);
#5634 = PLANE('',#5635);
#5635 = AXIS2_PLACEMENT_3D('',#5636,#5637,#5638);
#5636 = CARTESIAN_POINT('',(152.83814799402,340.,14.218142770051));
#5637 = DIRECTION('',(-1.81099551976E-02,0.999275016864,
    3.348835909615E-02));
#5638 = DIRECTION('',(1.084202172486E-19,-3.349385204389E-02,
    0.999438923534));
#5639 = ADVANCED_FACE('',(#5640),#5652,.F.);
#5640 = FACE_BOUND('',#5641,.F.);
#5641 = EDGE_LOOP('',(#5642,#5649,#5650,#5651));
#5642 = ORIENTED_EDGE('',*,*,#5643,.F.);
#5643 = EDGE_CURVE('',#5174,#5477,#5644,.T.);
#5644 = CIRCLE('',#5645,3.1);
#5645 = AXIS2_PLACEMENT_3D('',#5646,#5647,#5648);
#5646 = CARTESIAN_POINT('',(151.93199328726,390.,15.893775530353));
#5647 = DIRECTION('',(-1.81099551976E-02,0.999275016864,
    3.348835909615E-02));
#5648 = DIRECTION('',(2.168404344971E-19,-3.349385204389E-02,
    0.999438923534));
#5649 = ORIENTED_EDGE('',*,*,#5180,.F.);
#5650 = ORIENTED_EDGE('',*,*,#5626,.T.);
#5651 = ORIENTED_EDGE('',*,*,#5483,.T.);
#5652 = CYLINDRICAL_SURFACE('',#5653,3.1);
#5653 = AXIS2_PLACEMENT_3D('',#5654,#5655,#5656);
#5654 = CARTESIAN_POINT('',(152.83814799402,340.,14.218142770051));
#5655 = DIRECTION('',(-1.81099551976E-02,0.999275016864,
    3.348835909615E-02));
#5656 = DIRECTION('',(1.084202172486E-19,-3.349385204389E-02,
    0.999438923534));
#5657 = ADVANCED_FACE('',(#5658),#5670,.F.);
#5658 = FACE_BOUND('',#5659,.F.);
#5659 = EDGE_LOOP('',(#5660,#5661,#5662,#5663));
#5660 = ORIENTED_EDGE('',*,*,#5173,.F.);
#5661 = ORIENTED_EDGE('',*,*,#5643,.T.);
#5662 = ORIENTED_EDGE('',*,*,#5476,.T.);
#5663 = ORIENTED_EDGE('',*,*,#5664,.F.);
#5664 = EDGE_CURVE('',#5155,#5464,#5665,.T.);
#5665 = CIRCLE('',#5666,0.95);
#5666 = AXIS2_PLACEMENT_3D('',#5667,#5668,#5669);
#5667 = CARTESIAN_POINT('',(151.93199328726,390.,15.893775530353));
#5668 = DIRECTION('',(-1.81099551976E-02,0.999275016864,
    3.348835909615E-02));
#5669 = DIRECTION('',(2.168404344971E-19,-3.349385204389E-02,
    0.999438923534));
#5670 = PLANE('',#5671);
#5671 = AXIS2_PLACEMENT_3D('',#5672,#5673,#5674);
#5672 = CARTESIAN_POINT('',(151.93199328726,390.,15.893775530353));
#5673 = DIRECTION('',(-1.81099551976E-02,0.999275016864,
    3.348835909615E-02));
#5674 = DIRECTION('',(1.084202172486E-19,-3.349385204389E-02,
    0.999438923534));
#5675 = ADVANCED_FACE('',(#5676),#5729,.F.);
#5676 = FACE_BOUND('',#5677,.F.);
#5677 = EDGE_LOOP('',(#5678,#5687,#5695,#5702,#5703,#5704,#5705,#5712,
    #5713,#5720,#5721,#5728));
#5678 = ORIENTED_EDGE('',*,*,#5679,.F.);
#5679 = EDGE_CURVE('',#5680,#5112,#5682,.T.);
#5680 = VERTEX_POINT('',#5681);
#5681 = CARTESIAN_POINT('',(151.03670455361,439.36861583044,
    18.498782252555));
#5682 = CIRCLE('',#5683,0.95);
#5683 = AXIS2_PLACEMENT_3D('',#5684,#5685,#5686);
#5684 = CARTESIAN_POINT('',(151.03670455361,439.40043498988,
    17.549315275197));
#5685 = DIRECTION('',(-1.81099551976E-02,0.999275016864,
    3.348835909615E-02));
#5686 = DIRECTION('',(2.168404344971E-19,-3.349385204389E-02,
    0.999438923534));
#5687 = ORIENTED_EDGE('',*,*,#5688,.F.);
#5688 = EDGE_CURVE('',#5689,#5680,#5691,.T.);
#5689 = VERTEX_POINT('',#5690);
#5690 = CARTESIAN_POINT('',(151.92112731414,390.56774585067,
    16.863335523168));
#5691 = LINE('',#5692,#5693);
#5692 = CARTESIAN_POINT('',(156.82496592502,119.98268050328,
    7.795311524279));
#5693 = VECTOR('',#5694,1.);
#5694 = DIRECTION('',(-1.81099551976E-02,0.999275016864,
    3.348835909615E-02));
#5695 = ORIENTED_EDGE('',*,*,#5696,.T.);
#5696 = EDGE_CURVE('',#5689,#5148,#5697,.T.);
#5697 = CIRCLE('',#5698,0.95);
#5698 = AXIS2_PLACEMENT_3D('',#5699,#5700,#5701);
#5699 = CARTESIAN_POINT('',(151.92112731414,390.59956501011,
    15.913868545811));
#5700 = DIRECTION('',(-1.81099551976E-02,0.999275016864,
    3.348835909615E-02));
#5701 = DIRECTION('',(2.168404344971E-19,-3.349385204389E-02,
    0.999438923534));
#5702 = ORIENTED_EDGE('',*,*,#5154,.F.);
#5703 = ORIENTED_EDGE('',*,*,#5664,.T.);
#5704 = ORIENTED_EDGE('',*,*,#5463,.T.);
#5705 = ORIENTED_EDGE('',*,*,#5706,.T.);
#5706 = EDGE_CURVE('',#5457,#5689,#5707,.T.);
#5707 = CIRCLE('',#5708,0.95);
#5708 = AXIS2_PLACEMENT_3D('',#5709,#5710,#5711);
#5709 = CARTESIAN_POINT('',(151.92112731414,390.59956501011,
    15.913868545811));
#5710 = DIRECTION('',(-1.81099551976E-02,0.999275016864,
    3.348835909615E-02));
#5711 = DIRECTION('',(2.168404344971E-19,-3.349385204389E-02,
    0.999438923534));
#5712 = ORIENTED_EDGE('',*,*,#5688,.T.);
#5713 = ORIENTED_EDGE('',*,*,#5714,.F.);
#5714 = EDGE_CURVE('',#5427,#5680,#5715,.T.);
#5715 = CIRCLE('',#5716,0.95);
#5716 = AXIS2_PLACEMENT_3D('',#5717,#5718,#5719);
#5717 = CARTESIAN_POINT('',(151.03670455361,439.40043498988,
    17.549315275197));
#5718 = DIRECTION('',(-1.81099551976E-02,0.999275016864,
    3.348835909615E-02));
#5719 = DIRECTION('',(2.168404344971E-19,-3.349385204389E-02,
    0.999438923534));
#5720 = ORIENTED_EDGE('',*,*,#5426,.T.);
#5721 = ORIENTED_EDGE('',*,*,#5722,.F.);
#5722 = EDGE_CURVE('',#5105,#5420,#5723,.T.);
#5723 = CIRCLE('',#5724,0.95);
#5724 = AXIS2_PLACEMENT_3D('',#5725,#5726,#5727);
#5725 = CARTESIAN_POINT('',(151.02583858049,440.,17.569408290655));
#5726 = DIRECTION('',(-1.81099551976E-02,0.999275016864,
    3.348835909615E-02));
#5727 = DIRECTION('',(2.168404344971E-19,-3.349385204389E-02,
    0.999438923534));
#5728 = ORIENTED_EDGE('',*,*,#5111,.F.);
#5729 = CYLINDRICAL_SURFACE('',#5730,0.95);
#5730 = AXIS2_PLACEMENT_3D('',#5731,#5732,#5733);
#5731 = CARTESIAN_POINT('',(156.82496592502,120.01449966272,
    6.845844546922));
#5732 = DIRECTION('',(-1.81099551976E-02,0.999275016864,
    3.348835909615E-02));
#5733 = DIRECTION('',(1.084202172486E-19,-3.349385204389E-02,
    0.999438923534));
#5734 = ADVANCED_FACE('',(#5735),#5757,.F.);
#5735 = FACE_BOUND('',#5736,.F.);
#5736 = EDGE_LOOP('',(#5737,#5738,#5747,#5754,#5755,#5756));
#5737 = ORIENTED_EDGE('',*,*,#5456,.F.);
#5738 = ORIENTED_EDGE('',*,*,#5739,.T.);
#5739 = EDGE_CURVE('',#5447,#5740,#5742,.T.);
#5740 = VERTEX_POINT('',#5741);
#5741 = CARTESIAN_POINT('',(151.92112731414,390.51583038,18.412465854646
    ));
#5742 = CIRCLE('',#5743,2.5);
#5743 = AXIS2_PLACEMENT_3D('',#5744,#5745,#5746);
#5744 = CARTESIAN_POINT('',(151.92112731414,390.59956501011,
    15.913868545811));
#5745 = DIRECTION('',(-1.81099551976E-02,0.999275016864,
    3.348835909615E-02));
#5746 = DIRECTION('',(2.168404344971E-19,-3.349385204389E-02,
    0.999438923534));
#5747 = ORIENTED_EDGE('',*,*,#5748,.T.);
#5748 = EDGE_CURVE('',#5740,#5138,#5749,.T.);
#5749 = CIRCLE('',#5750,2.5);
#5750 = AXIS2_PLACEMENT_3D('',#5751,#5752,#5753);
#5751 = CARTESIAN_POINT('',(151.92112731414,390.59956501011,
    15.913868545811));
#5752 = DIRECTION('',(-1.81099551976E-02,0.999275016864,
    3.348835909615E-02));
#5753 = DIRECTION('',(2.168404344971E-19,-3.349385204389E-02,
    0.999438923534));
#5754 = ORIENTED_EDGE('',*,*,#5147,.T.);
#5755 = ORIENTED_EDGE('',*,*,#5696,.F.);
#5756 = ORIENTED_EDGE('',*,*,#5706,.F.);
#5757 = PLANE('',#5758);
#5758 = AXIS2_PLACEMENT_3D('',#5759,#5760,#5761);
#5759 = CARTESIAN_POINT('',(151.92112731414,390.59956501011,
    15.913868545811));
#5760 = DIRECTION('',(-1.81099551976E-02,0.999275016864,
    3.348835909615E-02));
#5761 = DIRECTION('',(1.084202172486E-19,-3.349385204389E-02,
    0.999438923534));
#5762 = ADVANCED_FACE('',(#5763),#5782,.T.);
#5763 = FACE_BOUND('',#5764,.T.);
#5764 = EDGE_LOOP('',(#5765,#5774,#5780,#5781));
#5765 = ORIENTED_EDGE('',*,*,#5766,.F.);
#5766 = EDGE_CURVE('',#5767,#5131,#5769,.T.);
#5767 = VERTEX_POINT('',#5768);
#5768 = CARTESIAN_POINT('',(151.03670455361,439.31670035977,
    20.047912584033));
#5769 = CIRCLE('',#5770,2.5);
#5770 = AXIS2_PLACEMENT_3D('',#5771,#5772,#5773);
#5771 = CARTESIAN_POINT('',(151.03670455361,439.40043498988,
    17.549315275197));
#5772 = DIRECTION('',(-1.81099551976E-02,0.999275016864,
    3.348835909615E-02));
#5773 = DIRECTION('',(2.168404344971E-19,-3.349385204389E-02,
    0.999438923534));
#5774 = ORIENTED_EDGE('',*,*,#5775,.F.);
#5775 = EDGE_CURVE('',#5740,#5767,#5776,.T.);
#5776 = LINE('',#5777,#5778);
#5777 = CARTESIAN_POINT('',(151.92112731414,390.51583038,18.412465854646
    ));
#5778 = VECTOR('',#5779,1.);
#5779 = DIRECTION('',(-1.81099551976E-02,0.999275016864,
    3.348835909615E-02));
#5780 = ORIENTED_EDGE('',*,*,#5748,.T.);
#5781 = ORIENTED_EDGE('',*,*,#5137,.T.);
#5782 = CYLINDRICAL_SURFACE('',#5783,2.5);
#5783 = AXIS2_PLACEMENT_3D('',#5784,#5785,#5786);
#5784 = CARTESIAN_POINT('',(151.92112731414,390.59956501011,
    15.913868545811));
#5785 = DIRECTION('',(-1.81099551976E-02,0.999275016864,
    3.348835909615E-02));
#5786 = DIRECTION('',(1.084202172486E-19,-3.349385204389E-02,
    0.999438923534));
#5787 = ADVANCED_FACE('',(#5788),#5802,.T.);
#5788 = FACE_BOUND('',#5789,.T.);
#5789 = EDGE_LOOP('',(#5790,#5791,#5798,#5799,#5800,#5801));
#5790 = ORIENTED_EDGE('',*,*,#5439,.F.);
#5791 = ORIENTED_EDGE('',*,*,#5792,.T.);
#5792 = EDGE_CURVE('',#5440,#5767,#5793,.T.);
#5793 = CIRCLE('',#5794,2.5);
#5794 = AXIS2_PLACEMENT_3D('',#5795,#5796,#5797);
#5795 = CARTESIAN_POINT('',(151.03670455361,439.40043498988,
    17.549315275197));
#5796 = DIRECTION('',(-1.81099551976E-02,0.999275016864,
    3.348835909615E-02));
#5797 = DIRECTION('',(2.168404344971E-19,-3.349385204389E-02,
    0.999438923534));
#5798 = ORIENTED_EDGE('',*,*,#5766,.T.);
#5799 = ORIENTED_EDGE('',*,*,#5130,.T.);
#5800 = ORIENTED_EDGE('',*,*,#5679,.F.);
#5801 = ORIENTED_EDGE('',*,*,#5714,.F.);
#5802 = PLANE('',#5803);
#5803 = AXIS2_PLACEMENT_3D('',#5804,#5805,#5806);
#5804 = CARTESIAN_POINT('',(151.03670455361,439.40043498988,
    17.549315275197));
#5805 = DIRECTION('',(-1.81099551976E-02,0.999275016864,
    3.348835909615E-02));
#5806 = DIRECTION('',(1.084202172486E-19,-3.349385204389E-02,
    0.999438923534));
#5807 = ADVANCED_FACE('',(#5808),#5814,.T.);
#5808 = FACE_BOUND('',#5809,.T.);
#5809 = EDGE_LOOP('',(#5810,#5811,#5812,#5813));
#5810 = ORIENTED_EDGE('',*,*,#5104,.F.);
#5811 = ORIENTED_EDGE('',*,*,#5543,.T.);
#5812 = ORIENTED_EDGE('',*,*,#5419,.T.);
#5813 = ORIENTED_EDGE('',*,*,#5722,.F.);
#5814 = PLANE('',#5815);
#5815 = AXIS2_PLACEMENT_3D('',#5816,#5817,#5818);
#5816 = CARTESIAN_POINT('',(151.02583858049,440.,17.569408290655));
#5817 = DIRECTION('',(-1.81099551976E-02,0.999275016864,
    3.348835909615E-02));
#5818 = DIRECTION('',(1.084202172486E-19,-3.349385204389E-02,
    0.999438923534));
#5819 = ADVANCED_FACE('',(#5820),#5839,.F.);
#5820 = FACE_BOUND('',#5821,.F.);
#5821 = EDGE_LOOP('',(#5822,#5829,#5830,#5831,#5838));
#5822 = ORIENTED_EDGE('',*,*,#5823,.F.);
#5823 = EDGE_CURVE('',#5045,#5372,#5824,.T.);
#5824 = CIRCLE('',#5825,3.1);
#5825 = AXIS2_PLACEMENT_3D('',#5826,#5827,#5828);
#5826 = CARTESIAN_POINT('',(155.5566121143,190.,9.191244489146));
#5827 = DIRECTION('',(-1.81099551976E-02,0.999275016864,
    3.348835909615E-02));
#5828 = DIRECTION('',(2.168404344971E-19,-3.349385204389E-02,
    0.999438923534));
#5829 = ORIENTED_EDGE('',*,*,#5051,.F.);
#5830 = ORIENTED_EDGE('',*,*,#5230,.T.);
#5831 = ORIENTED_EDGE('',*,*,#5832,.T.);
#5832 = EDGE_CURVE('',#5223,#5379,#5833,.T.);
#5833 = CIRCLE('',#5834,3.1);
#5834 = AXIS2_PLACEMENT_3D('',#5835,#5836,#5837);
#5835 = CARTESIAN_POINT('',(156.46276682106,140.,7.515611728845));
#5836 = DIRECTION('',(-1.81099551976E-02,0.999275016864,
    3.348835909615E-02));
#5837 = DIRECTION('',(2.168404344971E-19,-3.349385204389E-02,
    0.999438923534));
#5838 = ORIENTED_EDGE('',*,*,#5378,.T.);
#5839 = CYLINDRICAL_SURFACE('',#5840,3.1);
#5840 = AXIS2_PLACEMENT_3D('',#5841,#5842,#5843);
#5841 = CARTESIAN_POINT('',(156.46276682106,140.,7.515611728845));
#5842 = DIRECTION('',(-1.81099551976E-02,0.999275016864,
    3.348835909615E-02));
#5843 = DIRECTION('',(1.084202172486E-19,-3.349385204389E-02,
    0.999438923534));
#5844 = ADVANCED_FACE('',(#5845),#5857,.F.);
#5845 = FACE_BOUND('',#5846,.F.);
#5846 = EDGE_LOOP('',(#5847,#5848,#5849,#5850));
#5847 = ORIENTED_EDGE('',*,*,#5044,.F.);
#5848 = ORIENTED_EDGE('',*,*,#5823,.T.);
#5849 = ORIENTED_EDGE('',*,*,#5371,.T.);
#5850 = ORIENTED_EDGE('',*,*,#5851,.F.);
#5851 = EDGE_CURVE('',#5026,#5359,#5852,.T.);
#5852 = CIRCLE('',#5853,0.95);
#5853 = AXIS2_PLACEMENT_3D('',#5854,#5855,#5856);
#5854 = CARTESIAN_POINT('',(155.5566121143,190.,9.191244489146));
#5855 = DIRECTION('',(-1.81099551976E-02,0.999275016864,
    3.348835909615E-02));
#5856 = DIRECTION('',(2.168404344971E-19,-3.349385204389E-02,
    0.999438923534));
#5857 = PLANE('',#5858);
#5858 = AXIS2_PLACEMENT_3D('',#5859,#5860,#5861);
#5859 = CARTESIAN_POINT('',(155.5566121143,190.,9.191244489146));
#5860 = DIRECTION('',(-1.81099551976E-02,0.999275016864,
    3.348835909615E-02));
#5861 = DIRECTION('',(1.084202172486E-19,-3.349385204389E-02,
    0.999438923534));
#5862 = ADVANCED_FACE('',(#5863),#5916,.F.);
#5863 = FACE_BOUND('',#5864,.F.);
#5864 = EDGE_LOOP('',(#5865,#5874,#5882,#5889,#5890,#5891,#5892,#5899,
    #5900,#5907,#5908,#5915));
#5865 = ORIENTED_EDGE('',*,*,#5866,.F.);
#5866 = EDGE_CURVE('',#5867,#4983,#5869,.T.);
#5867 = VERTEX_POINT('',#5868);
#5868 = CARTESIAN_POINT('',(154.66132338066,239.36861583044,
    11.796251211348));
#5869 = CIRCLE('',#5870,0.95);
#5870 = AXIS2_PLACEMENT_3D('',#5871,#5872,#5873);
#5871 = CARTESIAN_POINT('',(154.66132338066,239.40043498988,
    10.84678423399));
#5872 = DIRECTION('',(-1.81099551976E-02,0.999275016864,
    3.348835909615E-02));
#5873 = DIRECTION('',(2.168404344971E-19,-3.349385204389E-02,
    0.999438923534));
#5874 = ORIENTED_EDGE('',*,*,#5875,.F.);
#5875 = EDGE_CURVE('',#5876,#5867,#5878,.T.);
#5876 = VERTEX_POINT('',#5877);
#5877 = CARTESIAN_POINT('',(155.54574614118,190.56774585067,
    10.160804481962));
#5878 = LINE('',#5879,#5880);
#5879 = CARTESIAN_POINT('',(156.82496592502,119.98268050328,
    7.795311524279));
#5880 = VECTOR('',#5881,1.);
#5881 = DIRECTION('',(-1.81099551976E-02,0.999275016864,
    3.348835909615E-02));
#5882 = ORIENTED_EDGE('',*,*,#5883,.T.);
#5883 = EDGE_CURVE('',#5876,#5019,#5884,.T.);
#5884 = CIRCLE('',#5885,0.95);
#5885 = AXIS2_PLACEMENT_3D('',#5886,#5887,#5888);
#5886 = CARTESIAN_POINT('',(155.54574614118,190.59956501011,
    9.211337504604));
#5887 = DIRECTION('',(-1.81099551976E-02,0.999275016864,
    3.348835909615E-02));
#5888 = DIRECTION('',(2.168404344971E-19,-3.349385204389E-02,
    0.999438923534));
#5889 = ORIENTED_EDGE('',*,*,#5025,.F.);
#5890 = ORIENTED_EDGE('',*,*,#5851,.T.);
#5891 = ORIENTED_EDGE('',*,*,#5358,.T.);
#5892 = ORIENTED_EDGE('',*,*,#5893,.T.);
#5893 = EDGE_CURVE('',#5352,#5876,#5894,.T.);
#5894 = CIRCLE('',#5895,0.95);
#5895 = AXIS2_PLACEMENT_3D('',#5896,#5897,#5898);
#5896 = CARTESIAN_POINT('',(155.54574614118,190.59956501011,
    9.211337504604));
#5897 = DIRECTION('',(-1.81099551976E-02,0.999275016864,
    3.348835909615E-02));
#5898 = DIRECTION('',(2.168404344971E-19,-3.349385204389E-02,
    0.999438923534));
#5899 = ORIENTED_EDGE('',*,*,#5875,.T.);
#5900 = ORIENTED_EDGE('',*,*,#5901,.F.);
#5901 = EDGE_CURVE('',#5322,#5867,#5902,.T.);
#5902 = CIRCLE('',#5903,0.95);
#5903 = AXIS2_PLACEMENT_3D('',#5904,#5905,#5906);
#5904 = CARTESIAN_POINT('',(154.66132338066,239.40043498988,
    10.84678423399));
#5905 = DIRECTION('',(-1.81099551976E-02,0.999275016864,
    3.348835909615E-02));
#5906 = DIRECTION('',(2.168404344971E-19,-3.349385204389E-02,
    0.999438923534));
#5907 = ORIENTED_EDGE('',*,*,#5321,.T.);
#5908 = ORIENTED_EDGE('',*,*,#5909,.F.);
#5909 = EDGE_CURVE('',#4976,#5315,#5910,.T.);
#5910 = CIRCLE('',#5911,0.95);
#5911 = AXIS2_PLACEMENT_3D('',#5912,#5913,#5914);
#5912 = CARTESIAN_POINT('',(154.65045740754,240.,10.866877249448));
#5913 = DIRECTION('',(-1.81099551976E-02,0.999275016864,
    3.348835909615E-02));
#5914 = DIRECTION('',(2.168404344971E-19,-3.349385204389E-02,
    0.999438923534));
#5915 = ORIENTED_EDGE('',*,*,#4982,.F.);
#5916 = CYLINDRICAL_SURFACE('',#5917,0.95);
#5917 = AXIS2_PLACEMENT_3D('',#5918,#5919,#5920);
#5918 = CARTESIAN_POINT('',(156.82496592502,120.01449966272,
    6.845844546922));
#5919 = DIRECTION('',(-1.81099551976E-02,0.999275016864,
    3.348835909615E-02));
#5920 = DIRECTION('',(1.084202172486E-19,-3.349385204389E-02,
    0.999438923534));
#5921 = ADVANCED_FACE('',(#5922),#5944,.F.);
#5922 = FACE_BOUND('',#5923,.F.);
#5923 = EDGE_LOOP('',(#5924,#5925,#5934,#5941,#5942,#5943));
#5924 = ORIENTED_EDGE('',*,*,#5351,.F.);
#5925 = ORIENTED_EDGE('',*,*,#5926,.T.);
#5926 = EDGE_CURVE('',#5342,#5927,#5929,.T.);
#5927 = VERTEX_POINT('',#5928);
#5928 = CARTESIAN_POINT('',(155.54574614118,190.51583038,11.70993481344)
  );
#5929 = CIRCLE('',#5930,2.5);
#5930 = AXIS2_PLACEMENT_3D('',#5931,#5932,#5933);
#5931 = CARTESIAN_POINT('',(155.54574614118,190.59956501011,
    9.211337504604));
#5932 = DIRECTION('',(-1.81099551976E-02,0.999275016864,
    3.348835909615E-02));
#5933 = DIRECTION('',(2.168404344971E-19,-3.349385204389E-02,
    0.999438923534));
#5934 = ORIENTED_EDGE('',*,*,#5935,.T.);
#5935 = EDGE_CURVE('',#5927,#5009,#5936,.T.);
#5936 = CIRCLE('',#5937,2.5);
#5937 = AXIS2_PLACEMENT_3D('',#5938,#5939,#5940);
#5938 = CARTESIAN_POINT('',(155.54574614118,190.59956501011,
    9.211337504604));
#5939 = DIRECTION('',(-1.81099551976E-02,0.999275016864,
    3.348835909615E-02));
#5940 = DIRECTION('',(2.168404344971E-19,-3.349385204389E-02,
    0.999438923534));
#5941 = ORIENTED_EDGE('',*,*,#5018,.T.);
#5942 = ORIENTED_EDGE('',*,*,#5883,.F.);
#5943 = ORIENTED_EDGE('',*,*,#5893,.F.);
#5944 = PLANE('',#5945);
#5945 = AXIS2_PLACEMENT_3D('',#5946,#5947,#5948);
#5946 = CARTESIAN_POINT('',(155.54574614118,190.59956501011,
    9.211337504604));
#5947 = DIRECTION('',(-1.81099551976E-02,0.999275016864,
    3.348835909615E-02));
#5948 = DIRECTION('',(1.084202172486E-19,-3.349385204389E-02,
    0.999438923534));
#5949 = ADVANCED_FACE('',(#5950),#5969,.T.);
#5950 = FACE_BOUND('',#5951,.T.);
#5951 = EDGE_LOOP('',(#5952,#5961,#5967,#5968));
#5952 = ORIENTED_EDGE('',*,*,#5953,.F.);
#5953 = EDGE_CURVE('',#5954,#5002,#5956,.T.);
#5954 = VERTEX_POINT('',#5955);
#5955 = CARTESIAN_POINT('',(154.66132338066,239.31670035977,
    13.345381542826));
#5956 = CIRCLE('',#5957,2.5);
#5957 = AXIS2_PLACEMENT_3D('',#5958,#5959,#5960);
#5958 = CARTESIAN_POINT('',(154.66132338066,239.40043498988,
    10.84678423399));
#5959 = DIRECTION('',(-1.81099551976E-02,0.999275016864,
    3.348835909615E-02));
#5960 = DIRECTION('',(2.168404344971E-19,-3.349385204389E-02,
    0.999438923534));
#5961 = ORIENTED_EDGE('',*,*,#5962,.F.);
#5962 = EDGE_CURVE('',#5927,#5954,#5963,.T.);
#5963 = LINE('',#5964,#5965);
#5964 = CARTESIAN_POINT('',(155.54574614118,190.51583038,11.70993481344)
  );
#5965 = VECTOR('',#5966,1.);
#5966 = DIRECTION('',(-1.81099551976E-02,0.999275016864,
    3.348835909615E-02));
#5967 = ORIENTED_EDGE('',*,*,#5935,.T.);
#5968 = ORIENTED_EDGE('',*,*,#5008,.T.);
#5969 = CYLINDRICAL_SURFACE('',#5970,2.5);
#5970 = AXIS2_PLACEMENT_3D('',#5971,#5972,#5973);
#5971 = CARTESIAN_POINT('',(155.54574614118,190.59956501011,
    9.211337504604));
#5972 = DIRECTION('',(-1.81099551976E-02,0.999275016864,
    3.348835909615E-02));
#5973 = DIRECTION('',(1.084202172486E-19,-3.349385204389E-02,
    0.999438923534));
#5974 = ADVANCED_FACE('',(#5975),#5989,.T.);
#5975 = FACE_BOUND('',#5976,.T.);
#5976 = EDGE_LOOP('',(#5977,#5978,#5985,#5986,#5987,#5988));
#5977 = ORIENTED_EDGE('',*,*,#5334,.F.);
#5978 = ORIENTED_EDGE('',*,*,#5979,.T.);
#5979 = EDGE_CURVE('',#5335,#5954,#5980,.T.);
#5980 = CIRCLE('',#5981,2.5);
#5981 = AXIS2_PLACEMENT_3D('',#5982,#5983,#5984);
#5982 = CARTESIAN_POINT('',(154.66132338066,239.40043498988,
    10.84678423399));
#5983 = DIRECTION('',(-1.81099551976E-02,0.999275016864,
    3.348835909615E-02));
#5984 = DIRECTION('',(2.168404344971E-19,-3.349385204389E-02,
    0.999438923534));
#5985 = ORIENTED_EDGE('',*,*,#5953,.T.);
#5986 = ORIENTED_EDGE('',*,*,#5001,.T.);
#5987 = ORIENTED_EDGE('',*,*,#5866,.F.);
#5988 = ORIENTED_EDGE('',*,*,#5901,.F.);
#5989 = PLANE('',#5990);
#5990 = AXIS2_PLACEMENT_3D('',#5991,#5992,#5993);
#5991 = CARTESIAN_POINT('',(154.66132338066,239.40043498988,
    10.84678423399));
#5992 = DIRECTION('',(-1.81099551976E-02,0.999275016864,
    3.348835909615E-02));
#5993 = DIRECTION('',(1.084202172486E-19,-3.349385204389E-02,
    0.999438923534));
#5994 = ADVANCED_FACE('',(#5995),#6007,.T.);
#5995 = FACE_BOUND('',#5996,.T.);
#5996 = EDGE_LOOP('',(#5997,#5998,#6005,#6006));
#5997 = ORIENTED_EDGE('',*,*,#4975,.F.);
#5998 = ORIENTED_EDGE('',*,*,#5999,.T.);
#5999 = EDGE_CURVE('',#4966,#5305,#6000,.T.);
#6000 = CIRCLE('',#6001,3.1);
#6001 = AXIS2_PLACEMENT_3D('',#6002,#6003,#6004);
#6002 = CARTESIAN_POINT('',(154.65045740754,240.,10.866877249448));
#6003 = DIRECTION('',(-1.81099551976E-02,0.999275016864,
    3.348835909615E-02));
#6004 = DIRECTION('',(2.168404344971E-19,-3.349385204389E-02,
    0.999438923534));
#6005 = ORIENTED_EDGE('',*,*,#5314,.T.);
#6006 = ORIENTED_EDGE('',*,*,#5909,.F.);
#6007 = PLANE('',#6008);
#6008 = AXIS2_PLACEMENT_3D('',#6009,#6010,#6011);
#6009 = CARTESIAN_POINT('',(154.65045740754,240.,10.866877249448));
#6010 = DIRECTION('',(-1.81099551976E-02,0.999275016864,
    3.348835909615E-02));
#6011 = DIRECTION('',(1.084202172486E-19,-3.349385204389E-02,
    0.999438923534));
#6012 = ADVANCED_FACE('',(#6013),#6025,.F.);
#6013 = FACE_BOUND('',#6014,.F.);
#6014 = EDGE_LOOP('',(#6015,#6022,#6023,#6024));
#6015 = ORIENTED_EDGE('',*,*,#6016,.F.);
#6016 = EDGE_CURVE('',#4959,#5298,#6017,.T.);
#6017 = CIRCLE('',#6018,3.1);
#6018 = AXIS2_PLACEMENT_3D('',#6019,#6020,#6021);
#6019 = CARTESIAN_POINT('',(153.74430270078,290.,12.54251000975));
#6020 = DIRECTION('',(-1.81099551976E-02,0.999275016864,
    3.348835909615E-02));
#6021 = DIRECTION('',(2.168404344971E-19,-3.349385204389E-02,
    0.999438923534));
#6022 = ORIENTED_EDGE('',*,*,#4965,.F.);
#6023 = ORIENTED_EDGE('',*,*,#5999,.T.);
#6024 = ORIENTED_EDGE('',*,*,#5304,.T.);
#6025 = CYLINDRICAL_SURFACE('',#6026,3.1);
#6026 = AXIS2_PLACEMENT_3D('',#6027,#6028,#6029);
#6027 = CARTESIAN_POINT('',(154.65045740754,240.,10.866877249448));
#6028 = DIRECTION('',(-1.81099551976E-02,0.999275016864,
    3.348835909615E-02));
#6029 = DIRECTION('',(1.084202172486E-19,-3.349385204389E-02,
    0.999438923534));
#6030 = ADVANCED_FACE('',(#6031),#6037,.F.);
#6031 = FACE_BOUND('',#6032,.F.);
#6032 = EDGE_LOOP('',(#6033,#6034,#6035,#6036));
#6033 = ORIENTED_EDGE('',*,*,#4958,.F.);
#6034 = ORIENTED_EDGE('',*,*,#6016,.T.);
#6035 = ORIENTED_EDGE('',*,*,#5297,.T.);
#6036 = ORIENTED_EDGE('',*,*,#5585,.F.);
#6037 = PLANE('',#6038);
#6038 = AXIS2_PLACEMENT_3D('',#6039,#6040,#6041);
#6039 = CARTESIAN_POINT('',(153.74430270078,290.,12.54251000975));
#6040 = DIRECTION('',(-1.81099551976E-02,0.999275016864,
    3.348835909615E-02));
#6041 = DIRECTION('',(1.084202172486E-19,-3.349385204389E-02,
    0.999438923534));
#6042 = ADVANCED_FACE('',(#6043),#6065,.F.);
#6043 = FACE_BOUND('',#6044,.F.);
#6044 = EDGE_LOOP('',(#6045,#6046,#6055,#6062,#6063,#6064));
#6045 = ORIENTED_EDGE('',*,*,#5277,.F.);
#6046 = ORIENTED_EDGE('',*,*,#6047,.T.);
#6047 = EDGE_CURVE('',#5268,#6048,#6050,.T.);
#6048 = VERTEX_POINT('',#6049);
#6049 = CARTESIAN_POINT('',(153.73343672766,290.51583038,15.061200334043
    ));
#6050 = CIRCLE('',#6051,2.5);
#6051 = AXIS2_PLACEMENT_3D('',#6052,#6053,#6054);
#6052 = CARTESIAN_POINT('',(153.73343672766,290.59956501011,
    12.562603025207));
#6053 = DIRECTION('',(-1.81099551976E-02,0.999275016864,
    3.348835909615E-02));
#6054 = DIRECTION('',(2.168404344971E-19,-3.349385204389E-02,
    0.999438923534));
#6055 = ORIENTED_EDGE('',*,*,#6056,.T.);
#6056 = EDGE_CURVE('',#6048,#4923,#6057,.T.);
#6057 = CIRCLE('',#6058,2.5);
#6058 = AXIS2_PLACEMENT_3D('',#6059,#6060,#6061);
#6059 = CARTESIAN_POINT('',(153.73343672766,290.59956501011,
    12.562603025207));
#6060 = DIRECTION('',(-1.81099551976E-02,0.999275016864,
    3.348835909615E-02));
#6061 = DIRECTION('',(2.168404344971E-19,-3.349385204389E-02,
    0.999438923534));
#6062 = ORIENTED_EDGE('',*,*,#4932,.T.);
#6063 = ORIENTED_EDGE('',*,*,#5577,.F.);
#6064 = ORIENTED_EDGE('',*,*,#5593,.F.);
#6065 = PLANE('',#6066);
#6066 = AXIS2_PLACEMENT_3D('',#6067,#6068,#6069);
#6067 = CARTESIAN_POINT('',(153.73343672766,290.59956501011,
    12.562603025207));
#6068 = DIRECTION('',(-1.81099551976E-02,0.999275016864,
    3.348835909615E-02));
#6069 = DIRECTION('',(1.084202172486E-19,-3.349385204389E-02,
    0.999438923534));
#6070 = ADVANCED_FACE('',(#6071),#6090,.T.);
#6071 = FACE_BOUND('',#6072,.T.);
#6072 = EDGE_LOOP('',(#6073,#6082,#6088,#6089));
#6073 = ORIENTED_EDGE('',*,*,#6074,.F.);
#6074 = EDGE_CURVE('',#6075,#4916,#6077,.T.);
#6075 = VERTEX_POINT('',#6076);
#6076 = CARTESIAN_POINT('',(152.84901396714,339.31670035977,
    16.696647063429));
#6077 = CIRCLE('',#6078,2.5);
#6078 = AXIS2_PLACEMENT_3D('',#6079,#6080,#6081);
#6079 = CARTESIAN_POINT('',(152.84901396714,339.40043498988,
    14.198049754594));
#6080 = DIRECTION('',(-1.81099551976E-02,0.999275016864,
    3.348835909615E-02));
#6081 = DIRECTION('',(2.168404344971E-19,-3.349385204389E-02,
    0.999438923534));
#6082 = ORIENTED_EDGE('',*,*,#6083,.F.);
#6083 = EDGE_CURVE('',#6048,#6075,#6084,.T.);
#6084 = LINE('',#6085,#6086);
#6085 = CARTESIAN_POINT('',(153.73343672766,290.51583038,15.061200334043
    ));
#6086 = VECTOR('',#6087,1.);
#6087 = DIRECTION('',(-1.81099551976E-02,0.999275016864,
    3.348835909615E-02));
#6088 = ORIENTED_EDGE('',*,*,#6056,.T.);
#6089 = ORIENTED_EDGE('',*,*,#4922,.T.);
#6090 = CYLINDRICAL_SURFACE('',#6091,2.5);
#6091 = AXIS2_PLACEMENT_3D('',#6092,#6093,#6094);
#6092 = CARTESIAN_POINT('',(153.73343672766,290.59956501011,
    12.562603025207));
#6093 = DIRECTION('',(-1.81099551976E-02,0.999275016864,
    3.348835909615E-02));
#6094 = DIRECTION('',(1.084202172486E-19,-3.349385204389E-02,
    0.999438923534));
#6095 = ADVANCED_FACE('',(#6096),#6110,.T.);
#6096 = FACE_BOUND('',#6097,.T.);
#6097 = EDGE_LOOP('',(#6098,#6099,#6106,#6107,#6108,#6109));
#6098 = ORIENTED_EDGE('',*,*,#5260,.F.);
#6099 = ORIENTED_EDGE('',*,*,#6100,.T.);
#6100 = EDGE_CURVE('',#5261,#6075,#6101,.T.);
#6101 = CIRCLE('',#6102,2.5);
#6102 = AXIS2_PLACEMENT_3D('',#6103,#6104,#6105);
#6103 = CARTESIAN_POINT('',(152.84901396714,339.40043498988,
    14.198049754594));
#6104 = DIRECTION('',(-1.81099551976E-02,0.999275016864,
    3.348835909615E-02));
#6105 = DIRECTION('',(2.168404344971E-19,-3.349385204389E-02,
    0.999438923534));
#6106 = ORIENTED_EDGE('',*,*,#6074,.T.);
#6107 = ORIENTED_EDGE('',*,*,#4915,.T.);
#6108 = ORIENTED_EDGE('',*,*,#5560,.F.);
#6109 = ORIENTED_EDGE('',*,*,#5601,.F.);
#6110 = PLANE('',#6111);
#6111 = AXIS2_PLACEMENT_3D('',#6112,#6113,#6114);
#6112 = CARTESIAN_POINT('',(152.84901396714,339.40043498988,
    14.198049754594));
#6113 = DIRECTION('',(-1.81099551976E-02,0.999275016864,
    3.348835909615E-02));
#6114 = DIRECTION('',(1.084202172486E-19,-3.349385204389E-02,
    0.999438923534));
#6115 = ADVANCED_FACE('',(#6116),#6128,.T.);
#6116 = FACE_BOUND('',#6117,.T.);
#6117 = EDGE_LOOP('',(#6118,#6125,#6126,#6127));
#6118 = ORIENTED_EDGE('',*,*,#6119,.F.);
#6119 = EDGE_CURVE('',#5214,#5389,#6120,.T.);
#6120 = CIRCLE('',#6121,0.95);
#6121 = AXIS2_PLACEMENT_3D('',#6122,#6123,#6124);
#6122 = CARTESIAN_POINT('',(156.46276682106,140.,7.515611728845));
#6123 = DIRECTION('',(-1.81099551976E-02,0.999275016864,
    3.348835909615E-02));
#6124 = DIRECTION('',(2.168404344971E-19,-3.349385204389E-02,
    0.999438923534));
#6125 = ORIENTED_EDGE('',*,*,#5222,.T.);
#6126 = ORIENTED_EDGE('',*,*,#5832,.T.);
#6127 = ORIENTED_EDGE('',*,*,#5388,.F.);
#6128 = PLANE('',#6129);
#6129 = AXIS2_PLACEMENT_3D('',#6130,#6131,#6132);
#6130 = CARTESIAN_POINT('',(156.46276682106,140.,7.515611728845));
#6131 = DIRECTION('',(-1.81099551976E-02,0.999275016864,
    3.348835909615E-02));
#6132 = DIRECTION('',(1.084202172486E-19,-3.349385204389E-02,
    0.999438923534));
#6133 = ADVANCED_FACE('',(#6134),#6139,.F.);
#6134 = FACE_BOUND('',#6135,.F.);
#6135 = EDGE_LOOP('',(#6136,#6137,#6138));
#6136 = ORIENTED_EDGE('',*,*,#6119,.F.);
#6137 = ORIENTED_EDGE('',*,*,#5213,.T.);
#6138 = ORIENTED_EDGE('',*,*,#5395,.T.);
#6139 = CYLINDRICAL_SURFACE('',#6140,0.95);
#6140 = AXIS2_PLACEMENT_3D('',#6141,#6142,#6143);
#6141 = CARTESIAN_POINT('',(156.82496592502,120.01449966272,
    6.845844546922));
#6142 = DIRECTION('',(-1.81099551976E-02,0.999275016864,
    3.348835909615E-02));
#6143 = DIRECTION('',(1.084202172486E-19,-3.349385204389E-02,
    0.999438923534));
#6144 = ADVANCED_FACE('',(#6145),#6151,.T.);
#6145 = FACE_BOUND('',#6146,.T.);
#6146 = EDGE_LOOP('',(#6147,#6148,#6149,#6150));
#6147 = ORIENTED_EDGE('',*,*,#5775,.T.);
#6148 = ORIENTED_EDGE('',*,*,#5792,.F.);
#6149 = ORIENTED_EDGE('',*,*,#5446,.F.);
#6150 = ORIENTED_EDGE('',*,*,#5739,.T.);
#6151 = CYLINDRICAL_SURFACE('',#6152,2.5);
#6152 = AXIS2_PLACEMENT_3D('',#6153,#6154,#6155);
#6153 = CARTESIAN_POINT('',(151.92112731414,390.59956501011,
    15.913868545811));
#6154 = DIRECTION('',(-1.81099551976E-02,0.999275016864,
    3.348835909615E-02));
#6155 = DIRECTION('',(1.084202172486E-19,-3.349385204389E-02,
    0.999438923534));
#6156 = ADVANCED_FACE('',(#6157),#6163,.T.);
#6157 = FACE_BOUND('',#6158,.T.);
#6158 = EDGE_LOOP('',(#6159,#6160,#6161,#6162));
#6159 = ORIENTED_EDGE('',*,*,#5962,.T.);
#6160 = ORIENTED_EDGE('',*,*,#5979,.F.);
#6161 = ORIENTED_EDGE('',*,*,#5341,.F.);
#6162 = ORIENTED_EDGE('',*,*,#5926,.T.);
#6163 = CYLINDRICAL_SURFACE('',#6164,2.5);
#6164 = AXIS2_PLACEMENT_3D('',#6165,#6166,#6167);
#6165 = CARTESIAN_POINT('',(155.54574614118,190.59956501011,
    9.211337504604));
#6166 = DIRECTION('',(-1.81099551976E-02,0.999275016864,
    3.348835909615E-02));
#6167 = DIRECTION('',(1.084202172486E-19,-3.349385204389E-02,
    0.999438923534));
#6168 = ADVANCED_FACE('',(#6169),#6175,.T.);
#6169 = FACE_BOUND('',#6170,.T.);
#6170 = EDGE_LOOP('',(#6171,#6172,#6173,#6174));
#6171 = ORIENTED_EDGE('',*,*,#6083,.T.);
#6172 = ORIENTED_EDGE('',*,*,#6100,.F.);
#6173 = ORIENTED_EDGE('',*,*,#5267,.F.);
#6174 = ORIENTED_EDGE('',*,*,#6047,.T.);
#6175 = CYLINDRICAL_SURFACE('',#6176,2.5);
#6176 = AXIS2_PLACEMENT_3D('',#6177,#6178,#6179);
#6177 = CARTESIAN_POINT('',(153.73343672766,290.59956501011,
    12.562603025207));
#6178 = DIRECTION('',(-1.81099551976E-02,0.999275016864,
    3.348835909615E-02));
#6179 = DIRECTION('',(1.084202172486E-19,-3.349385204389E-02,
    0.999438923534));
#6180 = ( GEOMETRIC_REPRESENTATION_CONTEXT(3) 
GLOBAL_UNCERTAINTY_ASSIGNED_CONTEXT((#6184)) 
GLOBAL_UNIT_ASSIGNED_CONTEXT((#6181,#6182,#6183)) REPRESENTATION_CONTEXT
('Context #1','3D Context with UNIT and UNCERTAINTY') );
#6181 = ( LENGTH_UNIT() NAMED_UNIT(*) SI_UNIT(.MILLI.,.METRE.) );
#6182 = ( NAMED_UNIT(*) PLANE_ANGLE_UNIT() SI_UNIT($,.RADIAN.) );
#6183 = ( NAMED_UNIT(*) SI_UNIT($,.STERADIAN.) SOLID_ANGLE_UNIT() );
#6184 = UNCERTAINTY_MEASURE_WITH_UNIT(LENGTH_MEASURE(1.E-04),#6181,
  'distance_accuracy_value','confusion accuracy');
#6185 = PRODUCT_RELATED_PRODUCT_CATEGORY('part',$,(#7));
ENDSEC;
END-ISO-10303-21;
